timestamp,GC=F,GLD,consensus_price
2026-07-21 00:00:00-04:00,4052.60009765625,367.5899963378906,4034.644923868128
2026-07-21 00:01:00-04:00,4052.5,367.5899963378906,4034.594875040003
2026-07-21 00:02:00-04:00,4052.39990234375,367.5899963378906,4034.544826211878
2026-07-21 00:03:00-04:00,4051.699951171875,367.5899963378906,4034.1948506259405
2026-07-21 00:04:00-04:00,4052.800048828125,367.5899963378906,4034.7448994540655
2026-07-21 00:05:00-04:00,4054.199951171875,367.5899963378906,4035.4448506259405
2026-07-21 00:06:00-04:00,4052.699951171875,367.5899963378906,4034.6948506259405
2026-07-21 00:07:00-04:00,4052.300048828125,367.5899963378906,4034.4948994540655
2026-07-21 00:08:00-04:00,4053.300048828125,367.5899963378906,4034.9948994540655
2026-07-21 00:09:00-04:00,4053.300048828125,367.5899963378906,4034.9948994540655
2026-07-21 00:10:00-04:00,4050.699951171875,367.5899963378906,4033.6948506259405
2026-07-21 00:11:00-04:00,4050.39990234375,367.5899963378906,4033.544826211878
2026-07-21 00:12:00-04:00,4050.89990234375,367.5899963378906,4033.794826211878
2026-07-21 00:13:00-04:00,4050.800048828125,367.5899963378906,4033.7448994540655
2026-07-21 00:14:00-04:00,4050.699951171875,367.5899963378906,4033.6948506259405
2026-07-21 00:15:00-04:00,4050.60009765625,367.5899963378906,4033.644923868128
2026-07-21 00:16:00-04:00,4051.0,367.5899963378906,4033.844875040003
2026-07-21 00:17:00-04:00,4050.39990234375,367.5899963378906,4033.544826211878
2026-07-21 00:18:00-04:00,4049.5,367.5899963378906,4033.094875040003
2026-07-21 00:19:00-04:00,4048.89990234375,367.5899963378906,4032.794826211878
2026-07-21 00:20:00-04:00,4051.39990234375,367.5899963378906,4034.044826211878
2026-07-21 00:21:00-04:00,4050.0,367.5899963378906,4033.344875040003
2026-07-21 00:22:00-04:00,4049.300048828125,367.5899963378906,4032.9948994540655
2026-07-21 00:23:00-04:00,4049.800048828125,367.5899963378906,4033.2448994540655
2026-07-21 00:24:00-04:00,4049.60009765625,367.5899963378906,4033.144923868128
2026-07-21 00:25:00-04:00,4049.0,367.5899963378906,4032.844875040003
2026-07-21 00:26:00-04:00,4048.89990234375,367.5899963378906,4032.794826211878
2026-07-21 00:27:00-04:00,4048.5,367.5899963378906,4032.594875040003
2026-07-21 00:28:00-04:00,4049.60009765625,367.5899963378906,4033.144923868128
2026-07-21 00:29:00-04:00,4049.5,367.5899963378906,4033.094875040003
2026-07-21 00:30:00-04:00,4050.199951171875,367.5899963378906,4033.4448506259405
2026-07-21 00:31:00-04:00,4050.0,367.5899963378906,4033.344875040003
2026-07-21 00:32:00-04:00,4050.10009765625,367.5899963378906,4033.394923868128
2026-07-21 00:33:00-04:00,4050.5,367.5899963378906,4033.594875040003
2026-07-21 00:34:00-04:00,4050.5,367.5899963378906,4033.594875040003
2026-07-21 00:35:00-04:00,4050.5,367.5899963378906,4033.594875040003
2026-07-21 00:36:00-04:00,4050.0,367.5899963378906,4033.344875040003
2026-07-21 00:37:00-04:00,4051.39990234375,367.5899963378906,4034.044826211878
2026-07-21 00:38:00-04:00,4050.800048828125,367.5899963378906,4033.7448994540655
2026-07-21 00:39:00-04:00,4050.89990234375,367.5899963378906,4033.794826211878
2026-07-21 00:40:00-04:00,4050.800048828125,367.5899963378906,4033.7448994540655
2026-07-21 00:41:00-04:00,4049.89990234375,367.5899963378906,4033.294826211878
2026-07-21 00:42:00-04:00,4052.300048828125,367.5899963378906,4034.4948994540655
2026-07-21 00:43:00-04:00,4051.89990234375,367.5899963378906,4034.294826211878
2026-07-21 00:44:00-04:00,4051.89990234375,367.5899963378906,4034.294826211878
2026-07-21 00:45:00-04:00,4050.60009765625,367.5899963378906,4033.644923868128
2026-07-21 00:46:00-04:00,4050.89990234375,367.5899963378906,4033.794826211878
2026-07-21 00:47:00-04:00,4052.300048828125,367.5899963378906,4034.4948994540655
2026-07-21 00:48:00-04:00,4051.699951171875,367.5899963378906,4034.1948506259405
2026-07-21 00:49:00-04:00,4051.0,367.5899963378906,4033.844875040003
2026-07-21 00:50:00-04:00,4050.800048828125,367.5899963378906,4033.7448994540655
2026-07-21 00:51:00-04:00,4050.5,367.5899963378906,4033.594875040003
2026-07-21 00:52:00-04:00,4051.800048828125,367.5899963378906,4034.2448994540655
2026-07-21 00:53:00-04:00,4051.39990234375,367.5899963378906,4034.044826211878
2026-07-21 00:54:00-04:00,4051.89990234375,367.5899963378906,4034.294826211878
2026-07-21 00:55:00-04:00,4052.300048828125,367.5899963378906,4034.4948994540655
2026-07-21 00:56:00-04:00,4052.800048828125,367.5899963378906,4034.7448994540655
2026-07-21 00:57:00-04:00,4053.5,367.5899963378906,4035.094875040003
2026-07-21 00:58:00-04:00,4053.699951171875,367.5899963378906,4035.1948506259405
2026-07-21 00:59:00-04:00,4054.300048828125,367.5899963378906,4035.4948994540655
2026-07-21 01:00:00-04:00,4054.39990234375,367.5899963378906,4035.544826211878
2026-07-21 01:01:00-04:00,4053.39990234375,367.5899963378906,4035.044826211878
2026-07-21 01:02:00-04:00,4053.5,367.5899963378906,4035.094875040003
2026-07-21 01:03:00-04:00,4053.300048828125,367.5899963378906,4034.9948994540655
2026-07-21 01:04:00-04:00,4053.300048828125,367.5899963378906,4034.9948994540655
2026-07-21 01:05:00-04:00,4052.699951171875,367.5899963378906,4034.6948506259405
2026-07-21 01:06:00-04:00,4051.800048828125,367.5899963378906,4034.2448994540655
2026-07-21 01:07:00-04:00,4053.89990234375,367.5899963378906,4035.294826211878
2026-07-21 01:08:00-04:00,4053.5,367.5899963378906,4035.094875040003
2026-07-21 01:09:00-04:00,4055.0,367.5899963378906,4035.844875040003
2026-07-21 01:10:00-04:00,4054.300048828125,367.5899963378906,4035.4948994540655
2026-07-21 01:11:00-04:00,4053.10009765625,367.5899963378906,4034.894923868128
2026-07-21 01:12:00-04:00,4054.60009765625,367.5899963378906,4035.644923868128
2026-07-21 01:13:00-04:00,4056.10009765625,367.5899963378906,4036.394923868128
2026-07-21 01:14:00-04:00,4056.300048828125,367.5899963378906,4036.4948994540655
2026-07-21 01:15:00-04:00,4055.800048828125,367.5899963378906,4036.2448994540655
2026-07-21 01:16:00-04:00,4054.39990234375,367.5899963378906,4035.544826211878
2026-07-21 01:17:00-04:00,4054.60009765625,367.5899963378906,4035.644923868128
2026-07-21 01:18:00-04:00,4055.10009765625,367.5899963378906,4035.894923868128
2026-07-21 01:19:00-04:00,4055.5,367.5899963378906,4036.094875040003
2026-07-21 01:20:00-04:00,4053.199951171875,367.5899963378906,4034.9448506259405
2026-07-21 01:21:00-04:00,4054.10009765625,367.5899963378906,4035.394923868128
2026-07-21 01:22:00-04:00,4054.0,367.5899963378906,4035.344875040003
2026-07-21 01:23:00-04:00,4053.89990234375,367.5899963378906,4035.294826211878
2026-07-21 01:24:00-04:00,4056.0,367.5899963378906,4036.344875040003
2026-07-21 01:25:00-04:00,4059.699951171875,367.5899963378906,4038.1948506259405
2026-07-21 01:26:00-04:00,4060.0,367.5899963378906,4038.344875040003
2026-07-21 01:27:00-04:00,4058.800048828125,367.5899963378906,4037.7448994540655
2026-07-21 01:28:00-04:00,4058.699951171875,367.5899963378906,4037.6948506259405
2026-07-21 01:29:00-04:00,4058.89990234375,367.5899963378906,4037.794826211878
2026-07-21 01:30:00-04:00,4062.10009765625,367.5899963378906,4039.394923868128
2026-07-21 01:31:00-04:00,4061.800048828125,367.5899963378906,4039.2448994540655
2026-07-21 01:32:00-04:00,4062.199951171875,367.5899963378906,4039.4448506259405
2026-07-21 01:33:00-04:00,4063.89990234375,367.5899963378906,4040.294826211878
2026-07-21 01:34:00-04:00,4064.60009765625,367.5899963378906,4040.644923868128
2026-07-21 01:35:00-04:00,4065.5,367.5899963378906,4041.094875040003
2026-07-21 01:36:00-04:00,4066.5,367.5899963378906,4041.594875040003
2026-07-21 01:37:00-04:00,4063.800048828125,367.5899963378906,4040.2448994540655
2026-07-21 01:38:00-04:00,4064.199951171875,367.5899963378906,4040.4448506259405
2026-07-21 01:39:00-04:00,4066.0,367.5899963378906,4041.344875040003
2026-07-21 01:40:00-04:00,4069.0,367.5899963378906,4042.844875040003
2026-07-21 01:41:00-04:00,4069.199951171875,367.5899963378906,4042.9448506259405
2026-07-21 01:42:00-04:00,4069.199951171875,367.5899963378906,4042.9448506259405
2026-07-21 01:43:00-04:00,4070.39990234375,367.5899963378906,4043.544826211878
2026-07-21 01:44:00-04:00,4070.89990234375,367.5899963378906,4043.794826211878
2026-07-21 01:45:00-04:00,4069.60009765625,367.5899963378906,4043.144923868128
2026-07-21 01:46:00-04:00,4072.199951171875,367.5899963378906,4044.4448506259405
2026-07-21 01:47:00-04:00,4071.10009765625,367.5899963378906,4043.894923868128
2026-07-21 01:48:00-04:00,4071.5,367.5899963378906,4044.094875040003
2026-07-21 01:49:00-04:00,4070.89990234375,367.5899963378906,4043.794826211878
2026-07-21 01:50:00-04:00,4070.300048828125,367.5899963378906,4043.4948994540655
2026-07-21 01:51:00-04:00,4068.199951171875,367.5899963378906,4042.4448506259405
2026-07-21 01:52:00-04:00,4068.10009765625,367.5899963378906,4042.394923868128
2026-07-21 01:53:00-04:00,4068.300048828125,367.5899963378906,4042.4948994540655
2026-07-21 01:54:00-04:00,4067.699951171875,367.5899963378906,4042.1948506259405
2026-07-21 01:55:00-04:00,4068.800048828125,367.5899963378906,4042.7448994540655
2026-07-21 01:56:00-04:00,4068.10009765625,367.5899963378906,4042.394923868128
2026-07-21 01:57:00-04:00,4067.300048828125,367.5899963378906,4041.9948994540655
2026-07-21 01:58:00-04:00,4066.5,367.5899963378906,4041.594875040003
2026-07-21 01:59:00-04:00,4066.0,367.5899963378906,4041.344875040003
2026-07-21 02:00:00-04:00,4068.800048828125,367.5899963378906,4042.7448994540655
2026-07-21 02:01:00-04:00,4068.60009765625,367.5899963378906,4042.644923868128
2026-07-21 02:02:00-04:00,4069.5,367.5899963378906,4043.094875040003
2026-07-21 02:03:00-04:00,4071.0,367.5899963378906,4043.844875040003
2026-07-21 02:04:00-04:00,4069.5,367.5899963378906,4043.094875040003
2026-07-21 02:05:00-04:00,4069.60009765625,367.5899963378906,4043.144923868128
2026-07-21 02:06:00-04:00,4068.800048828125,367.5899963378906,4042.7448994540655
2026-07-21 02:07:00-04:00,4068.5,367.5899963378906,4042.594875040003
2026-07-21 02:08:00-04:00,4070.300048828125,367.5899963378906,4043.4948994540655
2026-07-21 02:09:00-04:00,4072.0,367.5899963378906,4044.344875040003
2026-07-21 02:10:00-04:00,4072.300048828125,367.5899963378906,4044.4948994540655
2026-07-21 02:11:00-04:00,4074.300048828125,367.5899963378906,4045.4948994540655
2026-07-21 02:12:00-04:00,4074.300048828125,367.5899963378906,4045.4948994540655
2026-07-21 02:13:00-04:00,4075.10009765625,367.5899963378906,4045.894923868128
2026-07-21 02:14:00-04:00,4075.699951171875,367.5899963378906,4046.1948506259405
2026-07-21 02:15:00-04:00,4075.199951171875,367.5899963378906,4045.9448506259405
2026-07-21 02:16:00-04:00,4075.300048828125,367.5899963378906,4045.9948994540655
2026-07-21 02:17:00-04:00,4074.699951171875,367.5899963378906,4045.6948506259405
2026-07-21 02:18:00-04:00,4075.0,367.5899963378906,4045.844875040003
2026-07-21 02:19:00-04:00,4076.0,367.5899963378906,4046.344875040003
2026-07-21 02:20:00-04:00,4074.300048828125,367.5899963378906,4045.4948994540655
2026-07-21 02:21:00-04:00,4075.60009765625,367.5899963378906,4046.144923868128
2026-07-21 02:22:00-04:00,4077.0,367.5899963378906,4046.844875040003
2026-07-21 02:23:00-04:00,4077.800048828125,367.5899963378906,4047.2448994540655
2026-07-21 02:24:00-04:00,4077.699951171875,367.5899963378906,4047.1948506259405
2026-07-21 02:25:00-04:00,4077.10009765625,367.5899963378906,4046.894923868128
2026-07-21 02:26:00-04:00,4076.39990234375,367.5899963378906,4046.544826211878
2026-07-21 02:27:00-04:00,4076.300048828125,367.5899963378906,4046.4948994540655
2026-07-21 02:28:00-04:00,4076.0,367.5899963378906,4046.344875040003
2026-07-21 02:29:00-04:00,4076.89990234375,367.5899963378906,4046.794826211878
2026-07-21 02:30:00-04:00,4077.0,367.5899963378906,4046.844875040003
2026-07-21 02:31:00-04:00,4076.699951171875,367.5899963378906,4046.6948506259405
2026-07-21 02:32:00-04:00,4078.10009765625,367.5899963378906,4047.394923868128
2026-07-21 02:33:00-04:00,4077.0,367.5899963378906,4046.844875040003
2026-07-21 02:34:00-04:00,4077.0,367.5899963378906,4046.844875040003
2026-07-21 02:35:00-04:00,4077.800048828125,367.5899963378906,4047.2448994540655
2026-07-21 02:36:00-04:00,4078.39990234375,367.5899963378906,4047.544826211878
2026-07-21 02:37:00-04:00,4078.699951171875,367.5899963378906,4047.6948506259405
2026-07-21 02:38:00-04:00,4078.60009765625,367.5899963378906,4047.644923868128
2026-07-21 02:39:00-04:00,4079.0,367.5899963378906,4047.844875040003
2026-07-21 02:40:00-04:00,4078.60009765625,367.5899963378906,4047.644923868128
2026-07-21 02:41:00-04:00,4083.300048828125,367.5899963378906,4049.9948994540655
2026-07-21 02:42:00-04:00,4082.5,367.5899963378906,4049.594875040003
2026-07-21 02:43:00-04:00,4082.5,367.5899963378906,4049.594875040003
2026-07-21 02:44:00-04:00,4081.60009765625,367.5899963378906,4049.144923868128
2026-07-21 02:45:00-04:00,4083.5,367.5899963378906,4050.094875040003
2026-07-21 02:46:00-04:00,4083.699951171875,367.5899963378906,4050.1948506259405
2026-07-21 02:47:00-04:00,4083.800048828125,367.5899963378906,4050.2448994540655
2026-07-21 02:48:00-04:00,4087.0,367.5899963378906,4051.844875040003
2026-07-21 02:49:00-04:00,4087.39990234375,367.5899963378906,4052.044826211878
2026-07-21 02:50:00-04:00,4084.199951171875,367.5899963378906,4050.4448506259405
2026-07-21 02:51:00-04:00,4083.800048828125,367.5899963378906,4050.2448994540655
2026-07-21 02:52:00-04:00,4085.199951171875,367.5899963378906,4050.9448506259405
2026-07-21 02:53:00-04:00,4084.300048828125,367.5899963378906,4050.4948994540655
2026-07-21 02:54:00-04:00,4084.39990234375,367.5899963378906,4050.544826211878
2026-07-21 02:55:00-04:00,4084.10009765625,367.5899963378906,4050.394923868128
2026-07-21 02:56:00-04:00,4084.699951171875,367.5899963378906,4050.6948506259405
2026-07-21 02:57:00-04:00,4083.5,367.5899963378906,4050.094875040003
2026-07-21 02:58:00-04:00,4083.5,367.5899963378906,4050.094875040003
2026-07-21 02:59:00-04:00,4083.0,367.5899963378906,4049.844875040003
2026-07-21 03:00:00-04:00,4082.199951171875,367.5899963378906,4049.4448506259405
2026-07-21 03:01:00-04:00,4082.800048828125,367.5899963378906,4049.7448994540655
2026-07-21 03:02:00-04:00,4082.89990234375,367.5899963378906,4049.794826211878
2026-07-21 03:03:00-04:00,4082.5,367.5899963378906,4049.594875040003
2026-07-21 03:04:00-04:00,4082.10009765625,367.5899963378906,4049.394923868128
2026-07-21 03:05:00-04:00,4080.800048828125,367.5899963378906,4048.7448994540655
2026-07-21 03:06:00-04:00,4081.60009765625,367.5899963378906,4049.144923868128
2026-07-21 03:07:00-04:00,4081.39990234375,367.5899963378906,4049.044826211878
2026-07-21 03:08:00-04:00,4081.0,367.5899963378906,4048.844875040003
2026-07-21 03:09:00-04:00,4079.199951171875,367.5899963378906,4047.9448506259405
2026-07-21 03:10:00-04:00,4078.89990234375,367.5899963378906,4047.794826211878
2026-07-21 03:11:00-04:00,4077.5,367.5899963378906,4047.094875040003
2026-07-21 03:12:00-04:00,4076.5,367.5899963378906,4046.594875040003
2026-07-21 03:13:00-04:00,4076.800048828125,367.5899963378906,4046.7448994540655
2026-07-21 03:14:00-04:00,4076.39990234375,367.5899963378906,4046.544826211878
2026-07-21 03:15:00-04:00,4075.60009765625,367.5899963378906,4046.144923868128
2026-07-21 03:16:00-04:00,4076.699951171875,367.5899963378906,4046.6948506259405
2026-07-21 03:17:00-04:00,4076.39990234375,367.5899963378906,4046.544826211878
2026-07-21 03:18:00-04:00,4076.699951171875,367.5899963378906,4046.6948506259405
2026-07-21 03:19:00-04:00,4078.0,367.5899963378906,4047.344875040003
2026-07-21 03:20:00-04:00,4076.0,367.5899963378906,4046.344875040003
2026-07-21 03:21:00-04:00,4075.699951171875,367.5899963378906,4046.1948506259405
2026-07-21 03:22:00-04:00,4076.39990234375,367.5899963378906,4046.544826211878
2026-07-21 03:23:00-04:00,4075.800048828125,367.5899963378906,4046.2448994540655
2026-07-21 03:24:00-04:00,4075.300048828125,367.5899963378906,4045.9948994540655
2026-07-21 03:25:00-04:00,4074.5,367.5899963378906,4045.594875040003
2026-07-21 03:26:00-04:00,4074.0,367.5899963378906,4045.344875040003
2026-07-21 03:27:00-04:00,4072.89990234375,367.5899963378906,4044.794826211878
2026-07-21 03:28:00-04:00,4074.699951171875,367.5899963378906,4045.6948506259405
2026-07-21 03:29:00-04:00,4074.10009765625,367.5899963378906,4045.394923868128
2026-07-21 03:30:00-04:00,4072.60009765625,367.5899963378906,4044.644923868128
2026-07-21 03:31:00-04:00,4072.199951171875,367.5899963378906,4044.4448506259405
2026-07-21 03:32:00-04:00,4075.0,367.5899963378906,4045.844875040003
2026-07-21 03:33:00-04:00,4076.5,367.5899963378906,4046.594875040003
2026-07-21 03:34:00-04:00,4077.699951171875,367.5899963378906,4047.1948506259405
2026-07-21 03:35:00-04:00,4079.0,367.5899963378906,4047.844875040003
2026-07-21 03:36:00-04:00,4078.699951171875,367.5899963378906,4047.6948506259405
2026-07-21 03:37:00-04:00,4077.39990234375,367.5899963378906,4047.044826211878
2026-07-21 03:38:00-04:00,4078.300048828125,367.5899963378906,4047.4948994540655
2026-07-21 03:39:00-04:00,4077.5,367.5899963378906,4047.094875040003
2026-07-21 03:40:00-04:00,4077.699951171875,367.5899963378906,4047.1948506259405
2026-07-21 03:41:00-04:00,4078.39990234375,367.5899963378906,4047.544826211878
2026-07-21 03:42:00-04:00,4077.300048828125,367.5899963378906,4046.9948994540655
2026-07-21 03:43:00-04:00,4076.800048828125,367.5899963378906,4046.7448994540655
2026-07-21 03:44:00-04:00,4075.800048828125,367.5899963378906,4046.2448994540655
2026-07-21 03:45:00-04:00,4076.0,367.5899963378906,4046.344875040003
2026-07-21 03:46:00-04:00,4075.199951171875,367.5899963378906,4045.9448506259405
2026-07-21 03:47:00-04:00,4075.800048828125,367.5899963378906,4046.2448994540655
2026-07-21 03:48:00-04:00,4076.39990234375,367.5899963378906,4046.544826211878
2026-07-21 03:49:00-04:00,4075.89990234375,367.5899963378906,4046.294826211878
2026-07-21 03:50:00-04:00,4076.0,367.5899963378906,4046.344875040003
2026-07-21 03:51:00-04:00,4076.0,367.5899963378906,4046.344875040003
2026-07-21 03:52:00-04:00,4075.800048828125,367.5899963378906,4046.2448994540655
2026-07-21 03:53:00-04:00,4075.0,367.5899963378906,4045.844875040003
2026-07-21 03:54:00-04:00,4075.0,367.5899963378906,4045.844875040003
2026-07-21 03:55:00-04:00,4075.199951171875,367.5899963378906,4045.9448506259405
2026-07-21 03:56:00-04:00,4075.60009765625,367.5899963378906,4046.144923868128
2026-07-21 03:57:00-04:00,4074.800048828125,367.5899963378906,4045.7448994540655
2026-07-21 03:58:00-04:00,4075.0,367.5899963378906,4045.844875040003
2026-07-21 03:59:00-04:00,4075.699951171875,367.5899963378906,4046.1948506259405
2026-07-21 04:00:00-04:00,4074.10009765625,367.5899963378906,4045.394923868128
2026-07-21 04:01:00-04:00,4072.800048828125,367.5899963378906,4044.7448994540655
2026-07-21 04:02:00-04:00,4071.800048828125,367.5899963378906,4044.2448994540655
2026-07-21 04:03:00-04:00,4071.199951171875,367.5899963378906,4043.9448506259405
2026-07-21 04:04:00-04:00,4070.60009765625,367.5899963378906,4043.644923868128
2026-07-21 04:05:00-04:00,4072.89990234375,367.5899963378906,4044.794826211878
2026-07-21 04:06:00-04:00,4074.199951171875,367.5899963378906,4045.4448506259405
2026-07-21 04:07:00-04:00,4071.199951171875,367.5899963378906,4043.9448506259405
2026-07-21 04:08:00-04:00,4071.0,367.5899963378906,4043.844875040003
2026-07-21 04:09:00-04:00,4071.39990234375,367.5899963378906,4044.044826211878
2026-07-21 04:10:00-04:00,4071.60009765625,367.5899963378906,4044.144923868128
2026-07-21 04:11:00-04:00,4071.60009765625,367.5899963378906,4044.144923868128
2026-07-21 04:12:00-04:00,4071.5,367.5899963378906,4044.094875040003
2026-07-21 04:13:00-04:00,4072.39990234375,367.5899963378906,4044.544826211878
2026-07-21 04:14:00-04:00,4072.5,367.5899963378906,4044.594875040003
2026-07-21 04:15:00-04:00,4072.5,367.5899963378906,4044.594875040003
2026-07-21 04:16:00-04:00,4072.5,367.5899963378906,4044.594875040003
2026-07-21 04:17:00-04:00,4071.800048828125,367.5899963378906,4044.2448994540655
2026-07-21 04:18:00-04:00,4070.89990234375,367.5899963378906,4043.794826211878
2026-07-21 04:19:00-04:00,4071.5,367.5899963378906,4044.094875040003
2026-07-21 04:20:00-04:00,4069.5,367.5899963378906,4043.094875040003
2026-07-21 04:21:00-04:00,4069.39990234375,367.5899963378906,4043.044826211878
2026-07-21 04:22:00-04:00,4068.800048828125,367.5899963378906,4042.7448994540655
2026-07-21 04:23:00-04:00,4068.5,367.5899963378906,4042.594875040003
2026-07-21 04:24:00-04:00,4068.60009765625,367.5899963378906,4042.644923868128
2026-07-21 04:25:00-04:00,4067.89990234375,367.5899963378906,4042.294826211878
2026-07-21 04:26:00-04:00,4067.89990234375,367.5899963378906,4042.294826211878
2026-07-21 04:27:00-04:00,4069.10009765625,367.5899963378906,4042.894923868128
2026-07-21 04:28:00-04:00,4068.0,367.5899963378906,4042.344875040003
2026-07-21 04:29:00-04:00,4067.89990234375,367.5899963378906,4042.294826211878
2026-07-21 04:30:00-04:00,4067.800048828125,367.5899963378906,4042.2448994540655
2026-07-21 04:31:00-04:00,4068.199951171875,367.5899963378906,4042.4448506259405
2026-07-21 04:32:00-04:00,4069.10009765625,367.5899963378906,4042.894923868128
2026-07-21 04:33:00-04:00,4069.0,367.5899963378906,4042.844875040003
2026-07-21 04:34:00-04:00,4067.199951171875,367.5899963378906,4041.9448506259405
2026-07-21 04:35:00-04:00,4067.10009765625,367.5899963378906,4041.894923868128
2026-07-21 04:36:00-04:00,4065.39990234375,367.5899963378906,4041.044826211878
2026-07-21 04:37:00-04:00,4066.60009765625,367.5899963378906,4041.644923868128
2026-07-21 04:38:00-04:00,4066.699951171875,367.5899963378906,4041.6948506259405
2026-07-21 04:39:00-04:00,4066.800048828125,367.5899963378906,4041.7448994540655
2026-07-21 04:40:00-04:00,4068.0,367.5899963378906,4042.344875040003
2026-07-21 04:41:00-04:00,4068.199951171875,367.5899963378906,4042.4448506259405
2026-07-21 04:42:00-04:00,4066.800048828125,367.5899963378906,4041.7448994540655
2026-07-21 04:43:00-04:00,4067.300048828125,367.5899963378906,4041.9948994540655
2026-07-21 04:44:00-04:00,4066.699951171875,367.5899963378906,4041.6948506259405
2026-07-21 04:45:00-04:00,4065.800048828125,367.5899963378906,4041.2448994540655
2026-07-21 04:46:00-04:00,4065.10009765625,367.5899963378906,4040.894923868128
2026-07-21 04:47:00-04:00,4064.89990234375,367.5899963378906,4040.794826211878
2026-07-21 04:48:00-04:00,4064.300048828125,367.5899963378906,4040.4948994540655
2026-07-21 04:49:00-04:00,4064.39990234375,367.5899963378906,4040.544826211878
2026-07-21 04:50:00-04:00,4064.199951171875,367.5899963378906,4040.4448506259405
2026-07-21 04:51:00-04:00,4065.39990234375,367.5899963378906,4041.044826211878
2026-07-21 04:52:00-04:00,4067.300048828125,367.5899963378906,4041.9948994540655
2026-07-21 04:53:00-04:00,4066.300048828125,367.5899963378906,4041.4948994540655
2026-07-21 04:54:00-04:00,4065.5,367.5899963378906,4041.094875040003
2026-07-21 04:55:00-04:00,4066.39990234375,367.5899963378906,4041.544826211878
2026-07-21 04:56:00-04:00,4066.800048828125,367.5899963378906,4041.7448994540655
2026-07-21 04:57:00-04:00,4066.10009765625,367.5899963378906,4041.394923868128
2026-07-21 04:58:00-04:00,4066.699951171875,367.5899963378906,4041.6948506259405
2026-07-21 04:59:00-04:00,4067.39990234375,367.5899963378906,4042.044826211878
2026-07-21 05:00:00-04:00,4067.699951171875,367.5899963378906,4042.1948506259405
2026-07-21 05:01:00-04:00,4068.39990234375,367.5899963378906,4042.544826211878
2026-07-21 05:02:00-04:00,4069.89990234375,367.5899963378906,4043.294826211878
2026-07-21 05:03:00-04:00,4070.10009765625,367.5899963378906,4043.394923868128
2026-07-21 05:04:00-04:00,4070.699951171875,367.5899963378906,4043.6948506259405
2026-07-21 05:05:00-04:00,4069.699951171875,367.5899963378906,4043.1948506259405
2026-07-21 05:06:00-04:00,4069.0,367.5899963378906,4042.844875040003
2026-07-21 05:07:00-04:00,4068.800048828125,367.5899963378906,4042.7448994540655
2026-07-21 05:08:00-04:00,4071.10009765625,367.5899963378906,4043.894923868128
2026-07-21 05:09:00-04:00,4070.60009765625,367.5899963378906,4043.644923868128
2026-07-21 05:10:00-04:00,4070.10009765625,367.5899963378906,4043.394923868128
2026-07-21 05:11:00-04:00,4069.60009765625,367.5899963378906,4043.144923868128
2026-07-21 05:12:00-04:00,4069.699951171875,367.5899963378906,4043.1948506259405
2026-07-21 05:13:00-04:00,4069.5,367.5899963378906,4043.094875040003
2026-07-21 05:14:00-04:00,4069.699951171875,367.5899963378906,4043.1948506259405
2026-07-21 05:15:00-04:00,4070.699951171875,367.5899963378906,4043.6948506259405
2026-07-21 05:16:00-04:00,4070.60009765625,367.5899963378906,4043.644923868128
2026-07-21 05:17:00-04:00,4070.800048828125,367.5899963378906,4043.7448994540655
2026-07-21 05:18:00-04:00,4070.699951171875,367.5899963378906,4043.6948506259405
2026-07-21 05:19:00-04:00,4071.10009765625,367.5899963378906,4043.894923868128
2026-07-21 05:20:00-04:00,4071.5,367.5899963378906,4044.094875040003
2026-07-21 05:21:00-04:00,4070.89990234375,367.5899963378906,4043.794826211878
2026-07-21 05:22:00-04:00,4072.10009765625,367.5899963378906,4044.394923868128
2026-07-21 05:23:00-04:00,4071.39990234375,367.5899963378906,4044.044826211878
2026-07-21 05:24:00-04:00,4071.39990234375,367.5899963378906,4044.044826211878
2026-07-21 05:25:00-04:00,4072.60009765625,367.5899963378906,4044.644923868128
2026-07-21 05:26:00-04:00,4070.60009765625,367.5899963378906,4043.644923868128
2026-07-21 05:27:00-04:00,4069.5,367.5899963378906,4043.094875040003
2026-07-21 05:28:00-04:00,4067.89990234375,367.5899963378906,4042.294826211878
2026-07-21 05:29:00-04:00,4067.300048828125,367.5899963378906,4041.9948994540655
2026-07-21 05:30:00-04:00,4067.199951171875,367.5899963378906,4041.9448506259405
2026-07-21 05:31:00-04:00,4068.0,367.5899963378906,4042.344875040003
2026-07-21 05:32:00-04:00,4068.10009765625,367.5899963378906,4042.394923868128
2026-07-21 05:33:00-04:00,4069.0,367.5899963378906,4042.844875040003
2026-07-21 05:34:00-04:00,4067.699951171875,367.5899963378906,4042.1948506259405
2026-07-21 05:35:00-04:00,4067.300048828125,367.5899963378906,4041.9948994540655
2026-07-21 05:36:00-04:00,4067.10009765625,367.5899963378906,4041.894923868128
2026-07-21 05:37:00-04:00,4068.10009765625,367.5899963378906,4042.394923868128
2026-07-21 05:38:00-04:00,4068.0,367.5899963378906,4042.344875040003
2026-07-21 05:39:00-04:00,4067.0,367.5899963378906,4041.844875040003
2026-07-21 05:40:00-04:00,4066.699951171875,367.5899963378906,4041.6948506259405
2026-07-21 05:41:00-04:00,4066.0,367.5899963378906,4041.344875040003
2026-07-21 05:42:00-04:00,4065.800048828125,367.5899963378906,4041.2448994540655
2026-07-21 05:43:00-04:00,4066.39990234375,367.5899963378906,4041.544826211878
2026-07-21 05:44:00-04:00,4067.0,367.5899963378906,4041.844875040003
2026-07-21 05:45:00-04:00,4067.699951171875,367.5899963378906,4042.1948506259405
2026-07-21 05:46:00-04:00,4069.10009765625,367.5899963378906,4042.894923868128
2026-07-21 05:47:00-04:00,4068.89990234375,367.5899963378906,4042.794826211878
2026-07-21 05:48:00-04:00,4070.699951171875,367.5899963378906,4043.6948506259405
2026-07-21 05:49:00-04:00,4070.800048828125,367.5899963378906,4043.7448994540655
2026-07-21 05:50:00-04:00,4069.199951171875,367.5899963378906,4042.9448506259405
2026-07-21 05:51:00-04:00,4072.0,367.5899963378906,4044.344875040003
2026-07-21 05:52:00-04:00,4072.199951171875,367.5899963378906,4044.4448506259405
2026-07-21 05:53:00-04:00,4073.60009765625,367.5899963378906,4045.144923868128
2026-07-21 05:54:00-04:00,4073.5,367.5899963378906,4045.094875040003
2026-07-21 05:55:00-04:00,4072.800048828125,367.5899963378906,4044.7448994540655
2026-07-21 05:56:00-04:00,4073.60009765625,367.5899963378906,4045.144923868128
2026-07-21 05:57:00-04:00,4071.800048828125,367.5899963378906,4044.2448994540655
2026-07-21 05:58:00-04:00,4072.300048828125,367.5899963378906,4044.4948994540655
2026-07-21 05:59:00-04:00,4070.199951171875,367.5899963378906,4043.4448506259405
2026-07-21 06:00:00-04:00,4070.199951171875,367.5899963378906,4043.4448506259405
2026-07-21 06:01:00-04:00,4070.89990234375,367.5899963378906,4043.794826211878
2026-07-21 06:02:00-04:00,4072.300048828125,367.5899963378906,4044.4948994540655
2026-07-21 06:03:00-04:00,4070.60009765625,367.5899963378906,4043.644923868128
2026-07-21 06:04:00-04:00,4068.39990234375,367.5899963378906,4042.544826211878
2026-07-21 06:05:00-04:00,4067.89990234375,367.5899963378906,4042.294826211878
2026-07-21 06:06:00-04:00,4067.699951171875,367.5899963378906,4042.1948506259405
2026-07-21 06:07:00-04:00,4067.5,367.5899963378906,4042.094875040003
2026-07-21 06:08:00-04:00,4067.10009765625,367.5899963378906,4041.894923868128
2026-07-21 06:09:00-04:00,4066.10009765625,367.5899963378906,4041.394923868128
2026-07-21 06:10:00-04:00,4068.800048828125,367.5899963378906,4042.7448994540655
2026-07-21 06:11:00-04:00,4072.5,367.5899963378906,4044.594875040003
2026-07-21 06:12:00-04:00,4070.800048828125,367.5899963378906,4043.7448994540655
2026-07-21 06:13:00-04:00,4071.5,367.5899963378906,4044.094875040003
2026-07-21 06:14:00-04:00,4070.89990234375,367.5899963378906,4043.794826211878
2026-07-21 06:15:00-04:00,4070.0,367.5899963378906,4043.344875040003
2026-07-21 06:16:00-04:00,4071.199951171875,367.5899963378906,4043.9448506259405
2026-07-21 06:17:00-04:00,4071.300048828125,367.5899963378906,4043.9948994540655
2026-07-21 06:18:00-04:00,4072.199951171875,367.5899963378906,4044.4448506259405
2026-07-21 06:19:00-04:00,4072.10009765625,367.5899963378906,4044.394923868128
2026-07-21 06:20:00-04:00,4072.199951171875,367.5899963378906,4044.4448506259405
2026-07-21 06:21:00-04:00,4072.300048828125,367.5899963378906,4044.4948994540655
2026-07-21 06:22:00-04:00,4072.199951171875,367.5899963378906,4044.4448506259405
2026-07-21 06:23:00-04:00,4072.800048828125,367.5899963378906,4044.7448994540655
2026-07-21 06:24:00-04:00,4071.800048828125,367.5899963378906,4044.2448994540655
2026-07-21 06:25:00-04:00,4073.5,367.5899963378906,4045.094875040003
2026-07-21 06:26:00-04:00,4073.60009765625,367.5899963378906,4045.144923868128
2026-07-21 06:27:00-04:00,4072.5,367.5899963378906,4044.594875040003
2026-07-21 06:28:00-04:00,4072.300048828125,367.5899963378906,4044.4948994540655
2026-07-21 06:29:00-04:00,4071.699951171875,367.5899963378906,4044.1948506259405
2026-07-21 06:30:00-04:00,4072.0,367.5899963378906,4044.344875040003
2026-07-21 06:31:00-04:00,4072.60009765625,367.5899963378906,4044.644923868128
2026-07-21 06:32:00-04:00,4072.699951171875,367.5899963378906,4044.6948506259405
2026-07-21 06:33:00-04:00,4071.800048828125,367.5899963378906,4044.2448994540655
2026-07-21 06:34:00-04:00,4073.300048828125,367.5899963378906,4044.9948994540655
2026-07-21 06:35:00-04:00,4072.800048828125,367.5899963378906,4044.7448994540655
2026-07-21 06:36:00-04:00,4074.10009765625,367.5899963378906,4045.394923868128
2026-07-21 06:37:00-04:00,4074.39990234375,367.5899963378906,4045.544826211878
2026-07-21 06:38:00-04:00,4073.800048828125,367.5899963378906,4045.2448994540655
2026-07-21 06:39:00-04:00,4073.60009765625,367.5899963378906,4045.144923868128
2026-07-21 06:40:00-04:00,4071.699951171875,367.5899963378906,4044.1948506259405
2026-07-21 06:41:00-04:00,4072.60009765625,367.5899963378906,4044.644923868128
2026-07-21 06:42:00-04:00,4072.0,367.5899963378906,4044.344875040003
2026-07-21 06:43:00-04:00,4072.199951171875,367.5899963378906,4044.4448506259405
2026-07-21 06:44:00-04:00,4071.699951171875,367.5899963378906,4044.1948506259405
2026-07-21 06:45:00-04:00,4072.89990234375,367.5899963378906,4044.794826211878
2026-07-21 06:46:00-04:00,4071.39990234375,367.5899963378906,4044.044826211878
2026-07-21 06:47:00-04:00,4068.800048828125,367.5899963378906,4042.7448994540655
2026-07-21 06:48:00-04:00,4068.39990234375,367.5899963378906,4042.544826211878
2026-07-21 06:49:00-04:00,4067.5,367.5899963378906,4042.094875040003
2026-07-21 06:50:00-04:00,4067.800048828125,367.5899963378906,4042.2448994540655
2026-07-21 06:51:00-04:00,4068.0,367.5899963378906,4042.344875040003
2026-07-21 06:52:00-04:00,4069.60009765625,367.5899963378906,4043.144923868128
2026-07-21 06:53:00-04:00,4070.199951171875,367.5899963378906,4043.4448506259405
2026-07-21 06:54:00-04:00,4069.5,367.5899963378906,4043.094875040003
2026-07-21 06:55:00-04:00,4068.89990234375,367.5899963378906,4042.794826211878
2026-07-21 06:56:00-04:00,4069.0,367.5899963378906,4042.844875040003
2026-07-21 06:57:00-04:00,4067.199951171875,367.5899963378906,4041.9448506259405
2026-07-21 06:58:00-04:00,4067.39990234375,367.5899963378906,4042.044826211878
2026-07-21 06:59:00-04:00,4067.300048828125,367.5899963378906,4041.9948994540655
2026-07-21 07:00:00-04:00,4065.5,367.5899963378906,4041.094875040003
2026-07-21 07:01:00-04:00,4065.199951171875,367.5899963378906,4040.9448506259405
2026-07-21 07:02:00-04:00,4065.199951171875,367.5899963378906,4040.9448506259405
2026-07-21 07:03:00-04:00,4064.199951171875,367.5899963378906,4040.4448506259405
2026-07-21 07:04:00-04:00,4061.10009765625,367.5899963378906,4038.894923868128
2026-07-21 07:05:00-04:00,4063.0,367.5899963378906,4039.844875040003
2026-07-21 07:06:00-04:00,4061.800048828125,367.5899963378906,4039.2448994540655
2026-07-21 07:07:00-04:00,4060.60009765625,367.5899963378906,4038.644923868128
2026-07-21 07:08:00-04:00,4061.0,367.5899963378906,4038.844875040003
2026-07-21 07:09:00-04:00,4060.60009765625,367.5899963378906,4038.644923868128
2026-07-21 07:10:00-04:00,4061.39990234375,367.5899963378906,4039.044826211878
2026-07-21 07:11:00-04:00,4062.800048828125,367.5899963378906,4039.7448994540655
2026-07-21 07:12:00-04:00,4062.800048828125,367.5899963378906,4039.7448994540655
2026-07-21 07:13:00-04:00,4062.10009765625,367.5899963378906,4039.394923868128
2026-07-21 07:14:00-04:00,4063.199951171875,367.5899963378906,4039.9448506259405
2026-07-21 07:15:00-04:00,4063.800048828125,367.5899963378906,4040.2448994540655
2026-07-21 07:16:00-04:00,4062.89990234375,367.5899963378906,4039.794826211878
2026-07-21 07:17:00-04:00,4063.0,367.5899963378906,4039.844875040003
2026-07-21 07:18:00-04:00,4063.60009765625,367.5899963378906,4040.144923868128
2026-07-21 07:19:00-04:00,4062.39990234375,367.5899963378906,4039.544826211878
2026-07-21 07:20:00-04:00,4061.5,367.5899963378906,4039.094875040003
2026-07-21 07:21:00-04:00,4060.89990234375,367.5899963378906,4038.794826211878
2026-07-21 07:22:00-04:00,4062.0,367.5899963378906,4039.344875040003
2026-07-21 07:23:00-04:00,4062.800048828125,367.5899963378906,4039.7448994540655
2026-07-21 07:24:00-04:00,4063.800048828125,367.5899963378906,4040.2448994540655
2026-07-21 07:25:00-04:00,4062.0,367.5899963378906,4039.344875040003
2026-07-21 07:26:00-04:00,4062.800048828125,367.5899963378906,4039.7448994540655
2026-07-21 07:27:00-04:00,4063.5,367.5899963378906,4040.094875040003
2026-07-21 07:28:00-04:00,4064.0,367.5899963378906,4040.344875040003
2026-07-21 07:29:00-04:00,4062.60009765625,367.5899963378906,4039.644923868128
2026-07-21 07:30:00-04:00,4063.89990234375,367.5899963378906,4040.294826211878
2026-07-21 07:31:00-04:00,4063.0,367.5899963378906,4039.844875040003
2026-07-21 07:32:00-04:00,4062.699951171875,367.5899963378906,4039.6948506259405
2026-07-21 07:33:00-04:00,4063.300048828125,367.5899963378906,4039.9948994540655
2026-07-21 07:34:00-04:00,4063.60009765625,367.5899963378906,4040.144923868128
2026-07-21 07:35:00-04:00,4064.199951171875,367.5899963378906,4040.4448506259405
2026-07-21 07:36:00-04:00,4065.10009765625,367.5899963378906,4040.894923868128
2026-07-21 07:37:00-04:00,4065.0,367.5899963378906,4040.844875040003
2026-07-21 07:38:00-04:00,4064.800048828125,367.5899963378906,4040.7448994540655
2026-07-21 07:39:00-04:00,4064.60009765625,367.5899963378906,4040.644923868128
2026-07-21 07:40:00-04:00,4062.800048828125,367.5899963378906,4039.7448994540655
2026-07-21 07:41:00-04:00,4062.300048828125,367.5899963378906,4039.4948994540655
2026-07-21 07:42:00-04:00,4060.39990234375,367.5899963378906,4038.544826211878
2026-07-21 07:43:00-04:00,4061.199951171875,367.5899963378906,4038.9448506259405
2026-07-21 07:44:00-04:00,4060.60009765625,367.5899963378906,4038.644923868128
2026-07-21 07:45:00-04:00,4059.10009765625,367.5899963378906,4037.894923868128
2026-07-21 07:46:00-04:00,4059.60009765625,367.5899963378906,4038.144923868128
2026-07-21 07:47:00-04:00,4061.60009765625,367.5899963378906,4039.144923868128
2026-07-21 07:48:00-04:00,4061.39990234375,367.5899963378906,4039.044826211878
2026-07-21 07:49:00-04:00,4062.800048828125,367.5899963378906,4039.7448994540655
2026-07-21 07:50:00-04:00,4063.199951171875,367.5899963378906,4039.9448506259405
2026-07-21 07:51:00-04:00,4061.800048828125,367.5899963378906,4039.2448994540655
2026-07-21 07:52:00-04:00,4060.60009765625,367.5899963378906,4038.644923868128
2026-07-21 07:53:00-04:00,4061.199951171875,367.5899963378906,4038.9448506259405
2026-07-21 07:54:00-04:00,4060.699951171875,367.5899963378906,4038.6948506259405
2026-07-21 07:55:00-04:00,4061.199951171875,367.5899963378906,4038.9448506259405
2026-07-21 07:56:00-04:00,4061.5,367.5899963378906,4039.094875040003
2026-07-21 07:57:00-04:00,4059.89990234375,367.5899963378906,4038.294826211878
2026-07-21 07:58:00-04:00,4060.60009765625,367.5899963378906,4038.644923868128
2026-07-21 07:59:00-04:00,4060.60009765625,367.5899963378906,4038.644923868128
2026-07-21 08:00:00-04:00,4062.5,367.5899963378906,4039.594875040003
2026-07-21 08:01:00-04:00,4061.0,367.5899963378906,4038.844875040003
2026-07-21 08:02:00-04:00,4062.10009765625,367.5899963378906,4039.394923868128
2026-07-21 08:03:00-04:00,4063.0,367.5899963378906,4039.844875040003
2026-07-21 08:04:00-04:00,4062.800048828125,367.5899963378906,4039.7448994540655
2026-07-21 08:05:00-04:00,4063.699951171875,367.5899963378906,4040.1948506259405
2026-07-21 08:06:00-04:00,4064.699951171875,367.5899963378906,4040.6948506259405
2026-07-21 08:07:00-04:00,4064.800048828125,367.5899963378906,4040.7448994540655
2026-07-21 08:08:00-04:00,4063.800048828125,367.5899963378906,4040.2448994540655
2026-07-21 08:09:00-04:00,4062.89990234375,367.5899963378906,4039.794826211878
2026-07-21 08:10:00-04:00,4061.10009765625,367.5899963378906,4038.894923868128
2026-07-21 08:11:00-04:00,4061.89990234375,367.5899963378906,4039.294826211878
2026-07-21 08:12:00-04:00,4063.60009765625,367.5899963378906,4040.144923868128
2026-07-21 08:13:00-04:00,4063.5,367.5899963378906,4040.094875040003
2026-07-21 08:14:00-04:00,4063.800048828125,367.5899963378906,4040.2448994540655
2026-07-21 08:15:00-04:00,4061.89990234375,367.5899963378906,4039.294826211878
2026-07-21 08:16:00-04:00,4061.89990234375,367.5899963378906,4039.294826211878
2026-07-21 08:17:00-04:00,4064.199951171875,367.5899963378906,4040.4448506259405
2026-07-21 08:18:00-04:00,4063.60009765625,367.5899963378906,4040.144923868128
2026-07-21 08:19:00-04:00,4063.60009765625,367.5899963378906,4040.144923868128
2026-07-21 08:20:00-04:00,4062.800048828125,367.5899963378906,4039.7448994540655
2026-07-21 08:21:00-04:00,4065.0,367.5899963378906,4040.844875040003
2026-07-21 08:22:00-04:00,4063.60009765625,367.5899963378906,4040.144923868128
2026-07-21 08:23:00-04:00,4066.699951171875,367.5899963378906,4041.6948506259405
2026-07-21 08:24:00-04:00,4069.699951171875,367.5899963378906,4043.1948506259405
2026-07-21 08:25:00-04:00,4065.60009765625,367.5899963378906,4041.144923868128
2026-07-21 08:26:00-04:00,4067.699951171875,367.5899963378906,4042.1948506259405
2026-07-21 08:27:00-04:00,4066.60009765625,367.5899963378906,4041.644923868128
2026-07-21 08:28:00-04:00,4065.60009765625,367.5899963378906,4041.144923868128
2026-07-21 08:29:00-04:00,4066.0,367.5899963378906,4041.344875040003
2026-07-21 08:30:00-04:00,4066.699951171875,367.5899963378906,4041.6948506259405
2026-07-21 08:31:00-04:00,4066.5,367.5899963378906,4041.594875040003
2026-07-21 08:32:00-04:00,4066.699951171875,367.5899963378906,4041.6948506259405
2026-07-21 08:33:00-04:00,4065.699951171875,367.5899963378906,4041.1948506259405
2026-07-21 08:34:00-04:00,4063.699951171875,367.5899963378906,4040.1948506259405
2026-07-21 08:35:00-04:00,4060.5,367.5899963378906,4038.594875040003
2026-07-21 08:36:00-04:00,4059.89990234375,367.5899963378906,4038.294826211878
2026-07-21 08:37:00-04:00,4059.60009765625,367.5899963378906,4038.144923868128
2026-07-21 08:38:00-04:00,4059.0,367.5899963378906,4037.844875040003
2026-07-21 08:39:00-04:00,4059.39990234375,367.5899963378906,4038.044826211878
2026-07-21 08:40:00-04:00,4059.39990234375,367.5899963378906,4038.044826211878
2026-07-21 08:41:00-04:00,4058.89990234375,367.5899963378906,4037.794826211878
2026-07-21 08:42:00-04:00,4059.199951171875,367.5899963378906,4037.9448506259405
2026-07-21 08:43:00-04:00,4056.5,367.5899963378906,4036.594875040003
2026-07-21 08:44:00-04:00,4058.0,367.5899963378906,4037.344875040003
2026-07-21 08:45:00-04:00,4059.699951171875,367.5899963378906,4038.1948506259405
2026-07-21 08:46:00-04:00,4058.199951171875,367.5899963378906,4037.4448506259405
2026-07-21 08:47:00-04:00,4061.39990234375,367.5899963378906,4039.044826211878
2026-07-21 08:48:00-04:00,4064.300048828125,367.5899963378906,4040.4948994540655
2026-07-21 08:49:00-04:00,4064.199951171875,367.5899963378906,4040.4448506259405
2026-07-21 08:50:00-04:00,4062.300048828125,367.5899963378906,4039.4948994540655
2026-07-21 08:51:00-04:00,4061.89990234375,367.5899963378906,4039.294826211878
2026-07-21 08:52:00-04:00,4060.5,367.5899963378906,4038.594875040003
2026-07-21 08:53:00-04:00,4060.60009765625,367.5899963378906,4038.644923868128
2026-07-21 08:54:00-04:00,4059.89990234375,367.5899963378906,4038.294826211878
2026-07-21 08:55:00-04:00,4057.60009765625,367.5899963378906,4037.144923868128
2026-07-21 08:56:00-04:00,4058.0,367.5899963378906,4037.344875040003
2026-07-21 08:57:00-04:00,4058.800048828125,367.5899963378906,4037.7448994540655
2026-07-21 08:58:00-04:00,4058.60009765625,367.5899963378906,4037.644923868128
2026-07-21 08:59:00-04:00,4058.0,367.5899963378906,4037.344875040003
2026-07-21 09:00:00-04:00,4062.10009765625,367.5899963378906,4039.394923868128
2026-07-21 09:01:00-04:00,4063.800048828125,367.5899963378906,4040.2448994540655
2026-07-21 09:02:00-04:00,4063.60009765625,367.5899963378906,4040.144923868128
2026-07-21 09:03:00-04:00,4062.10009765625,367.5899963378906,4039.394923868128
2026-07-21 09:04:00-04:00,4060.89990234375,367.5899963378906,4038.794826211878
2026-07-21 09:05:00-04:00,4063.199951171875,367.5899963378906,4039.9448506259405
2026-07-21 09:06:00-04:00,4063.60009765625,367.5899963378906,4040.144923868128
2026-07-21 09:07:00-04:00,4063.5,367.5899963378906,4040.094875040003
2026-07-21 09:08:00-04:00,4063.60009765625,367.5899963378906,4040.144923868128
2026-07-21 09:09:00-04:00,4061.89990234375,367.5899963378906,4039.294826211878
2026-07-21 09:10:00-04:00,4062.60009765625,367.5899963378906,4039.644923868128
2026-07-21 09:11:00-04:00,4062.39990234375,367.5899963378906,4039.544826211878
2026-07-21 09:12:00-04:00,4062.300048828125,367.5899963378906,4039.4948994540655
2026-07-21 09:13:00-04:00,4061.800048828125,367.5899963378906,4039.2448994540655
2026-07-21 09:14:00-04:00,4063.60009765625,367.5899963378906,4040.144923868128
2026-07-21 09:15:00-04:00,4064.39990234375,367.5899963378906,4040.544826211878
2026-07-21 09:16:00-04:00,4061.10009765625,367.5899963378906,4038.894923868128
2026-07-21 09:17:00-04:00,4060.0,367.5899963378906,4038.344875040003
2026-07-21 09:18:00-04:00,4059.800048828125,367.5899963378906,4038.2448994540655
2026-07-21 09:19:00-04:00,4059.60009765625,367.5899963378906,4038.144923868128
2026-07-21 09:20:00-04:00,4059.10009765625,367.5899963378906,4037.894923868128
2026-07-21 09:21:00-04:00,4060.300048828125,367.5899963378906,4038.4948994540655
2026-07-21 09:22:00-04:00,4060.60009765625,367.5899963378906,4038.644923868128
2026-07-21 09:23:00-04:00,4058.5,367.5899963378906,4037.594875040003
2026-07-21 09:24:00-04:00,4056.60009765625,367.5899963378906,4036.644923868128
2026-07-21 09:25:00-04:00,4057.89990234375,367.5899963378906,4037.294826211878
2026-07-21 09:26:00-04:00,4057.300048828125,367.5899963378906,4036.9948994540655
2026-07-21 09:27:00-04:00,4057.10009765625,367.5899963378906,4036.894923868128
2026-07-21 09:28:00-04:00,4055.60009765625,367.5899963378906,4036.144923868128
2026-07-21 09:29:00-04:00,4055.199951171875,367.5899963378906,4035.9448506259405
2026-07-21 09:30:00-04:00,4055.699951171875,371.6864929199219,4058.576248373715
2026-07-21 09:31:00-04:00,4052.10009765625,371.3900146484375,4055.1564989247836
2026-07-21 09:32:00-04:00,4057.89990234375,371.8900146484375,4060.788174296973
2026-07-21 09:33:00-04:00,4057.800048828125,371.8699951171875,4060.6288699081388
2026-07-21 09:34:00-04:00,4060.0,372.14959716796875,4063.256464176118
2026-07-21 09:35:00-04:00,4060.199951171875,372.20001220703125,4063.6318846499325
2026-07-21 09:36:00-04:00,4059.0,372.0299987792969,4062.1030328712804
2026-07-21 09:37:00-04:00,4055.800048828125,371.7099914550781,4058.7546825309355
2026-07-21 09:38:00-04:00,4057.10009765625,371.8349914550781,4060.0876502021074
2026-07-21 09:39:00-04:00,4056.800048828125,371.85101318359375,4060.025161239701
2026-07-21 09:40:00-04:00,4056.300048828125,371.7200012207031,4059.059371346446
2026-07-21 09:41:00-04:00,4053.800048828125,371.5899963378906,4057.099083681581
2026-07-21 09:42:00-04:00,4052.10009765625,371.42498779296875,4055.347576310684
2026-07-21 09:43:00-04:00,4050.199951171875,371.3299865722656,4053.8784595237253
2026-07-21 09:44:00-04:00,4050.39990234375,371.2799987792969,4053.7053245004963
2026-07-21 09:45:00-04:00,4049.0,371.2049865722656,4052.595540680678
2026-07-21 09:46:00-04:00,4051.300048828125,371.32000732421875,4054.3739862705334
2026-07-21 09:47:00-04:00,4049.800048828125,371.2099914550781,4053.022909502496
2026-07-21 09:48:00-04:00,4052.800048828125,371.4800109863281,4055.998173647737
2026-07-21 09:49:00-04:00,4054.10009765625,371.6199951171875,4057.4130078079816
2026-07-21 09:50:00-04:00,4053.300048828125,371.5400085449219,4056.575973072414
2026-07-21 09:51:00-04:00,4050.89990234375,371.2799987792969,4053.9553245004963
2026-07-21 09:52:00-04:00,4053.60009765625,371.5350036621094,4056.6986530787217
2026-07-21 09:53:00-04:00,4055.699951171875,371.69000244140625,4058.5954228059823
2026-07-21 09:54:00-04:00,4056.89990234375,371.79998779296875,4059.7963084257635
2026-07-21 09:55:00-04:00,4055.300048828125,371.69000244140625,4058.3954716341073
2026-07-21 09:56:00-04:00,4054.5,371.6499938964844,4057.7768586921957
2026-07-21 09:57:00-04:00,4055.39990234375,371.7099914550781,4058.554609288748
2026-07-21 09:58:00-04:00,4057.10009765625,371.864990234375,4060.2515499144465
2026-07-21 09:59:00-04:00,4057.199951171875,371.8999938964844,4060.492720792353
2026-07-21 10:00:00-04:00,4057.300048828125,371.9049987792969,4060.570114028233
2026-07-21 10:01:00-04:00,4057.60009765625,371.9200134277344,4060.8021716655617
2026-07-21 10:02:00-04:00,4057.5,371.8699951171875,4060.4788454940763
2026-07-21 10:03:00-04:00,4059.800048828125,372.1000061035156,4062.8855455255307
2026-07-21 10:04:00-04:00,4060.800048828125,372.1824951171875,4063.8362280509136
2026-07-21 10:05:00-04:00,4061.699951171875,372.2950134277344,4064.9009281947037
2026-07-21 10:06:00-04:00,4063.0,372.3699951171875,4065.9606185225157
2026-07-21 10:07:00-04:00,4060.5,372.1300048828125,4063.3994208238073
2026-07-21 10:08:00-04:00,4059.39990234375,372.0425109863281,4062.3713450625437
2026-07-21 10:09:00-04:00,4059.300048828125,372.04998779296875,4062.3622681821707
2026-07-21 10:10:00-04:00,4063.89990234375,372.4949951171875,4067.093512951501
2026-07-21 10:11:00-04:00,4064.300048828125,372.5,4067.3209306014437
2026-07-21 10:12:00-04:00,4067.10009765625,372.7300109863281,4069.977630632898
2026-07-21 10:13:00-04:00,4070.5,373.0400085449219,4073.37126774367
2026-07-21 10:14:00-04:00,4070.300048828125,373.0299987792969,4073.216603342222
2026-07-21 10:15:00-04:00,4068.60009765625,372.864990234375,4071.4650959713254
2026-07-21 10:16:00-04:00,4066.699951171875,372.69000244140625,4069.5589688628615
2026-07-21 10:17:00-04:00,4068.800048828125,372.9100036621094,4071.811004492867
2026-07-21 10:18:00-04:00,4072.10009765625,373.1700134277344,4074.88160423666
2026-07-21 10:19:00-04:00,4068.60009765625,372.8800048828125,4071.5471291945914
2026-07-21 10:20:00-04:00,4067.699951171875,372.7850036621094,4070.5780124076327
2026-07-21 10:21:00-04:00,4067.89990234375,372.82000732421875,4070.869232113664
2026-07-21 10:22:00-04:00,4066.89990234375,372.7699890136719,4070.095954770304
2026-07-21 10:23:00-04:00,4069.300048828125,372.9549865722656,4072.3067706942784
2026-07-21 10:24:00-04:00,4069.800048828125,372.9599914550781,4072.584115102034
2026-07-21 10:25:00-04:00,4071.39990234375,373.1600036621094,4074.4768177648994
2026-07-21 10:26:00-04:00,4071.89990234375,373.18499755859375,4074.863373069483
2026-07-21 10:27:00-04:00,4071.300048828125,373.1400146484375,4074.317680110259
2026-07-21 10:28:00-04:00,4072.39990234375,373.239990234375,4075.4138280864045
2026-07-21 10:29:00-04:00,4074.10009765625,373.3500061035156,4076.8650025106917
2026-07-21 10:30:00-04:00,4077.39990234375,373.70001220703125,4080.4271793211883
2026-07-21 10:31:00-04:00,4076.39990234375,373.6000061035156,4079.3807913686614
2026-07-21 10:32:00-04:00,4075.0,373.4100036621094,4077.642753107244
2026-07-21 10:33:00-04:00,4073.699951171875,373.3500061035156,4076.6649292685042
2026-07-21 10:34:00-04:00,4071.300048828125,373.1400146484375,4074.317680110259
2026-07-21 10:35:00-04:00,4070.0,373.010009765625,4072.9573680313315
2026-07-21 10:36:00-04:00,4069.699951171875,372.95880126953125,4072.527563640357
2026-07-21 10:37:00-04:00,4068.800048828125,372.8999938964844,4071.7563156773567
2026-07-21 10:38:00-04:00,4068.199951171875,372.8399963378906,4071.1284674245544
2026-07-21 10:39:00-04:00,4069.300048828125,372.92498779296875,4072.1428709819397
2026-07-21 10:40:00-04:00,4070.0,372.9800109863281,4072.793468318993
2026-07-21 10:41:00-04:00,4067.60009765625,372.7974853515625,4070.5962799350145
2026-07-21 10:42:00-04:00,4069.0,372.9599914550781,4072.1840906879715
2026-07-21 10:43:00-04:00,4071.300048828125,373.1400146484375,4074.317680110259
2026-07-21 10:44:00-04:00,4072.0,373.20001220703125,4074.995455120874
2026-07-21 10:45:00-04:00,4071.60009765625,373.19000244140625,4074.7408151334885
2026-07-21 10:46:00-04:00,4072.0,373.2049865722656,4075.0226327944356
2026-07-21 10:47:00-04:00,4071.39990234375,373.1600036621094,4074.4768177648994
2026-07-21 10:48:00-04:00,4073.10009765625,373.28509521484375,4076.0103588808406
2026-07-21 10:49:00-04:00,4074.300048828125,373.375,4077.1015334012127
2026-07-21 10:50:00-04:00,4074.0,373.3599853515625,4076.869475763884
2026-07-21 10:51:00-04:00,4072.800048828125,373.2699890136719,4075.777801040931
2026-07-21 10:52:00-04:00,4074.699951171875,373.4320068359375,4077.6129440467894
2026-07-21 10:53:00-04:00,4071.5,373.1700134277344,4074.581555408535
2026-07-21 10:54:00-04:00,4073.699951171875,373.3500061035156,4076.6649292685042
2026-07-21 10:55:00-04:00,4074.10009765625,373.3999938964844,4077.1381131198586
2026-07-21 10:56:00-04:00,4073.89990234375,373.3699951171875,4076.87411575127
2026-07-21 10:57:00-04:00,4074.0,373.3905029296875,4077.0362099575145
2026-07-21 10:58:00-04:00,4072.0,373.2149963378906,4075.0773216099465
2026-07-21 10:59:00-04:00,4072.89990234375,373.2749938964844,4075.8550722064983
2026-07-21 11:00:00-04:00,4074.300048828125,373.42498779296875,4077.3746440103796
2026-07-21 11:01:00-04:00,4072.5,373.260009765625,4075.573254545551
2026-07-21 11:02:00-04:00,4073.39990234375,373.32000732421875,4076.3510051421035
2026-07-21 11:03:00-04:00,4073.699951171875,373.3599853515625,4076.7194513498216
2026-07-21 11:04:00-04:00,4072.300048828125,373.2900085449219,4075.6371786719524
2026-07-21 11:05:00-04:00,4071.39990234375,373.1499938964844,4074.422128949389
2026-07-21 11:06:00-04:00,4071.199951171875,373.1600036621094,4074.376842178962
2026-07-21 11:07:00-04:00,4071.60009765625,373.2001037597656,4074.79600415158
2026-07-21 11:08:00-04:00,4072.10009765625,373.2300109863281,4075.2094036613375
2026-07-21 11:09:00-04:00,4073.5,373.3500061035156,4076.5649536825667
2026-07-21 11:10:00-04:00,4077.699951171875,373.7099914550781,4080.631725816568
2026-07-21 11:11:00-04:00,4076.0,373.6090087890625,4079.2300267839078
2026-07-21 11:12:00-04:00,4076.60009765625,373.6400146484375,4079.699477552761
2026-07-21 11:13:00-04:00,4075.800048828125,373.57000732421875,4078.9169648985107
2026-07-21 11:14:00-04:00,4077.800048828125,373.739990234375,4080.8456743570314
2026-07-21 11:15:00-04:00,4080.5,373.9800109863281,4083.5070143758717
2026-07-21 11:16:00-04:00,4080.300048828125,373.9800109863281,4083.407038789934
2026-07-21 11:17:00-04:00,4082.39990234375,374.20989990234375,4085.712974228364
2026-07-21 11:18:00-04:00,4081.5,374.0899963378906,4084.6079244097155
2026-07-21 11:19:00-04:00,4081.60009765625,374.1000061035156,4084.712662053351
2026-07-21 11:20:00-04:00,4083.0,374.2099914550781,4086.01352325907
2026-07-21 11:21:00-04:00,4080.5,374.0299987792969,4083.780124985038
2026-07-21 11:22:00-04:00,4081.300048828125,374.04998779296875,4084.2893602959284
2026-07-21 11:23:00-04:00,4080.89990234375,374.04998779296875,4084.089287053741
2026-07-21 11:24:00-04:00,4083.0,374.2200012207031,4086.0682120745805
2026-07-21 11:25:00-04:00,4081.5,374.0899963378906,4084.6079244097155
2026-07-21 11:26:00-04:00,4081.10009765625,374.0450134277344,4084.162207036429
2026-07-21 11:27:00-04:00,4081.5,374.06500244140625,4084.471369105132
2026-07-21 11:28:00-04:00,4082.300048828125,374.1300048828125,4085.2265373516275
2026-07-21 11:29:00-04:00,4081.39990234375,374.04998779296875,4084.339287053741
2026-07-21 11:30:00-04:00,4082.10009765625,374.0625,4084.757745729379
2026-07-21 11:31:00-04:00,4082.89990234375,374.1700134277344,4085.745052637289
2026-07-21 11:32:00-04:00,4085.800048828125,374.5,4088.998022715202
2026-07-21 11:33:00-04:00,4082.300048828125,374.1700134277344,4085.4451258794766
2026-07-21 11:34:00-04:00,4085.60009765625,374.4800109863281,4088.788836232436
2026-07-21 11:35:00-04:00,4084.300048828125,374.32000732421875,4087.26462444117
2026-07-21 11:36:00-04:00,4087.300048828125,374.5799865722656,4090.185033036707
2026-07-21 11:37:00-04:00,4086.199951171875,374.5050048828125,4089.2253182948316
2026-07-21 11:38:00-04:00,4086.10009765625,374.510009765625,4089.2027359447748
2026-07-21 11:39:00-04:00,4084.800048828125,374.3900146484375,4087.8971126813576
2026-07-21 11:40:00-04:00,4084.10009765625,374.2998962402344,4087.0547710216297
2026-07-21 11:41:00-04:00,4082.5,374.17498779296875,4085.5722791389762
2026-07-21 11:42:00-04:00,4082.5,374.18499755859375,4085.6269679544866
2026-07-21 11:43:00-04:00,4082.10009765625,374.1499938964844,4085.235772662518
2026-07-21 11:44:00-04:00,4080.199951171875,373.95001220703125,4083.1930902494705
2026-07-21 11:45:00-04:00,4078.89990234375,373.8500061035156,4081.996677882881
2026-07-21 11:46:00-04:00,4079.800048828125,373.93499755859375,4082.9111058543294
2026-07-21 11:47:00-04:00,4079.0,373.8599853515625,4082.1012487923235
2026-07-21 11:48:00-04:00,4078.199951171875,373.79998779296875,4081.3734249535837
2026-07-21 11:49:00-04:00,4077.39990234375,373.67999267578125,4080.3178016901666
2026-07-21 11:50:00-04:00,4079.699951171875,373.8699951171875,4082.505913193772
2026-07-21 11:51:00-04:00,4079.60009765625,373.8999938964844,4082.619886148298
2026-07-21 11:52:00-04:00,4080.60009765625,374.0150146484375,4083.748307324091
2026-07-21 11:53:00-04:00,4082.10009765625,374.1099853515625,4085.0171841346682
2026-07-21 11:54:00-04:00,4081.0,374.0249938964844,4084.002780577283
2026-07-21 11:55:00-04:00,4079.60009765625,373.9200134277344,4082.7292637793194
2026-07-21 11:56:00-04:00,4080.199951171875,373.9700012207031,4083.3023011462983
2026-07-21 11:57:00-04:00,4079.699951171875,373.8999938964844,4082.6698129061106
2026-07-21 11:58:00-04:00,4079.199951171875,373.8699951171875,4082.255913193772
2026-07-21 11:59:00-04:00,4078.60009765625,373.82000732421875,4081.682875826793
2026-07-21 12:00:00-04:00,4079.89990234375,373.9700012207031,4083.152276732236
2026-07-21 12:01:00-04:00,4079.699951171875,373.93701171875,4082.872061482984
2026-07-21 12:02:00-04:00,4079.60009765625,373.93499755859375,4082.811130268392
2026-07-21 12:03:00-04:00,4080.89990234375,374.0400085449219,4084.034764972424
2026-07-21 12:04:00-04:00,4081.800048828125,374.1700134277344,4085.1951258794766
2026-07-21 12:05:00-04:00,4080.800048828125,374.05999755859375,4084.0940491114393
2026-07-21 12:06:00-04:00,4081.699951171875,374.1300048828125,4084.9264885235025
2026-07-21 12:07:00-04:00,4082.0,374.1400146484375,4085.1312017530754
2026-07-21 12:08:00-04:00,4081.699951171875,374.1000061035156,4084.7625888111634
2026-07-21 12:09:00-04:00,4081.5,374.04998779296875,4084.389335881866
2026-07-21 12:10:00-04:00,4081.10009765625,374.0199890136719,4084.0254849976527
2026-07-21 12:11:00-04:00,4081.699951171875,374.1000061035156,4084.7625888111634
2026-07-21 12:12:00-04:00,4081.60009765625,374.07000732421875,4084.5487623410127
2026-07-21 12:13:00-04:00,4082.800048828125,374.239990234375,4086.077447385471
2026-07-21 12:14:00-04:00,4082.5,374.1650085449219,4085.517757057659
2026-07-21 12:15:00-04:00,4082.5,374.19000244140625,4085.6543123622423
2026-07-21 12:16:00-04:00,4082.0,374.1700134277344,4085.295101465414
2026-07-21 12:17:00-04:00,4082.39990234375,374.17999267578125,4085.549574718606
2026-07-21 12:18:00-04:00,4082.0,374.1449890136719,4085.158379426637
2026-07-21 12:19:00-04:00,4081.699951171875,374.1099853515625,4084.8171108924807
2026-07-21 12:20:00-04:00,4080.800048828125,374.0400085449219,4083.9848382146115
2026-07-21 12:21:00-04:00,4081.39990234375,374.1199951171875,4084.721775293929
2026-07-21 12:22:00-04:00,4081.5,374.1000061035156,4084.662613225226
2026-07-21 12:23:00-04:00,4081.0,374.0199890136719,4083.9754361695277
2026-07-21 12:24:00-04:00,4082.10009765625,374.1549987792969,4085.263117070273
2026-07-21 12:25:00-04:00,4081.0,374.07000732421875,4084.2487135128877
2026-07-21 12:26:00-04:00,4079.199951171875,373.92999267578125,4082.5837126184488
2026-07-21 12:27:00-04:00,4079.0,373.8900146484375,4082.2653152388557
2026-07-21 12:28:00-04:00,4079.300048828125,373.8800048828125,4082.360650837408
2026-07-21 12:29:00-04:00,4080.0,373.9649963378906,4083.1749811526056
2026-07-21 12:30:00-04:00,4080.0,373.9100036621094,4082.8745261356835
2026-07-21 12:31:00-04:00,4079.699951171875,373.8999938964844,4082.6698129061106
2026-07-21 12:32:00-04:00,4079.89990234375,373.92999267578125,4082.9336882043863
2026-07-21 12:33:00-04:00,4080.199951171875,373.9750061035156,4083.329645554054
2026-07-21 12:34:00-04:00,4080.199951171875,373.9700012207031,4083.3023011462983
2026-07-21 12:35:00-04:00,4079.60009765625,373.92999267578125,4082.7837858606363
2026-07-21 12:36:00-04:00,4077.5,373.70001220703125,4080.4772281493133
2026-07-21 12:37:00-04:00,4077.199951171875,373.67010498046875,4080.163804225493
2026-07-21 12:38:00-04:00,4078.199951171875,373.7650146484375,4081.182347567684
2026-07-21 12:39:00-04:00,4078.699951171875,373.8500061035156,4081.8967022969437
2026-07-21 12:40:00-04:00,4079.10009765625,373.87860107421875,4082.253005478563
2026-07-21 12:41:00-04:00,4077.800048828125,373.75,4080.9003631725423
2026-07-21 12:42:00-04:00,4077.10009765625,373.70001220703125,4080.2772769774383
2026-07-21 12:43:00-04:00,4076.10009765625,373.62078857421875,4079.344435010774
2026-07-21 12:44:00-04:00,4076.199951171875,373.6200866699219,4079.3905268821327
2026-07-21 12:45:00-04:00,4076.300048828125,373.6300048828125,4079.494764323188
2026-07-21 12:46:00-04:00,4075.5,373.57000732421875,4078.7669404844482
2026-07-21 12:47:00-04:00,4075.199951171875,373.5400085449219,4078.453016358047
2026-07-21 12:48:00-04:00,4075.89990234375,373.5899963378906,4079.076102553151
2026-07-21 12:49:00-04:00,4076.5,373.6400146484375,4079.649428724636
2026-07-21 12:50:00-04:00,4076.699951171875,373.67498779296875,4079.9404816964743
2026-07-21 12:51:00-04:00,4077.0,373.69000244140625,4080.172539333803
2026-07-21 12:52:00-04:00,4077.199951171875,373.7099914550781,4080.381725816568
2026-07-21 12:53:00-04:00,4076.89990234375,373.6600036621094,4079.9585907933388
2026-07-21 12:54:00-04:00,4077.199951171875,373.69000244140625,4080.2725149197404
2026-07-21 12:55:00-04:00,4076.0,373.5950012207031,4079.1534957890317
2026-07-21 12:56:00-04:00,4075.800048828125,373.5799865722656,4078.9714869798277
2026-07-21 12:57:00-04:00,4075.800048828125,373.55999755859375,4078.862276083
2026-07-21 12:58:00-04:00,4075.89990234375,373.5899963378906,4079.076102553151
2026-07-21 12:59:00-04:00,4075.89990234375,373.55999755859375,4078.9122028408124
2026-07-21 13:00:00-04:00,4075.300048828125,373.5199890136719,4078.393687555151
2026-07-21 13:01:00-04:00,4075.5,373.5199890136719,4078.4936631410883
2026-07-21 13:02:00-04:00,4074.5,373.4700012207031,4077.7205525319214
2026-07-21 13:03:00-04:00,4074.300048828125,373.4150085449219,4077.320121929062
2026-07-21 13:04:00-04:00,4074.5,373.4200134277344,4077.447441922755
2026-07-21 13:05:00-04:00,4076.0,373.6099853515625,4079.235362278104
2026-07-21 13:06:00-04:00,4075.199951171875,373.5400085449219,4078.453016358047
2026-07-21 13:07:00-04:00,4074.89990234375,373.489990234375,4078.029714600624
2026-07-21 13:08:00-04:00,4076.10009765625,373.54998779296875,4078.9576116815515
2026-07-21 13:09:00-04:00,4075.89990234375,373.54998779296875,4078.8575140253015
2026-07-21 13:10:00-04:00,4075.300048828125,373.5350036621094,4078.475720778417
2026-07-21 13:11:00-04:00,4075.5,373.5450134277344,4078.630385179865
2026-07-21 13:12:00-04:00,4075.39990234375,373.5199890136719,4078.4436143129633
2026-07-21 13:13:00-04:00,4075.800048828125,373.57080078125,4078.921299987545
2026-07-21 13:14:00-04:00,4074.800048828125,373.4700012207031,4077.870576945984
2026-07-21 13:15:00-04:00,4074.699951171875,373.4400939941406,4077.657128608101
2026-07-21 13:16:00-04:00,4073.699951171875,373.3699951171875,4076.7741401653325
2026-07-21 13:17:00-04:00,4073.699951171875,373.3599853515625,4076.7194513498216
2026-07-21 13:18:00-04:00,4074.199951171875,373.3949890136719,4077.1606954699155
2026-07-21 13:19:00-04:00,4073.39990234375,373.3299865722656,4076.4055272234204
2026-07-21 13:20:00-04:00,4074.89990234375,373.4800109863281,4077.9751925193073
2026-07-21 13:21:00-04:00,4075.199951171875,373.5199890136719,4078.343638727026
2026-07-21 13:22:00-04:00,4075.10009765625,373.4849853515625,4078.102467849119
2026-07-21 13:23:00-04:00,4075.5,373.5,4078.38445224426
2026-07-21 13:24:00-04:00,4075.800048828125,373.54998779296875,4078.807587267489
2026-07-21 13:25:00-04:00,4076.10009765625,373.5799865722656,4079.12151139389
2026-07-21 13:26:00-04:00,4075.800048828125,373.54998779296875,4078.807587267489
2026-07-21 13:27:00-04:00,4075.60009765625,373.5299987792969,4078.5984007847237
2026-07-21 13:28:00-04:00,4076.0,373.54998779296875,4078.9075628534265
2026-07-21 13:29:00-04:00,4076.699951171875,373.6050109863281,4079.5581601904796
2026-07-21 13:30:00-04:00,4075.89990234375,373.510009765625,4078.639092231646
2026-07-21 13:31:00-04:00,4075.60009765625,373.55999755859375,4078.7623004970624
2026-07-21 13:32:00-04:00,4075.199951171875,373.489990234375,4078.1797390146867
2026-07-21 13:33:00-04:00,4074.5,373.41009521484375,4077.393253309825
2026-07-21 13:34:00-04:00,4074.699951171875,373.42498779296875,4077.5745951822546
2026-07-21 13:35:00-04:00,4074.10009765625,373.3500061035156,4076.8650025106917
2026-07-21 13:36:00-04:00,4074.0,373.3500061035156,4076.8149536825667
2026-07-21 13:37:00-04:00,4074.39990234375,373.4100036621094,4077.342704279119
2026-07-21 13:38:00-04:00,4074.199951171875,373.3999938964844,4077.188039877671
2026-07-21 13:39:00-04:00,4073.89990234375,373.3599853515625,4076.819426935759
2026-07-21 13:40:00-04:00,4072.10009765625,373.19500732421875,4075.018159541243
2026-07-21 13:41:00-04:00,4071.800048828125,373.1700134277344,4074.7315798225977
2026-07-21 13:42:00-04:00,4071.39990234375,373.1400146484375,4074.3676068680716
2026-07-21 13:43:00-04:00,4072.39990234375,373.239990234375,4075.4138280864045
2026-07-21 13:44:00-04:00,4072.60009765625,373.2650146484375,4075.650647781432
2026-07-21 13:45:00-04:00,4071.199951171875,373.1400146484375,4074.267631282134
2026-07-21 13:46:00-04:00,4071.60009765625,373.16009521484375,4074.5774156237303
2026-07-21 13:47:00-04:00,4071.5,373.1650085449219,4074.55421100078
2026-07-21 13:48:00-04:00,4072.199951171875,373.2099914550781,4075.1499527881288
2026-07-21 13:49:00-04:00,4071.300048828125,373.1600036621094,4074.426891007087
2026-07-21 13:50:00-04:00,4071.199951171875,373.1300048828125,4074.2129424666236
2026-07-21 13:51:00-04:00,4071.300048828125,373.1499938964844,4074.3722021915764
2026-07-21 13:52:00-04:00,4071.800048828125,373.19000244140625,4074.840790719426
2026-07-21 13:53:00-04:00,4072.0,373.2099914550781,4075.0499772021913
2026-07-21 13:54:00-04:00,4072.10009765625,373.2049865722656,4075.0726816225606
2026-07-21 13:55:00-04:00,4072.5,373.25,4075.5185657300403
2026-07-21 13:56:00-04:00,4071.60009765625,373.19000244140625,4074.7408151334885
2026-07-21 13:57:00-04:00,4071.699951171875,373.18499755859375,4074.7633974835453
2026-07-21 13:58:00-04:00,4072.10009765625,373.2099914550781,4075.1000260303163
2026-07-21 13:59:00-04:00,4073.0,373.2950134277344,4076.014498665645
2026-07-21 14:00:00-04:00,4072.60009765625,373.28021240234375,4075.7336814098594
2026-07-21 14:01:00-04:00,4072.5,373.2499084472656,4075.51806552746
2026-07-21 14:02:00-04:00,4073.5,373.3399963378906,4076.5102648670563
2026-07-21 14:03:00-04:00,4073.0,373.32000732421875,4076.1510539702285
2026-07-21 14:04:00-04:00,4072.199951171875,373.239990234375,4075.313852500467
2026-07-21 14:05:00-04:00,4072.60009765625,373.2900085449219,4075.787203086015
2026-07-21 14:06:00-04:00,4073.10009765625,373.29998779296875,4076.091725167332
2026-07-21 14:07:00-04:00,4074.60009765625,373.42999267578125,4077.552012832197
2026-07-21 14:08:00-04:00,4074.89990234375,373.4700012207031,4077.9205037037964
2026-07-21 14:09:00-04:00,4076.10009765625,373.5799865722656,4079.12151139389
2026-07-21 14:10:00-04:00,4075.60009765625,373.55999755859375,4078.7623004970624
2026-07-21 14:11:00-04:00,4076.39990234375,373.610107421875,4079.4359803867533
2026-07-21 14:12:00-04:00,4076.0,373.5799865722656,4079.071462565765
2026-07-21 14:13:00-04:00,4075.800048828125,373.57000732421875,4078.9169648985107
2026-07-21 14:14:00-04:00,4075.800048828125,373.5743103027344,4078.9404744198127
2026-07-21 14:15:00-04:00,4076.5,373.625,4079.56739550137
2026-07-21 14:16:00-04:00,4076.10009765625,373.6199951171875,4079.3400999217397
2026-07-21 14:17:00-04:00,4077.89990234375,373.7774963378906,4081.1005174388156
2026-07-21 14:18:00-04:00,4077.89990234375,373.7550048828125,4080.97763433811
2026-07-21 14:19:00-04:00,4077.5,373.75,4080.7503387584798
2026-07-21 14:20:00-04:00,4077.89990234375,373.7893981933594,4081.1655437743316
2026-07-21 14:21:00-04:00,4077.89990234375,373.7300109863281,4080.841079033527
2026-07-21 14:22:00-04:00,4079.699951171875,373.89990234375,4082.6693127035296
2026-07-21 14:23:00-04:00,4082.699951171875,374.19000244140625,4085.75428794818
2026-07-21 14:24:00-04:00,4085.89990234375,374.44000244140625,4088.720150048337
2026-07-21 14:25:00-04:00,4090.60009765625,374.8699951171875,4093.4195324928382
2026-07-21 14:26:00-04:00,4090.300048828125,374.8399963378906,4093.105608366437
2026-07-21 14:27:00-04:00,4089.199951171875,374.739990234375,4092.009171585785
2026-07-21 14:28:00-04:00,4089.300048828125,374.7699890136719,4092.2231201262493
2026-07-21 14:29:00-04:00,4088.699951171875,374.69989013671875,4091.540082855355
2026-07-21 14:30:00-04:00,4087.60009765625,374.6299133300781,4090.6078345915485
2026-07-21 14:31:00-04:00,4087.39990234375,374.55999755859375,4090.125748897691
2026-07-21 14:32:00-04:00,4089.10009765625,374.7294006347656,4091.9013880627836
2026-07-21 14:33:00-04:00,4089.800048828125,374.7900085449219,4092.5824977572706
2026-07-21 14:34:00-04:00,4089.199951171875,374.7300109863281,4091.9546495044683
2026-07-21 14:35:00-04:00,4088.10009765625,374.6400146484375,4090.91302360964
2026-07-21 14:36:00-04:00,4087.199951171875,374.5801086425781,4090.135651145356
2026-07-21 14:37:00-04:00,4086.60009765625,374.5150146484375,4089.4800803525304
2026-07-21 14:38:00-04:00,4087.10009765625,374.5799865722656,4090.0850574507695
2026-07-21 14:39:00-04:00,4087.199951171875,374.6099853515625,4090.29888392092
2026-07-21 14:40:00-04:00,4087.10009765625,374.57000732421875,4090.030535369452
2026-07-21 14:41:00-04:00,4087.300048828125,374.5899963378906,4090.2397218522174
2026-07-21 14:42:00-04:00,4087.5,374.5975036621094,4090.380714049788
2026-07-21 14:43:00-04:00,4088.199951171875,374.6600036621094,4091.07216126428
2026-07-21 14:44:00-04:00,4087.300048828125,374.5350036621094,4089.9392668352957
2026-07-21 14:45:00-04:00,4086.699951171875,374.5400085449219,4089.666562414926
2026-07-21 14:46:00-04:00,4086.699951171875,374.54998779296875,4089.721084496243
2026-07-21 14:47:00-04:00,4085.300048828125,374.4200134277344,4088.3110123936967
2026-07-21 14:48:00-04:00,4085.5,374.44000244140625,4088.520198876462
2026-07-21 14:49:00-04:00,4085.300048828125,374.4049987792969,4088.22897917043
2026-07-21 14:50:00-04:00,4084.800048828125,374.3599853515625,4087.7330462348255
2026-07-21 14:51:00-04:00,4083.89990234375,374.3009948730469,4086.9606757963506
2026-07-21 14:52:00-04:00,4085.800048828125,374.45001220703125,4088.724912106035
2026-07-21 14:53:00-04:00,4085.60009765625,374.42999267578125,4088.5155588890757
2026-07-21 14:54:00-04:00,4085.699951171875,374.42999267578125,4088.565485646888
2026-07-21 14:55:00-04:00,4087.699951171875,374.639892578125,4090.712283430678
2026-07-21 14:56:00-04:00,4087.5,374.6199951171875,4090.5035971504935
2026-07-21 14:57:00-04:00,4086.699951171875,374.5299987792969,4089.611873599415
2026-07-21 14:58:00-04:00,4086.800048828125,374.5249938964844,4089.634578019785
2026-07-21 14:59:00-04:00,4087.0,374.55999755859375,4089.925797725816
2026-07-21 15:00:00-04:00,4087.60009765625,374.6400146484375,4090.66302360964
2026-07-21 15:01:00-04:00,4088.0,374.6791076660156,4091.0765612835557
2026-07-21 15:02:00-04:00,4089.39990234375,374.7699890136719,4092.273046884062
2026-07-21 15:03:00-04:00,4089.60009765625,374.80999755859375,4092.591733068161
2026-07-21 15:04:00-04:00,4088.89990234375,374.7601013183594,4091.9690250053254
2026-07-21 15:05:00-04:00,4088.60009765625,374.6400146484375,4091.16302360964
2026-07-21 15:06:00-04:00,4089.5,374.7900085449219,4092.432473343208
2026-07-21 15:07:00-04:00,4087.5,374.5799865722656,4090.2850086226445
2026-07-21 15:08:00-04:00,4087.0,374.55999755859375,4089.925797725816
2026-07-21 15:09:00-04:00,4085.89990234375,374.44000244140625,4088.720150048337
2026-07-21 15:10:00-04:00,4085.10009765625,374.41009521484375,4088.156848194829
2026-07-21 15:11:00-04:00,4085.199951171875,374.3500061035156,4087.878475325383
2026-07-21 15:12:00-04:00,4086.39990234375,374.4967956542969,4089.280442382683
2026-07-21 15:13:00-04:00,4085.89990234375,374.4700012207031,4088.884049760675
2026-07-21 15:14:00-04:00,4085.300048828125,374.4100036621094,4088.2563235781854
2026-07-21 15:15:00-04:00,4086.5,374.53509521484375,4089.539742623814
2026-07-21 15:16:00-04:00,4086.699951171875,374.5299987792969,4089.611873599415
2026-07-21 15:17:00-04:00,4086.39990234375,374.5400085449219,4089.5165380008634
2026-07-21 15:18:00-04:00,4088.5,374.70001220703125,4091.440774206192
2026-07-21 15:19:00-04:00,4088.10009765625,374.69000244140625,4091.1861342188067
2026-07-21 15:20:00-04:00,4088.5,374.7099914550781,4091.4952962875095
2026-07-21 15:21:00-04:00,4087.60009765625,374.650390625,4090.719713235474
2026-07-21 15:22:00-04:00,4088.10009765625,374.70941162109375,4091.2921771659553
2026-07-21 15:23:00-04:00,4087.89990234375,374.63031005859375,4090.7599044798153
2026-07-21 15:24:00-04:00,4088.10009765625,374.70001220703125,4091.240823034317
2026-07-21 15:25:00-04:00,4088.89990234375,374.7499084472656,4091.913335784653
2026-07-21 15:26:00-04:00,4088.800048828125,374.760009765625,4091.918598044932
2026-07-21 15:27:00-04:00,4088.89990234375,374.760009765625,4091.9685248027445
2026-07-21 15:28:00-04:00,4089.60009765625,374.8299865722656,4092.700943964989
2026-07-21 15:29:00-04:00,4088.60009765625,374.7300109863281,4091.654722746656
2026-07-21 15:30:00-04:00,4089.0,374.7449951171875,4091.9365404076034
2026-07-21 15:31:00-04:00,4088.300048828125,374.7099914550781,4091.395320701572
2026-07-21 15:32:00-04:00,4087.800048828125,374.69000244140625,4091.0361098047442
2026-07-21 15:33:00-04:00,4088.10009765625,374.7099914550781,4091.2953451156345
2026-07-21 15:34:00-04:00,4087.699951171875,374.6650085449219,4090.849505672036
2026-07-21 15:35:00-04:00,4086.800048828125,374.58990478515625,4089.9892216496364
2026-07-21 15:36:00-04:00,4086.60009765625,374.5950012207031,4089.9170906740355
2026-07-21 15:37:00-04:00,4087.0,374.57501220703125,4090.0078309490823
2026-07-21 15:38:00-04:00,4086.5,374.54998779296875,4089.6211089103053
2026-07-21 15:39:00-04:00,4086.699951171875,374.5899963378906,4089.9396730240924
2026-07-21 15:40:00-04:00,4087.300048828125,374.6499938964844,4090.5675212768947
2026-07-21 15:41:00-04:00,4088.5,374.75,4091.713884815359
2026-07-21 15:42:00-04:00,4087.699951171875,374.6499938964844,4090.7674724487697
2026-07-21 15:43:00-04:00,4087.300048828125,374.67999267578125,4090.731420989233
2026-07-21 15:44:00-04:00,4087.5,374.6600036621094,4090.7221856783426
2026-07-21 15:45:00-04:00,4087.0,374.6199951171875,4090.2535971504935
2026-07-21 15:46:00-04:00,4087.5,374.6700134277344,4090.776874493854
2026-07-21 15:47:00-04:00,4089.199951171875,374.80999755859375,4092.3916598259734
2026-07-21 15:48:00-04:00,4088.39990234375,374.7593994140625,4091.7151901188718
2026-07-21 15:49:00-04:00,4088.800048828125,374.760009765625,4091.918598044932
2026-07-21 15:50:00-04:00,4088.800048828125,374.7900085449219,4092.0824977572706
2026-07-21 15:51:00-04:00,4088.800048828125,374.7699890136719,4091.9731201262493
2026-07-21 15:52:00-04:00,4088.0,374.710205078125,4091.2464634268645
2026-07-21 15:53:00-04:00,4087.89990234375,374.7099914550781,4091.1952474593845
2026-07-21 15:54:00-04:00,4088.39990234375,374.739990234375,4091.6091471717227
2026-07-21 15:55:00-04:00,4088.199951171875,374.7349853515625,4091.48182717803
2026-07-21 15:56:00-04:00,4088.10009765625,374.7200012207031,4091.350033931145
2026-07-21 15:57:00-04:00,4089.300048828125,374.8399963378906,4092.605608366437
2026-07-21 15:58:00-04:00,4089.10009765625,374.80999755859375,4092.341733068161
2026-07-21 15:59:00-04:00,4088.60009765625,374.7799987792969,4091.9278333558223
2026-07-21 16:00:00-04:00,4088.10009765625,374.7799987792969,4091.6778333558223
2026-07-21 16:01:00-04:00,4089.0,374.7799987792969,4092.1277845276973
2026-07-21 16:02:00-04:00,4088.800048828125,374.7799987792969,4092.0278089417598
2026-07-21 16:03:00-04:00,4088.800048828125,374.7799987792969,4092.0278089417598
2026-07-21 16:04:00-04:00,4088.800048828125,374.7799987792969,4092.0278089417598
2026-07-21 16:05:00-04:00,4088.10009765625,374.7799987792969,4091.6778333558223
2026-07-21 16:06:00-04:00,4090.39990234375,374.7799987792969,4092.8277356995723
2026-07-21 16:07:00-04:00,4090.0,374.7799987792969,4092.6277845276973
2026-07-21 16:08:00-04:00,4089.89990234375,374.7799987792969,4092.5777356995723
2026-07-21 16:09:00-04:00,4089.60009765625,374.7799987792969,4092.4278333558223
2026-07-21 16:10:00-04:00,4089.0,374.7799987792969,4092.1277845276973
2026-07-21 16:11:00-04:00,4089.0,374.7799987792969,4092.1277845276973
2026-07-21 16:12:00-04:00,4088.10009765625,374.7799987792969,4091.6778333558223
2026-07-21 16:13:00-04:00,4088.39990234375,374.7799987792969,4091.8277356995723
2026-07-21 16:14:00-04:00,4088.800048828125,374.7799987792969,4092.0278089417598
2026-07-21 16:15:00-04:00,4087.800048828125,374.7799987792969,4091.5278089417598
2026-07-21 16:16:00-04:00,4088.300048828125,374.7799987792969,4091.7778089417598
2026-07-21 16:17:00-04:00,4088.5,374.7799987792969,4091.8777845276973
2026-07-21 16:18:00-04:00,4088.800048828125,374.7799987792969,4092.0278089417598
2026-07-21 16:19:00-04:00,4088.39990234375,374.7799987792969,4091.8277356995723
2026-07-21 16:20:00-04:00,4086.60009765625,374.7799987792969,4090.9278333558223
2026-07-21 16:21:00-04:00,4087.0,374.7799987792969,4091.1277845276973
2026-07-21 16:22:00-04:00,4086.699951171875,374.7799987792969,4090.9777601136348
2026-07-21 16:23:00-04:00,4087.199951171875,374.7799987792969,4091.2277601136348
2026-07-21 16:24:00-04:00,4087.300048828125,374.7799987792969,4091.2778089417598
2026-07-21 16:25:00-04:00,4087.10009765625,374.7799987792969,4091.1778333558223
2026-07-21 16:26:00-04:00,4086.89990234375,374.7799987792969,4091.0777356995723
2026-07-21 16:27:00-04:00,4087.199951171875,374.7799987792969,4091.2277601136348
2026-07-21 16:28:00-04:00,4086.89990234375,374.7799987792969,4091.0777356995723
2026-07-21 16:29:00-04:00,4086.89990234375,374.7799987792969,4091.0777356995723
2026-07-21 16:30:00-04:00,4088.89990234375,374.7799987792969,4092.0777356995723
2026-07-21 16:31:00-04:00,4088.39990234375,374.7799987792969,4091.8277356995723
2026-07-21 16:32:00-04:00,4089.800048828125,374.7799987792969,4092.5278089417598
2026-07-21 16:33:00-04:00,4088.199951171875,374.7799987792969,4091.7277601136348
2026-07-21 16:34:00-04:00,4087.5,374.7799987792969,4091.3777845276973
2026-07-21 16:35:00-04:00,4087.60009765625,374.7799987792969,4091.4278333558223
2026-07-21 16:36:00-04:00,4087.39990234375,374.7799987792969,4091.3277356995723
2026-07-21 16:37:00-04:00,4087.10009765625,374.7799987792969,4091.1778333558223
2026-07-21 16:38:00-04:00,4086.800048828125,374.7799987792969,4091.0278089417598
2026-07-21 16:39:00-04:00,4086.199951171875,374.7799987792969,4090.7277601136348
2026-07-21 16:40:00-04:00,4085.800048828125,374.7799987792969,4090.5278089417598
2026-07-21 16:41:00-04:00,4085.699951171875,374.7799987792969,4090.4777601136348
2026-07-21 16:42:00-04:00,4085.199951171875,374.7799987792969,4090.2277601136348
2026-07-21 16:43:00-04:00,4085.39990234375,374.7799987792969,4090.3277356995723
2026-07-21 16:44:00-04:00,4085.39990234375,374.7799987792969,4090.3277356995723
2026-07-21 16:45:00-04:00,4083.5,374.7799987792969,4089.3777845276973
2026-07-21 16:46:00-04:00,4083.699951171875,374.7799987792969,4089.4777601136348
2026-07-21 16:47:00-04:00,4083.199951171875,374.7799987792969,4089.2277601136348
2026-07-21 16:48:00-04:00,4083.5,374.7799987792969,4089.3777845276973
2026-07-21 16:49:00-04:00,4082.60009765625,374.7799987792969,4088.9278333558223
2026-07-21 16:50:00-04:00,4082.39990234375,374.7799987792969,4088.8277356995723
2026-07-21 16:51:00-04:00,4082.699951171875,374.7799987792969,4088.9777601136348
2026-07-21 16:52:00-04:00,4082.89990234375,374.7799987792969,4089.0777356995723
2026-07-21 16:53:00-04:00,4082.89990234375,374.7799987792969,4089.0777356995723
2026-07-21 16:54:00-04:00,4082.199951171875,374.7799987792969,4088.7277601136348
2026-07-21 16:55:00-04:00,4081.5,374.7799987792969,4088.3777845276973
2026-07-21 16:56:00-04:00,4082.10009765625,374.7799987792969,4088.6778333558223
2026-07-21 16:57:00-04:00,4082.10009765625,374.7799987792969,4088.6778333558223
2026-07-21 16:58:00-04:00,4082.0,374.7799987792969,4088.6277845276973
2026-07-21 16:59:00-04:00,4082.199951171875,374.7799987792969,4088.7277601136348
2026-07-21 18:00:00-04:00,4083.89990234375,374.7799987792969,4089.5777356995723
2026-07-21 18:01:00-04:00,4083.10009765625,374.7799987792969,4089.1778333558223
2026-07-21 18:02:00-04:00,4083.699951171875,374.7799987792969,4089.4777601136348
2026-07-21 18:03:00-04:00,4083.300048828125,374.7799987792969,4089.2778089417598
2026-07-21 18:04:00-04:00,4082.60009765625,374.7799987792969,4088.9278333558223
2026-07-21 18:05:00-04:00,4082.60009765625,374.7799987792969,4088.9278333558223
2026-07-21 18:06:00-04:00,4082.39990234375,374.7799987792969,4088.8277356995723
2026-07-21 18:07:00-04:00,4081.60009765625,374.7799987792969,4088.4278333558223
2026-07-21 18:08:00-04:00,4082.39990234375,374.7799987792969,4088.8277356995723
2026-07-21 18:09:00-04:00,4081.89990234375,374.7799987792969,4088.5777356995723
2026-07-21 18:10:00-04:00,4082.0,374.7799987792969,4088.6277845276973
2026-07-21 18:11:00-04:00,4082.800048828125,374.7799987792969,4089.0278089417598
2026-07-21 18:12:00-04:00,4082.39990234375,374.7799987792969,4088.8277356995723
2026-07-21 18:13:00-04:00,4082.10009765625,374.7799987792969,4088.6778333558223
2026-07-21 18:14:00-04:00,4083.199951171875,374.7799987792969,4089.2277601136348
2026-07-21 18:15:00-04:00,4083.800048828125,374.7799987792969,4089.5278089417598
2026-07-21 18:16:00-04:00,4083.699951171875,374.7799987792969,4089.4777601136348
2026-07-21 18:17:00-04:00,4084.39990234375,374.7799987792969,4089.8277356995723
2026-07-21 18:18:00-04:00,4084.39990234375,374.7799987792969,4089.8277356995723
2026-07-21 18:19:00-04:00,4084.300048828125,374.7799987792969,4089.7778089417598
2026-07-21 18:20:00-04:00,4084.89990234375,374.7799987792969,4090.0777356995723
2026-07-21 18:21:00-04:00,4086.300048828125,374.7799987792969,4090.7778089417598
2026-07-21 18:22:00-04:00,4085.800048828125,374.7799987792969,4090.5278089417598
2026-07-21 18:23:00-04:00,4085.699951171875,374.7799987792969,4090.4777601136348
2026-07-21 18:24:00-04:00,4084.800048828125,374.7799987792969,4090.0278089417598
2026-07-21 18:25:00-04:00,4085.60009765625,374.7799987792969,4090.4278333558223
2026-07-21 18:26:00-04:00,4086.10009765625,374.7799987792969,4090.6778333558223
2026-07-21 18:27:00-04:00,4085.89990234375,374.7799987792969,4090.5777356995723
2026-07-21 18:28:00-04:00,4085.89990234375,374.7799987792969,4090.5777356995723
2026-07-21 18:29:00-04:00,4086.699951171875,374.7799987792969,4090.9777601136348
2026-07-21 18:30:00-04:00,4087.300048828125,374.7799987792969,4091.2778089417598
2026-07-21 18:31:00-04:00,4087.89990234375,374.7799987792969,4091.5777356995723
2026-07-21 18:32:00-04:00,4087.60009765625,374.7799987792969,4091.4278333558223
2026-07-21 18:33:00-04:00,4088.39990234375,374.7799987792969,4091.8277356995723
2026-07-21 18:34:00-04:00,4087.39990234375,374.7799987792969,4091.3277356995723
2026-07-21 18:35:00-04:00,4087.0,374.7799987792969,4091.1277845276973
2026-07-21 18:36:00-04:00,4088.10009765625,374.7799987792969,4091.6778333558223
2026-07-21 18:37:00-04:00,4088.199951171875,374.7799987792969,4091.7277601136348
2026-07-21 18:38:00-04:00,4088.39990234375,374.7799987792969,4091.8277356995723
2026-07-21 18:39:00-04:00,4088.39990234375,374.7799987792969,4091.8277356995723
2026-07-21 18:40:00-04:00,4088.300048828125,374.7799987792969,4091.7778089417598
2026-07-21 18:41:00-04:00,4087.89990234375,374.7799987792969,4091.5777356995723
2026-07-21 18:42:00-04:00,4088.699951171875,374.7799987792969,4091.9777601136348
2026-07-21 18:43:00-04:00,4088.0,374.7799987792969,4091.6277845276973
2026-07-21 18:44:00-04:00,4087.89990234375,374.7799987792969,4091.5777356995723
2026-07-21 18:45:00-04:00,4087.300048828125,374.7799987792969,4091.2778089417598
2026-07-21 18:46:00-04:00,4086.699951171875,374.7799987792969,4090.9777601136348
2026-07-21 18:47:00-04:00,4086.300048828125,374.7799987792969,4090.7778089417598
2026-07-21 18:48:00-04:00,4086.10009765625,374.7799987792969,4090.6778333558223
2026-07-21 18:49:00-04:00,4085.0,374.7799987792969,4090.1277845276973
2026-07-21 18:50:00-04:00,4084.699951171875,374.7799987792969,4089.9777601136348
2026-07-21 18:51:00-04:00,4084.39990234375,374.7799987792969,4089.8277356995723
2026-07-21 18:52:00-04:00,4083.10009765625,374.7799987792969,4089.1778333558223
2026-07-21 18:53:00-04:00,4083.60009765625,374.7799987792969,4089.4278333558223
2026-07-21 18:54:00-04:00,4083.89990234375,374.7799987792969,4089.5777356995723
2026-07-21 18:55:00-04:00,4084.89990234375,374.7799987792969,4090.0777356995723
2026-07-21 18:56:00-04:00,4084.699951171875,374.7799987792969,4089.9777601136348
2026-07-21 18:57:00-04:00,4084.5,374.7799987792969,4089.8777845276973
2026-07-21 18:58:00-04:00,4084.60009765625,374.7799987792969,4089.9278333558223
2026-07-21 18:59:00-04:00,4084.60009765625,374.7799987792969,4089.9278333558223
2026-07-21 19:00:00-04:00,4084.10009765625,374.7799987792969,4089.6778333558223
2026-07-21 19:01:00-04:00,4084.5,374.7799987792969,4089.8777845276973
2026-07-21 19:02:00-04:00,4084.5,374.7799987792969,4089.8777845276973
2026-07-21 19:03:00-04:00,4085.10009765625,374.7799987792969,4090.1778333558223
2026-07-21 19:04:00-04:00,4084.39990234375,374.7799987792969,4089.8277356995723
2026-07-21 19:05:00-04:00,4085.300048828125,374.7799987792969,4090.2778089417598
2026-07-21 19:06:00-04:00,4085.10009765625,374.7799987792969,4090.1778333558223
2026-07-21 19:07:00-04:00,4084.699951171875,374.7799987792969,4089.9777601136348
2026-07-21 19:08:00-04:00,4084.800048828125,374.7799987792969,4090.0278089417598
2026-07-21 19:09:00-04:00,4085.39990234375,374.7799987792969,4090.3277356995723
2026-07-21 19:10:00-04:00,4085.199951171875,374.7799987792969,4090.2277601136348
2026-07-21 19:11:00-04:00,4085.0,374.7799987792969,4090.1277845276973
2026-07-21 19:12:00-04:00,4085.39990234375,374.7799987792969,4090.3277356995723
2026-07-21 19:13:00-04:00,4085.39990234375,374.7799987792969,4090.3277356995723
2026-07-21 19:15:00-04:00,4085.0,374.7799987792969,4090.1277845276973
2026-07-21 19:16:00-04:00,4085.199951171875,374.7799987792969,4090.2277601136348
2026-07-21 19:18:00-04:00,4086.39990234375,374.7799987792969,4090.8277356995723
2026-07-21 19:19:00-04:00,4086.39990234375,374.7799987792969,4090.8277356995723
2026-07-21 19:20:00-04:00,4085.89990234375,374.7799987792969,4090.5777356995723
2026-07-21 19:22:00-04:00,4085.10009765625,374.7799987792969,4090.1778333558223
2026-07-21 19:23:00-04:00,4085.89990234375,374.7799987792969,4090.5777356995723
2026-07-21 19:24:00-04:00,4086.199951171875,374.7799987792969,4090.7277601136348
2026-07-21 19:25:00-04:00,4086.10009765625,374.7799987792969,4090.6778333558223
2026-07-21 19:26:00-04:00,4086.199951171875,374.7799987792969,4090.7277601136348
2026-07-21 19:27:00-04:00,4086.0,374.7799987792969,4090.6277845276973
2026-07-21 19:28:00-04:00,4086.39990234375,374.7799987792969,4090.8277356995723
2026-07-21 19:29:00-04:00,4085.199951171875,374.7799987792969,4090.2277601136348
2026-07-21 19:30:00-04:00,4085.300048828125,374.7799987792969,4090.2778089417598
2026-07-21 19:31:00-04:00,4085.60009765625,374.7799987792969,4090.4278333558223
2026-07-21 19:32:00-04:00,4085.699951171875,374.7799987792969,4090.4777601136348
2026-07-21 19:34:00-04:00,4084.89990234375,374.7799987792969,4090.0777356995723
2026-07-21 19:35:00-04:00,4084.800048828125,374.7799987792969,4090.0278089417598
2026-07-21 19:36:00-04:00,4085.800048828125,374.7799987792969,4090.5278089417598
2026-07-21 19:37:00-04:00,4085.60009765625,374.7799987792969,4090.4278333558223
2026-07-21 19:38:00-04:00,4086.300048828125,374.7799987792969,4090.7778089417598
2026-07-21 19:39:00-04:00,4086.10009765625,374.7799987792969,4090.6778333558223
2026-07-21 19:40:00-04:00,4086.0,374.7799987792969,4090.6277845276973
2026-07-21 19:41:00-04:00,4085.699951171875,374.7799987792969,4090.4777601136348
2026-07-21 19:42:00-04:00,4084.39990234375,374.7799987792969,4089.8277356995723
2026-07-21 19:43:00-04:00,4083.89990234375,374.7799987792969,4089.5777356995723
2026-07-21 19:44:00-04:00,4084.89990234375,374.7799987792969,4090.0777356995723
2026-07-21 19:45:00-04:00,4086.800048828125,374.7799987792969,4091.0278089417598
2026-07-21 19:46:00-04:00,4084.800048828125,374.7799987792969,4090.0278089417598
2026-07-21 19:47:00-04:00,4085.60009765625,374.7799987792969,4090.4278333558223
2026-07-21 19:48:00-04:00,4085.39990234375,374.7799987792969,4090.3277356995723
2026-07-21 19:49:00-04:00,4085.60009765625,374.7799987792969,4090.4278333558223
2026-07-21 19:50:00-04:00,4085.60009765625,374.7799987792969,4090.4278333558223
2026-07-21 19:51:00-04:00,4085.0,374.7799987792969,4090.1277845276973
2026-07-21 19:52:00-04:00,4085.199951171875,374.7799987792969,4090.2277601136348
2026-07-21 19:55:00-04:00,4085.0,374.7799987792969,4090.1277845276973
2026-07-21 19:56:00-04:00,4084.699951171875,374.7799987792969,4089.9777601136348
2026-07-21 19:57:00-04:00,4083.89990234375,374.7799987792969,4089.5777356995723
2026-07-21 19:59:00-04:00,4085.199951171875,374.7799987792969,4090.2277601136348
2026-07-21 20:00:00-04:00,4081.5,374.7799987792969,4088.3777845276973
2026-07-21 20:01:00-04:00,4082.39990234375,374.7799987792969,4088.8277356995723
2026-07-21 20:02:00-04:00,4084.300048828125,374.7799987792969,4089.7778089417598
2026-07-21 20:03:00-04:00,4084.89990234375,374.7799987792969,4090.0777356995723
2026-07-21 20:04:00-04:00,4087.199951171875,374.7799987792969,4091.2277601136348
2026-07-21 20:05:00-04:00,4085.89990234375,374.7799987792969,4090.5777356995723
2026-07-21 20:06:00-04:00,4090.300048828125,374.7799987792969,4092.7778089417598
2026-07-21 20:07:00-04:00,4093.5,374.7799987792969,4094.3777845276973
2026-07-21 20:08:00-04:00,4091.60009765625,374.7799987792969,4093.4278333558223
2026-07-21 20:09:00-04:00,4092.699951171875,374.7799987792969,4093.9777601136348
2026-07-21 20:10:00-04:00,4093.89990234375,374.7799987792969,4094.5777356995723
2026-07-21 20:11:00-04:00,4095.60009765625,374.7799987792969,4095.4278333558223
2026-07-21 20:12:00-04:00,4096.2998046875,374.7799987792969,4095.7776868714473
2026-07-21 20:13:00-04:00,4096.10009765625,374.7799987792969,4095.6778333558223
2026-07-21 20:14:00-04:00,4096.2998046875,374.7799987792969,4095.7776868714473
2026-07-21 20:15:00-04:00,4097.5,374.7799987792969,4096.377784527697
2026-07-21 20:16:00-04:00,4099.2001953125,374.7799987792969,4097.227882183947
2026-07-21 20:17:00-04:00,4100.89990234375,374.7799987792969,4098.077735699572
2026-07-21 20:18:00-04:00,4099.2998046875,374.7799987792969,4097.277686871447
2026-07-21 20:19:00-04:00,4100.10009765625,374.7799987792969,4097.677833355822
2026-07-21 20:20:00-04:00,4101.7998046875,374.7799987792969,4098.527686871447
2026-07-21 20:21:00-04:00,4099.7998046875,374.7799987792969,4097.527686871447
2026-07-21 20:22:00-04:00,4099.7998046875,374.7799987792969,4097.527686871447
2026-07-21 20:23:00-04:00,4102.0,374.7799987792969,4098.627784527697
2026-07-21 20:24:00-04:00,4101.7998046875,374.7799987792969,4098.527686871447
2026-07-21 20:25:00-04:00,4102.0,374.7799987792969,4098.627784527697
2026-07-21 20:26:00-04:00,4102.2998046875,374.7799987792969,4098.777686871447
2026-07-21 20:27:00-04:00,4102.2001953125,374.7799987792969,4098.727882183947
2026-07-21 20:28:00-04:00,4102.10009765625,374.7799987792969,4098.677833355822
2026-07-21 20:29:00-04:00,4103.0,374.7799987792969,4099.127784527697
2026-07-21 20:30:00-04:00,4101.2998046875,374.7799987792969,4098.277686871447
2026-07-21 20:31:00-04:00,4100.2998046875,374.7799987792969,4097.777686871447
2026-07-21 20:32:00-04:00,4096.39990234375,374.7799987792969,4095.8277356995723
2026-07-21 20:33:00-04:00,4095.800048828125,374.7799987792969,4095.5278089417598
2026-07-21 20:34:00-04:00,4096.39990234375,374.7799987792969,4095.8277356995723
2026-07-21 20:35:00-04:00,4096.0,374.7799987792969,4095.6277845276973
2026-07-21 20:36:00-04:00,4097.7001953125,374.7799987792969,4096.477882183947
2026-07-21 20:37:00-04:00,4098.7001953125,374.7799987792969,4096.977882183947
2026-07-21 20:38:00-04:00,4101.39990234375,374.7799987792969,4098.327735699572
2026-07-21 20:39:00-04:00,4099.60009765625,374.7799987792969,4097.427833355822
2026-07-21 20:40:00-04:00,4098.89990234375,374.7799987792969,4097.077735699572
2026-07-21 20:41:00-04:00,4099.0,374.7799987792969,4097.127784527697
2026-07-21 20:42:00-04:00,4099.7001953125,374.7799987792969,4097.477882183947
2026-07-21 20:43:00-04:00,4096.89990234375,374.7799987792969,4096.077735699572
2026-07-21 20:44:00-04:00,4097.2998046875,374.7799987792969,4096.277686871447
2026-07-21 20:45:00-04:00,4097.2001953125,374.7799987792969,4096.227882183947
2026-07-21 20:46:00-04:00,4097.60009765625,374.7799987792969,4096.427833355822
2026-07-21 20:47:00-04:00,4098.2001953125,374.7799987792969,4096.727882183947
2026-07-21 20:48:00-04:00,4101.2998046875,374.7799987792969,4098.277686871447
2026-07-21 20:49:00-04:00,4101.2998046875,374.7799987792969,4098.277686871447
2026-07-21 20:50:00-04:00,4100.0,374.7799987792969,4097.627784527697
2026-07-21 20:51:00-04:00,4100.0,374.7799987792969,4097.627784527697
2026-07-21 20:52:00-04:00,4098.7998046875,374.7799987792969,4097.027686871447
2026-07-21 20:53:00-04:00,4098.7998046875,374.7799987792969,4097.027686871447
2026-07-21 20:54:00-04:00,4098.7001953125,374.7799987792969,4096.977882183947
2026-07-21 20:55:00-04:00,4099.0,374.7799987792969,4097.127784527697
2026-07-21 20:56:00-04:00,4098.2998046875,374.7799987792969,4096.777686871447
2026-07-21 20:57:00-04:00,4100.0,374.7799987792969,4097.627784527697
2026-07-21 20:58:00-04:00,4101.10009765625,374.7799987792969,4098.177833355822
2026-07-21 20:59:00-04:00,4101.60009765625,374.7799987792969,4098.427833355822
2026-07-21 21:00:00-04:00,4112.0,374.7799987792969,4103.627784527697
2026-07-21 21:01:00-04:00,4109.60009765625,374.7799987792969,4102.427833355822
2026-07-21 21:02:00-04:00,4110.10009765625,374.7799987792969,4102.677833355822
2026-07-21 21:03:00-04:00,4112.60009765625,374.7799987792969,4103.927833355822
2026-07-21 21:04:00-04:00,4115.10009765625,374.7799987792969,4105.177833355822
2026-07-21 21:05:00-04:00,4117.60009765625,374.7799987792969,4106.427833355822
2026-07-21 21:06:00-04:00,4119.7001953125,374.7799987792969,4107.477882183947
2026-07-21 21:07:00-04:00,4119.60009765625,374.7799987792969,4107.427833355822
2026-07-21 21:08:00-04:00,4120.2998046875,374.7799987792969,4107.777686871447
2026-07-21 21:09:00-04:00,4120.60009765625,374.7799987792969,4107.927833355822
2026-07-21 21:10:00-04:00,4120.39990234375,374.7799987792969,4107.827735699572
2026-07-21 21:11:00-04:00,4118.2998046875,374.7799987792969,4106.777686871447
2026-07-21 21:12:00-04:00,4122.10009765625,374.7799987792969,4108.677833355822
2026-07-21 21:13:00-04:00,4122.10009765625,374.7799987792969,4108.677833355822
2026-07-21 21:14:00-04:00,4125.5,374.7799987792969,4110.377784527697
2026-07-21 21:15:00-04:00,4121.60009765625,374.7799987792969,4108.427833355822
2026-07-21 21:16:00-04:00,4120.10009765625,374.7799987792969,4107.677833355822
2026-07-21 21:17:00-04:00,4118.2001953125,374.7799987792969,4106.727882183947
2026-07-21 21:18:00-04:00,4117.39990234375,374.7799987792969,4106.327735699572
2026-07-21 21:19:00-04:00,4117.5,374.7799987792969,4106.377784527697
2026-07-21 21:20:00-04:00,4119.7998046875,374.7799987792969,4107.527686871447
2026-07-21 21:21:00-04:00,4119.39990234375,374.7799987792969,4107.327735699572
2026-07-21 21:22:00-04:00,4118.2001953125,374.7799987792969,4106.727882183947
2026-07-21 21:23:00-04:00,4116.5,374.7799987792969,4105.877784527697
2026-07-21 21:24:00-04:00,4116.7001953125,374.7799987792969,4105.977882183947
2026-07-21 21:25:00-04:00,4118.5,374.7799987792969,4106.877784527697
2026-07-21 21:26:00-04:00,4119.7001953125,374.7799987792969,4107.477882183947
2026-07-21 21:27:00-04:00,4120.2998046875,374.7799987792969,4107.777686871447
2026-07-21 21:28:00-04:00,4120.10009765625,374.7799987792969,4107.677833355822
2026-07-21 21:29:00-04:00,4120.2998046875,374.7799987792969,4107.777686871447
2026-07-21 21:30:00-04:00,4118.7001953125,374.7799987792969,4106.977882183947
2026-07-21 21:31:00-04:00,4117.7998046875,374.7799987792969,4106.527686871447
2026-07-21 21:32:00-04:00,4118.60009765625,374.7799987792969,4106.927833355822
2026-07-21 21:33:00-04:00,4120.10009765625,374.7799987792969,4107.677833355822
2026-07-21 21:34:00-04:00,4121.39990234375,374.7799987792969,4108.327735699572
2026-07-21 21:35:00-04:00,4122.2998046875,374.7799987792969,4108.777686871447
2026-07-21 21:36:00-04:00,4120.89990234375,374.7799987792969,4108.077735699572
2026-07-21 21:37:00-04:00,4121.10009765625,374.7799987792969,4108.177833355822
2026-07-21 21:38:00-04:00,4122.2001953125,374.7799987792969,4108.727882183947
2026-07-21 21:39:00-04:00,4124.10009765625,374.7799987792969,4109.677833355822
2026-07-21 21:40:00-04:00,4123.60009765625,374.7799987792969,4109.427833355822
2026-07-21 21:41:00-04:00,4123.5,374.7799987792969,4109.377784527697
2026-07-21 21:42:00-04:00,4126.39990234375,374.7799987792969,4110.827735699572
2026-07-21 21:43:00-04:00,4126.39990234375,374.7799987792969,4110.827735699572
2026-07-21 21:44:00-04:00,4125.89990234375,374.7799987792969,4110.577735699572
2026-07-21 21:45:00-04:00,4127.0,374.7799987792969,4111.127784527697
2026-07-21 21:46:00-04:00,4127.2001953125,374.7799987792969,4111.227882183947
2026-07-21 21:47:00-04:00,4127.89990234375,374.7799987792969,4111.577735699572
2026-07-21 21:48:00-04:00,4126.0,374.7799987792969,4110.627784527697
2026-07-21 21:49:00-04:00,4124.10009765625,374.7799987792969,4109.677833355822
2026-07-21 21:50:00-04:00,4123.2001953125,374.7799987792969,4109.227882183947
2026-07-21 21:51:00-04:00,4124.10009765625,374.7799987792969,4109.677833355822
2026-07-21 21:52:00-04:00,4125.10009765625,374.7799987792969,4110.177833355822
2026-07-21 21:53:00-04:00,4123.7001953125,374.7799987792969,4109.477882183947
2026-07-21 21:54:00-04:00,4124.7001953125,374.7799987792969,4109.977882183947
2026-07-21 21:55:00-04:00,4122.2001953125,374.7799987792969,4108.727882183947
2026-07-21 21:56:00-04:00,4124.10009765625,374.7799987792969,4109.677833355822
2026-07-21 21:57:00-04:00,4125.2001953125,374.7799987792969,4110.227882183947
2026-07-21 21:58:00-04:00,4125.7998046875,374.7799987792969,4110.527686871447
2026-07-21 21:59:00-04:00,4126.0,374.7799987792969,4110.627784527697
2026-07-21 22:00:00-04:00,4126.2998046875,374.7799987792969,4110.777686871447
2026-07-21 22:01:00-04:00,4126.39990234375,374.7799987792969,4110.827735699572
2026-07-21 22:02:00-04:00,4126.10009765625,374.7799987792969,4110.677833355822
2026-07-21 22:03:00-04:00,4124.2001953125,374.7799987792969,4109.727882183947
2026-07-21 22:04:00-04:00,4126.0,374.7799987792969,4110.627784527697
2026-07-21 22:05:00-04:00,4124.2001953125,374.7799987792969,4109.727882183947
2026-07-21 22:06:00-04:00,4124.2998046875,374.7799987792969,4109.777686871447
2026-07-21 22:07:00-04:00,4125.10009765625,374.7799987792969,4110.177833355822
2026-07-21 22:08:00-04:00,4125.10009765625,374.7799987792969,4110.177833355822
2026-07-21 22:09:00-04:00,4125.7998046875,374.7799987792969,4110.527686871447
2026-07-21 22:10:00-04:00,4126.7998046875,374.7799987792969,4111.027686871447
2026-07-21 22:11:00-04:00,4127.2998046875,374.7799987792969,4111.277686871447
2026-07-21 22:12:00-04:00,4125.2001953125,374.7799987792969,4110.227882183947
2026-07-21 22:13:00-04:00,4126.60009765625,374.7799987792969,4110.927833355822
2026-07-21 22:14:00-04:00,4126.2998046875,374.7799987792969,4110.777686871447
2026-07-21 22:15:00-04:00,4126.89990234375,374.7799987792969,4111.077735699572
2026-07-21 22:16:00-04:00,4127.7998046875,374.7799987792969,4111.527686871447
2026-07-21 22:17:00-04:00,4125.89990234375,374.7799987792969,4110.577735699572
2026-07-21 22:18:00-04:00,4125.2998046875,374.7799987792969,4110.277686871447
2026-07-21 22:19:00-04:00,4125.2001953125,374.7799987792969,4110.227882183947
2026-07-21 22:20:00-04:00,4126.7001953125,374.7799987792969,4110.977882183947
2026-07-21 22:21:00-04:00,4127.89990234375,374.7799987792969,4111.577735699572
2026-07-21 22:22:00-04:00,4129.39990234375,374.7799987792969,4112.327735699572
2026-07-21 22:23:00-04:00,4129.60009765625,374.7799987792969,4112.427833355822
2026-07-21 22:24:00-04:00,4129.2001953125,374.7799987792969,4112.227882183947
2026-07-21 22:25:00-04:00,4129.2998046875,374.7799987792969,4112.277686871447
2026-07-21 22:26:00-04:00,4129.60009765625,374.7799987792969,4112.427833355822
2026-07-21 22:27:00-04:00,4129.7998046875,374.7799987792969,4112.527686871447
2026-07-21 22:28:00-04:00,4130.2001953125,374.7799987792969,4112.727882183947
2026-07-21 22:29:00-04:00,4128.7998046875,374.7799987792969,4112.027686871447
2026-07-21 22:30:00-04:00,4128.89990234375,374.7799987792969,4112.077735699572
2026-07-21 22:31:00-04:00,4129.7001953125,374.7799987792969,4112.477882183947
2026-07-21 22:32:00-04:00,4133.60009765625,374.7799987792969,4114.427833355822
2026-07-21 22:33:00-04:00,4133.39990234375,374.7799987792969,4114.327735699572
2026-07-21 22:34:00-04:00,4134.60009765625,374.7799987792969,4114.927833355822
2026-07-21 22:35:00-04:00,4131.60009765625,374.7799987792969,4113.427833355822
2026-07-21 22:36:00-04:00,4132.0,374.7799987792969,4113.627784527697
2026-07-21 22:37:00-04:00,4130.7998046875,374.7799987792969,4113.027686871447
2026-07-21 22:38:00-04:00,4129.10009765625,374.7799987792969,4112.177833355822
2026-07-21 22:39:00-04:00,4129.2998046875,374.7799987792969,4112.277686871447
2026-07-21 22:40:00-04:00,4132.10009765625,374.7799987792969,4113.677833355822
2026-07-21 22:41:00-04:00,4131.89990234375,374.7799987792969,4113.577735699572
2026-07-21 22:42:00-04:00,4131.5,374.7799987792969,4113.377784527697
2026-07-21 22:43:00-04:00,4130.60009765625,374.7799987792969,4112.927833355822
2026-07-21 22:44:00-04:00,4133.0,374.7799987792969,4114.127784527697
2026-07-21 22:45:00-04:00,4132.89990234375,374.7799987792969,4114.077735699572
2026-07-21 22:46:00-04:00,4134.0,374.7799987792969,4114.627784527697
2026-07-21 22:47:00-04:00,4132.60009765625,374.7799987792969,4113.927833355822
2026-07-21 22:48:00-04:00,4133.0,374.7799987792969,4114.127784527697
2026-07-21 22:49:00-04:00,4132.60009765625,374.7799987792969,4113.927833355822
2026-07-21 22:50:00-04:00,4131.7998046875,374.7799987792969,4113.527686871447
2026-07-21 22:51:00-04:00,4131.60009765625,374.7799987792969,4113.427833355822
2026-07-21 22:52:00-04:00,4132.0,374.7799987792969,4113.627784527697
2026-07-21 22:53:00-04:00,4132.0,374.7799987792969,4113.627784527697
2026-07-21 22:54:00-04:00,4132.7001953125,374.7799987792969,4113.977882183947
2026-07-21 22:55:00-04:00,4132.39990234375,374.7799987792969,4113.827735699572
2026-07-21 22:56:00-04:00,4131.0,374.7799987792969,4113.127784527697
2026-07-21 22:57:00-04:00,4131.5,374.7799987792969,4113.377784527697
2026-07-21 22:58:00-04:00,4133.5,374.7799987792969,4114.377784527697
2026-07-21 22:59:00-04:00,4134.7001953125,374.7799987792969,4114.977882183947
2026-07-21 23:00:00-04:00,4135.2001953125,374.7799987792969,4115.227882183947
2026-07-21 23:01:00-04:00,4134.89990234375,374.7799987792969,4115.077735699572
2026-07-21 23:02:00-04:00,4136.39990234375,374.7799987792969,4115.827735699572
2026-07-21 23:03:00-04:00,4136.89990234375,374.7799987792969,4116.077735699572
2026-07-21 23:04:00-04:00,4138.0,374.7799987792969,4116.627784527697
2026-07-21 23:05:00-04:00,4138.5,374.7799987792969,4116.877784527697
2026-07-21 23:06:00-04:00,4141.39990234375,374.7799987792969,4118.327735699572
2026-07-21 23:07:00-04:00,4144.2001953125,374.7799987792969,4119.727882183947
2026-07-21 23:08:00-04:00,4142.60009765625,374.7799987792969,4118.927833355822
2026-07-21 23:09:00-04:00,4142.0,374.7799987792969,4118.627784527697
2026-07-21 23:10:00-04:00,4142.2998046875,374.7799987792969,4118.777686871447
2026-07-21 23:11:00-04:00,4141.0,374.7799987792969,4118.127784527697
2026-07-21 23:12:00-04:00,4140.7001953125,374.7799987792969,4117.977882183947
2026-07-21 23:13:00-04:00,4142.0,374.7799987792969,4118.627784527697
2026-07-21 23:14:00-04:00,4141.7998046875,374.7799987792969,4118.527686871447
2026-07-21 23:15:00-04:00,4143.60009765625,374.7799987792969,4119.427833355822
2026-07-21 23:16:00-04:00,4142.89990234375,374.7799987792969,4119.077735699572
2026-07-21 23:17:00-04:00,4142.7998046875,374.7799987792969,4119.027686871447
2026-07-21 23:18:00-04:00,4142.60009765625,374.7799987792969,4118.927833355822
2026-07-21 23:19:00-04:00,4143.39990234375,374.7799987792969,4119.327735699572
2026-07-21 23:20:00-04:00,4144.7998046875,374.7799987792969,4120.027686871447
2026-07-21 23:21:00-04:00,4144.5,374.7799987792969,4119.877784527697
2026-07-21 23:22:00-04:00,4144.7998046875,374.7799987792969,4120.027686871447
2026-07-21 23:23:00-04:00,4145.5,374.7799987792969,4120.377784527697
2026-07-21 23:24:00-04:00,4143.2001953125,374.7799987792969,4119.227882183947
2026-07-21 23:25:00-04:00,4143.60009765625,374.7799987792969,4119.427833355822
2026-07-21 23:26:00-04:00,4143.10009765625,374.7799987792969,4119.177833355822
2026-07-21 23:27:00-04:00,4143.2001953125,374.7799987792969,4119.227882183947
2026-07-21 23:28:00-04:00,4141.5,374.7799987792969,4118.377784527697
2026-07-21 23:29:00-04:00,4142.7998046875,374.7799987792969,4119.027686871447
2026-07-21 23:30:00-04:00,4141.60009765625,374.7799987792969,4118.427833355822
2026-07-21 23:31:00-04:00,4140.5,374.7799987792969,4117.877784527697
2026-07-21 23:32:00-04:00,4139.60009765625,374.7799987792969,4117.427833355822
2026-07-21 23:33:00-04:00,4139.2998046875,374.7799987792969,4117.277686871447
2026-07-21 23:34:00-04:00,4139.5,374.7799987792969,4117.377784527697
2026-07-21 23:35:00-04:00,4137.89990234375,374.7799987792969,4116.577735699572
2026-07-21 23:36:00-04:00,4137.7998046875,374.7799987792969,4116.527686871447
2026-07-21 23:37:00-04:00,4138.60009765625,374.7799987792969,4116.927833355822
2026-07-21 23:38:00-04:00,4139.60009765625,374.7799987792969,4117.427833355822
2026-07-21 23:39:00-04:00,4138.2998046875,374.7799987792969,4116.777686871447
2026-07-21 23:40:00-04:00,4137.5,374.7799987792969,4116.377784527697
2026-07-21 23:41:00-04:00,4138.0,374.7799987792969,4116.627784527697
2026-07-21 23:42:00-04:00,4137.7998046875,374.7799987792969,4116.527686871447
2026-07-21 23:43:00-04:00,4138.39990234375,374.7799987792969,4116.827735699572
2026-07-21 23:44:00-04:00,4138.10009765625,374.7799987792969,4116.677833355822
2026-07-21 23:45:00-04:00,4137.89990234375,374.7799987792969,4116.577735699572
2026-07-21 23:46:00-04:00,4137.5,374.7799987792969,4116.377784527697
2026-07-21 23:47:00-04:00,4138.2998046875,374.7799987792969,4116.777686871447
2026-07-21 23:48:00-04:00,4137.39990234375,374.7799987792969,4116.327735699572
2026-07-21 23:49:00-04:00,4137.2998046875,374.7799987792969,4116.277686871447
2026-07-21 23:50:00-04:00,4136.7001953125,374.7799987792969,4115.977882183947
2026-07-21 23:51:00-04:00,4136.2001953125,374.7799987792969,4115.727882183947
2026-07-21 23:52:00-04:00,4135.7998046875,374.7799987792969,4115.527686871447
2026-07-21 23:53:00-04:00,4135.5,374.7799987792969,4115.377784527697
2026-07-21 23:54:00-04:00,4135.39990234375,374.7799987792969,4115.327735699572
2026-07-21 23:55:00-04:00,4135.7998046875,374.7799987792969,4115.527686871447
2026-07-21 23:56:00-04:00,4135.39990234375,374.7799987792969,4115.327735699572
2026-07-21 23:57:00-04:00,4135.2998046875,374.7799987792969,4115.277686871447
2026-07-21 23:58:00-04:00,4135.5,374.7799987792969,4115.377784527697
2026-07-22 00:00:00-04:00,4134.39990234375,374.7799987792969,4114.827735699572
2026-07-22 00:01:00-04:00,4135.10009765625,374.7799987792969,4115.177833355822
2026-07-22 00:02:00-04:00,4133.5,374.7799987792969,4114.377784527697
2026-07-22 00:03:00-04:00,4131.89990234375,374.7799987792969,4113.577735699572
2026-07-22 00:04:00-04:00,4132.7998046875,374.7799987792969,4114.027686871447
2026-07-22 00:05:00-04:00,4134.39990234375,374.7799987792969,4114.827735699572
2026-07-22 00:06:00-04:00,4135.2001953125,374.7799987792969,4115.227882183947
2026-07-22 00:07:00-04:00,4133.89990234375,374.7799987792969,4114.577735699572
2026-07-22 00:08:00-04:00,4133.0,374.7799987792969,4114.127784527697
2026-07-22 00:09:00-04:00,4132.7001953125,374.7799987792969,4113.977882183947
2026-07-22 00:10:00-04:00,4132.39990234375,374.7799987792969,4113.827735699572
2026-07-22 00:11:00-04:00,4131.7998046875,374.7799987792969,4113.527686871447
2026-07-22 00:12:00-04:00,4131.2001953125,374.7799987792969,4113.227882183947
2026-07-22 00:13:00-04:00,4132.5,374.7799987792969,4113.877784527697
2026-07-22 00:14:00-04:00,4131.7001953125,374.7799987792969,4113.477882183947
2026-07-22 00:15:00-04:00,4132.7998046875,374.7799987792969,4114.027686871447
2026-07-22 00:16:00-04:00,4133.5,374.7799987792969,4114.377784527697
2026-07-22 00:17:00-04:00,4133.0,374.7799987792969,4114.127784527697
2026-07-22 00:18:00-04:00,4133.10009765625,374.7799987792969,4114.177833355822
2026-07-22 00:19:00-04:00,4133.0,374.7799987792969,4114.127784527697
2026-07-22 00:20:00-04:00,4133.10009765625,374.7799987792969,4114.177833355822
2026-07-22 00:21:00-04:00,4133.0,374.7799987792969,4114.127784527697
2026-07-22 00:22:00-04:00,4133.7001953125,374.7799987792969,4114.477882183947
2026-07-22 00:23:00-04:00,4133.7001953125,374.7799987792969,4114.477882183947
2026-07-22 00:24:00-04:00,4133.5,374.7799987792969,4114.377784527697
2026-07-22 00:25:00-04:00,4132.60009765625,374.7799987792969,4113.927833355822
2026-07-22 00:26:00-04:00,4132.60009765625,374.7799987792969,4113.927833355822
2026-07-22 00:27:00-04:00,4132.39990234375,374.7799987792969,4113.827735699572
2026-07-22 00:28:00-04:00,4133.0,374.7799987792969,4114.127784527697
2026-07-22 00:29:00-04:00,4133.60009765625,374.7799987792969,4114.427833355822
2026-07-22 00:30:00-04:00,4132.89990234375,374.7799987792969,4114.077735699572
2026-07-22 00:31:00-04:00,4133.2001953125,374.7799987792969,4114.227882183947
2026-07-22 00:32:00-04:00,4131.5,374.7799987792969,4113.377784527697
2026-07-22 00:33:00-04:00,4130.89990234375,374.7799987792969,4113.077735699572
2026-07-22 00:34:00-04:00,4131.2001953125,374.7799987792969,4113.227882183947
2026-07-22 00:35:00-04:00,4131.0,374.7799987792969,4113.127784527697
2026-07-22 00:36:00-04:00,4130.7998046875,374.7799987792969,4113.027686871447
2026-07-22 00:37:00-04:00,4130.2001953125,374.7799987792969,4112.727882183947
2026-07-22 00:38:00-04:00,4131.0,374.7799987792969,4113.127784527697
2026-07-22 00:39:00-04:00,4130.89990234375,374.7799987792969,4113.077735699572
2026-07-22 00:40:00-04:00,4131.10009765625,374.7799987792969,4113.177833355822
2026-07-22 00:41:00-04:00,4131.7001953125,374.7799987792969,4113.477882183947
2026-07-22 00:42:00-04:00,4131.7998046875,374.7799987792969,4113.527686871447
2026-07-22 00:43:00-04:00,4131.2998046875,374.7799987792969,4113.277686871447
2026-07-22 00:44:00-04:00,4131.89990234375,374.7799987792969,4113.577735699572
2026-07-22 00:45:00-04:00,4131.7998046875,374.7799987792969,4113.527686871447
2026-07-22 00:46:00-04:00,4131.39990234375,374.7799987792969,4113.327735699572
2026-07-22 00:47:00-04:00,4130.2001953125,374.7799987792969,4112.727882183947
2026-07-22 00:48:00-04:00,4130.89990234375,374.7799987792969,4113.077735699572
2026-07-22 00:49:00-04:00,4130.89990234375,374.7799987792969,4113.077735699572
2026-07-22 00:50:00-04:00,4131.5,374.7799987792969,4113.377784527697
2026-07-22 00:51:00-04:00,4130.2001953125,374.7799987792969,4112.727882183947
2026-07-22 00:52:00-04:00,4130.39990234375,374.7799987792969,4112.827735699572
2026-07-22 00:53:00-04:00,4130.2001953125,374.7799987792969,4112.727882183947
2026-07-22 00:54:00-04:00,4130.60009765625,374.7799987792969,4112.927833355822
2026-07-22 00:55:00-04:00,4130.7998046875,374.7799987792969,4113.027686871447
2026-07-22 00:56:00-04:00,4131.39990234375,374.7799987792969,4113.327735699572
2026-07-22 00:57:00-04:00,4131.39990234375,374.7799987792969,4113.327735699572
2026-07-22 00:58:00-04:00,4131.5,374.7799987792969,4113.377784527697
2026-07-22 00:59:00-04:00,4131.7998046875,374.7799987792969,4113.527686871447
2026-07-22 01:00:00-04:00,4131.0,374.7799987792969,4113.127784527697
2026-07-22 01:01:00-04:00,4132.2998046875,374.7799987792969,4113.777686871447
2026-07-22 01:02:00-04:00,4132.60009765625,374.7799987792969,4113.927833355822
2026-07-22 01:03:00-04:00,4132.89990234375,374.7799987792969,4114.077735699572
2026-07-22 01:04:00-04:00,4133.0,374.7799987792969,4114.127784527697
2026-07-22 01:05:00-04:00,4132.7001953125,374.7799987792969,4113.977882183947
2026-07-22 01:06:00-04:00,4133.10009765625,374.7799987792969,4114.177833355822
2026-07-22 01:07:00-04:00,4133.7998046875,374.7799987792969,4114.527686871447
2026-07-22 01:08:00-04:00,4133.0,374.7799987792969,4114.127784527697
2026-07-22 01:09:00-04:00,4131.7998046875,374.7799987792969,4113.527686871447
2026-07-22 01:10:00-04:00,4133.39990234375,374.7799987792969,4114.327735699572
2026-07-22 01:11:00-04:00,4133.39990234375,374.7799987792969,4114.327735699572
2026-07-22 01:12:00-04:00,4132.89990234375,374.7799987792969,4114.077735699572
2026-07-22 01:13:00-04:00,4132.89990234375,374.7799987792969,4114.077735699572
2026-07-22 01:14:00-04:00,4133.2001953125,374.7799987792969,4114.227882183947
2026-07-22 01:15:00-04:00,4131.89990234375,374.7799987792969,4113.577735699572
2026-07-22 01:16:00-04:00,4128.39990234375,374.7799987792969,4111.827735699572
2026-07-22 01:17:00-04:00,4129.10009765625,374.7799987792969,4112.177833355822
2026-07-22 01:18:00-04:00,4128.7001953125,374.7799987792969,4111.977882183947
2026-07-22 01:19:00-04:00,4128.5,374.7799987792969,4111.877784527697
2026-07-22 01:20:00-04:00,4128.5,374.7799987792969,4111.877784527697
2026-07-22 01:21:00-04:00,4128.7998046875,374.7799987792969,4112.027686871447
2026-07-22 01:22:00-04:00,4129.10009765625,374.7799987792969,4112.177833355822
2026-07-22 01:23:00-04:00,4128.89990234375,374.7799987792969,4112.077735699572
2026-07-22 01:24:00-04:00,4128.7998046875,374.7799987792969,4112.027686871447
2026-07-22 01:25:00-04:00,4129.2001953125,374.7799987792969,4112.227882183947
2026-07-22 01:26:00-04:00,4130.10009765625,374.7799987792969,4112.677833355822
2026-07-22 01:27:00-04:00,4129.5,374.7799987792969,4112.377784527697
2026-07-22 01:28:00-04:00,4128.39990234375,374.7799987792969,4111.827735699572
2026-07-22 01:29:00-04:00,4128.2998046875,374.7799987792969,4111.777686871447
2026-07-22 01:30:00-04:00,4132.0,374.7799987792969,4113.627784527697
2026-07-22 01:31:00-04:00,4132.5,374.7799987792969,4113.877784527697
2026-07-22 01:32:00-04:00,4131.89990234375,374.7799987792969,4113.577735699572
2026-07-22 01:33:00-04:00,4131.0,374.7799987792969,4113.127784527697
2026-07-22 01:34:00-04:00,4132.0,374.7799987792969,4113.627784527697
2026-07-22 01:35:00-04:00,4133.10009765625,374.7799987792969,4114.177833355822
2026-07-22 01:36:00-04:00,4134.2001953125,374.7799987792969,4114.727882183947
2026-07-22 01:37:00-04:00,4136.2001953125,374.7799987792969,4115.727882183947
2026-07-22 01:38:00-04:00,4136.89990234375,374.7799987792969,4116.077735699572
2026-07-22 01:39:00-04:00,4137.0,374.7799987792969,4116.127784527697
2026-07-22 01:40:00-04:00,4136.2001953125,374.7799987792969,4115.727882183947
2026-07-22 01:41:00-04:00,4136.10009765625,374.7799987792969,4115.677833355822
2026-07-22 01:42:00-04:00,4136.39990234375,374.7799987792969,4115.827735699572
2026-07-22 01:43:00-04:00,4136.7998046875,374.7799987792969,4116.027686871447
2026-07-22 01:44:00-04:00,4136.89990234375,374.7799987792969,4116.077735699572
2026-07-22 01:45:00-04:00,4136.2001953125,374.7799987792969,4115.727882183947
2026-07-22 01:51:00-04:00,4136.89990234375,374.7799987792969,4116.077735699572
2026-07-22 01:52:00-04:00,4137.0,374.7799987792969,4116.127784527697
2026-07-22 01:53:00-04:00,4136.2998046875,374.7799987792969,4115.777686871447
2026-07-22 01:54:00-04:00,4133.60009765625,374.7799987792969,4114.427833355822
2026-07-22 01:55:00-04:00,4133.7998046875,374.7799987792969,4114.527686871447
2026-07-22 01:56:00-04:00,4133.2998046875,374.7799987792969,4114.277686871447
2026-07-22 01:57:00-04:00,4133.60009765625,374.7799987792969,4114.427833355822
2026-07-22 01:58:00-04:00,4134.89990234375,374.7799987792969,4115.077735699572
2026-07-22 01:59:00-04:00,4135.5,374.7799987792969,4115.377784527697
2026-07-22 02:00:00-04:00,4138.2998046875,374.7799987792969,4116.777686871447
2026-07-22 02:01:00-04:00,4137.2998046875,374.7799987792969,4116.277686871447
2026-07-22 02:02:00-04:00,4137.39990234375,374.7799987792969,4116.327735699572
2026-07-22 02:03:00-04:00,4139.60009765625,374.7799987792969,4117.427833355822
2026-07-22 02:04:00-04:00,4138.7998046875,374.7799987792969,4117.027686871447
2026-07-22 02:05:00-04:00,4137.2998046875,374.7799987792969,4116.277686871447
2026-07-22 02:06:00-04:00,4136.10009765625,374.7799987792969,4115.677833355822
2026-07-22 02:07:00-04:00,4136.39990234375,374.7799987792969,4115.827735699572
2026-07-22 02:08:00-04:00,4135.7001953125,374.7799987792969,4115.477882183947
2026-07-22 02:09:00-04:00,4135.10009765625,374.7799987792969,4115.177833355822
2026-07-22 02:10:00-04:00,4135.60009765625,374.7799987792969,4115.427833355822
2026-07-22 02:11:00-04:00,4136.0,374.7799987792969,4115.627784527697
2026-07-22 02:12:00-04:00,4135.89990234375,374.7799987792969,4115.577735699572
2026-07-22 02:13:00-04:00,4134.39990234375,374.7799987792969,4114.827735699572
2026-07-22 02:14:00-04:00,4134.0,374.7799987792969,4114.627784527697
2026-07-22 02:15:00-04:00,4134.2998046875,374.7799987792969,4114.777686871447
2026-07-22 02:16:00-04:00,4134.5,374.7799987792969,4114.877784527697
2026-07-22 02:17:00-04:00,4135.39990234375,374.7799987792969,4115.327735699572
2026-07-22 02:18:00-04:00,4135.7998046875,374.7799987792969,4115.527686871447
2026-07-22 02:19:00-04:00,4134.7998046875,374.7799987792969,4115.027686871447
2026-07-22 02:20:00-04:00,4134.2998046875,374.7799987792969,4114.777686871447
2026-07-22 02:21:00-04:00,4134.0,374.7799987792969,4114.627784527697
2026-07-22 02:22:00-04:00,4134.2001953125,374.7799987792969,4114.727882183947
2026-07-22 02:23:00-04:00,4130.2998046875,374.7799987792969,4112.777686871447
2026-07-22 02:24:00-04:00,4129.5,374.7799987792969,4112.377784527697
2026-07-22 02:25:00-04:00,4126.39990234375,374.7799987792969,4110.827735699572
2026-07-22 02:26:00-04:00,4121.7998046875,374.7799987792969,4108.527686871447
2026-07-22 02:27:00-04:00,4121.2001953125,374.7799987792969,4108.227882183947
2026-07-22 02:28:00-04:00,4121.2998046875,374.7799987792969,4108.277686871447
2026-07-22 02:29:00-04:00,4121.7001953125,374.7799987792969,4108.477882183947
2026-07-22 02:30:00-04:00,4120.0,374.7799987792969,4107.627784527697
2026-07-22 02:31:00-04:00,4120.60009765625,374.7799987792969,4107.927833355822
2026-07-22 02:32:00-04:00,4121.7001953125,374.7799987792969,4108.477882183947
2026-07-22 02:33:00-04:00,4121.2998046875,374.7799987792969,4108.277686871447
2026-07-22 02:34:00-04:00,4123.5,374.7799987792969,4109.377784527697
2026-07-22 02:35:00-04:00,4123.60009765625,374.7799987792969,4109.427833355822
2026-07-22 02:36:00-04:00,4124.10009765625,374.7799987792969,4109.677833355822
2026-07-22 02:37:00-04:00,4121.5,374.7799987792969,4108.377784527697
2026-07-22 02:38:00-04:00,4120.89990234375,374.7799987792969,4108.077735699572
2026-07-22 02:39:00-04:00,4121.10009765625,374.7799987792969,4108.177833355822
2026-07-22 02:40:00-04:00,4121.89990234375,374.7799987792969,4108.577735699572
2026-07-22 02:41:00-04:00,4122.7001953125,374.7799987792969,4108.977882183947
2026-07-22 02:42:00-04:00,4122.10009765625,374.7799987792969,4108.677833355822
2026-07-22 02:43:00-04:00,4124.2998046875,374.7799987792969,4109.777686871447
2026-07-22 02:44:00-04:00,4122.89990234375,374.7799987792969,4109.077735699572
2026-07-22 02:45:00-04:00,4124.39990234375,374.7799987792969,4109.827735699572
2026-07-22 02:46:00-04:00,4123.5,374.7799987792969,4109.377784527697
2026-07-22 02:47:00-04:00,4123.2998046875,374.7799987792969,4109.277686871447
2026-07-22 02:48:00-04:00,4123.10009765625,374.7799987792969,4109.177833355822
2026-07-22 02:49:00-04:00,4121.60009765625,374.7799987792969,4108.427833355822
2026-07-22 02:50:00-04:00,4119.89990234375,374.7799987792969,4107.577735699572
2026-07-22 02:51:00-04:00,4119.39990234375,374.7799987792969,4107.327735699572
2026-07-22 02:52:00-04:00,4120.39990234375,374.7799987792969,4107.827735699572
2026-07-22 02:53:00-04:00,4120.89990234375,374.7799987792969,4108.077735699572
2026-07-22 02:54:00-04:00,4121.0,374.7799987792969,4108.127784527697
2026-07-22 02:55:00-04:00,4120.7998046875,374.7799987792969,4108.027686871447
2026-07-22 02:56:00-04:00,4120.5,374.7799987792969,4107.877784527697
2026-07-22 02:57:00-04:00,4119.2001953125,374.7799987792969,4107.227882183947
2026-07-22 02:58:00-04:00,4119.89990234375,374.7799987792969,4107.577735699572
2026-07-22 02:59:00-04:00,4121.0,374.7799987792969,4108.127784527697
2026-07-22 03:00:00-04:00,4120.7001953125,374.7799987792969,4107.977882183947
2026-07-22 03:01:00-04:00,4118.7001953125,374.7799987792969,4106.977882183947
2026-07-22 03:02:00-04:00,4119.2001953125,374.7799987792969,4107.227882183947
2026-07-22 03:03:00-04:00,4118.89990234375,374.7799987792969,4107.077735699572
2026-07-22 03:04:00-04:00,4116.89990234375,374.7799987792969,4106.077735699572
2026-07-22 03:05:00-04:00,4117.39990234375,374.7799987792969,4106.327735699572
2026-07-22 03:06:00-04:00,4118.0,374.7799987792969,4106.627784527697
2026-07-22 03:07:00-04:00,4119.10009765625,374.7799987792969,4107.177833355822
2026-07-22 03:08:00-04:00,4117.5,374.7799987792969,4106.377784527697
2026-07-22 03:09:00-04:00,4117.7001953125,374.7799987792969,4106.477882183947
2026-07-22 03:10:00-04:00,4118.0,374.7799987792969,4106.627784527697
2026-07-22 03:11:00-04:00,4117.39990234375,374.7799987792969,4106.327735699572
2026-07-22 03:12:00-04:00,4120.5,374.7799987792969,4107.877784527697
2026-07-22 03:13:00-04:00,4119.7998046875,374.7799987792969,4107.527686871447
2026-07-22 03:14:00-04:00,4120.5,374.7799987792969,4107.877784527697
2026-07-22 03:15:00-04:00,4120.89990234375,374.7799987792969,4108.077735699572
2026-07-22 03:16:00-04:00,4121.2001953125,374.7799987792969,4108.227882183947
2026-07-22 03:17:00-04:00,4122.60009765625,374.7799987792969,4108.927833355822
2026-07-22 03:18:00-04:00,4123.5,374.7799987792969,4109.377784527697
2026-07-22 03:19:00-04:00,4123.2998046875,374.7799987792969,4109.277686871447
2026-07-22 03:20:00-04:00,4123.5,374.7799987792969,4109.377784527697
2026-07-22 03:21:00-04:00,4125.5,374.7799987792969,4110.377784527697
2026-07-22 03:22:00-04:00,4124.0,374.7799987792969,4109.627784527697
2026-07-22 03:23:00-04:00,4123.5,374.7799987792969,4109.377784527697
2026-07-22 03:24:00-04:00,4122.2998046875,374.7799987792969,4108.777686871447
2026-07-22 03:25:00-04:00,4123.2998046875,374.7799987792969,4109.277686871447
2026-07-22 03:26:00-04:00,4123.5,374.7799987792969,4109.377784527697
2026-07-22 03:27:00-04:00,4123.89990234375,374.7799987792969,4109.577735699572
2026-07-22 03:28:00-04:00,4123.60009765625,374.7799987792969,4109.427833355822
2026-07-22 03:29:00-04:00,4124.0,374.7799987792969,4109.627784527697
2026-07-22 03:30:00-04:00,4125.0,374.7799987792969,4110.127784527697
2026-07-22 03:31:00-04:00,4124.60009765625,374.7799987792969,4109.927833355822
2026-07-22 03:32:00-04:00,4123.60009765625,374.7799987792969,4109.427833355822
2026-07-22 03:33:00-04:00,4122.7001953125,374.7799987792969,4108.977882183947
2026-07-22 03:34:00-04:00,4122.7001953125,374.7799987792969,4108.977882183947
2026-07-22 03:35:00-04:00,4122.10009765625,374.7799987792969,4108.677833355822
2026-07-22 03:36:00-04:00,4121.60009765625,374.7799987792969,4108.427833355822
2026-07-22 03:37:00-04:00,4121.5,374.7799987792969,4108.377784527697
2026-07-22 03:38:00-04:00,4120.7998046875,374.7799987792969,4108.027686871447
2026-07-22 03:39:00-04:00,4119.60009765625,374.7799987792969,4107.427833355822
2026-07-22 03:40:00-04:00,4118.2001953125,374.7799987792969,4106.727882183947
2026-07-22 03:41:00-04:00,4116.39990234375,374.7799987792969,4105.827735699572
2026-07-22 03:42:00-04:00,4115.39990234375,374.7799987792969,4105.327735699572
2026-07-22 03:43:00-04:00,4117.2001953125,374.7799987792969,4106.227882183947
2026-07-22 03:44:00-04:00,4116.5,374.7799987792969,4105.877784527697
2026-07-22 03:45:00-04:00,4116.60009765625,374.7799987792969,4105.927833355822
2026-07-22 03:46:00-04:00,4115.2998046875,374.7799987792969,4105.277686871447
2026-07-22 03:47:00-04:00,4115.10009765625,374.7799987792969,4105.177833355822
2026-07-22 03:48:00-04:00,4115.60009765625,374.7799987792969,4105.427833355822
2026-07-22 03:49:00-04:00,4114.2998046875,374.7799987792969,4104.777686871447
2026-07-22 03:50:00-04:00,4114.5,374.7799987792969,4104.877784527697
2026-07-22 03:51:00-04:00,4115.10009765625,374.7799987792969,4105.177833355822
2026-07-22 03:52:00-04:00,4114.7001953125,374.7799987792969,4104.977882183947
2026-07-22 03:53:00-04:00,4117.5,374.7799987792969,4106.377784527697
2026-07-22 03:54:00-04:00,4118.0,374.7799987792969,4106.627784527697
2026-07-22 03:55:00-04:00,4116.7998046875,374.7799987792969,4106.027686871447
2026-07-22 03:56:00-04:00,4117.5,374.7799987792969,4106.377784527697
2026-07-22 03:57:00-04:00,4116.89990234375,374.7799987792969,4106.077735699572
2026-07-22 03:58:00-04:00,4113.7998046875,374.7799987792969,4104.527686871447
2026-07-22 03:59:00-04:00,4114.60009765625,374.7799987792969,4104.927833355822
2026-07-22 04:00:00-04:00,4117.89990234375,374.7799987792969,4106.577735699572
2026-07-22 04:01:00-04:00,4116.2001953125,374.7799987792969,4105.727882183947
2026-07-22 04:02:00-04:00,4116.0,374.7799987792969,4105.627784527697
2026-07-22 04:03:00-04:00,4117.5,374.7799987792969,4106.377784527697
2026-07-22 04:04:00-04:00,4119.2998046875,374.7799987792969,4107.277686871447
2026-07-22 04:05:00-04:00,4119.2001953125,374.7799987792969,4107.227882183947
2026-07-22 04:06:00-04:00,4118.10009765625,374.7799987792969,4106.677833355822
2026-07-22 04:07:00-04:00,4119.7001953125,374.7799987792969,4107.477882183947
2026-07-22 04:08:00-04:00,4119.7001953125,374.7799987792969,4107.477882183947
2026-07-22 04:09:00-04:00,4118.7001953125,374.7799987792969,4106.977882183947
2026-07-22 04:10:00-04:00,4117.39990234375,374.7799987792969,4106.327735699572
2026-07-22 04:11:00-04:00,4117.2998046875,374.7799987792969,4106.277686871447
2026-07-22 04:12:00-04:00,4118.7998046875,374.7799987792969,4107.027686871447
2026-07-22 04:13:00-04:00,4119.89990234375,374.7799987792969,4107.577735699572
2026-07-22 04:14:00-04:00,4118.89990234375,374.7799987792969,4107.077735699572
2026-07-22 04:15:00-04:00,4118.89990234375,374.7799987792969,4107.077735699572
2026-07-22 04:16:00-04:00,4119.0,374.7799987792969,4107.127784527697
2026-07-22 04:17:00-04:00,4119.10009765625,374.7799987792969,4107.177833355822
2026-07-22 04:18:00-04:00,4119.7998046875,374.7799987792969,4107.527686871447
2026-07-22 04:19:00-04:00,4119.0,374.7799987792969,4107.127784527697
2026-07-22 04:20:00-04:00,4120.2001953125,374.7799987792969,4107.727882183947
2026-07-22 04:21:00-04:00,4121.2998046875,374.7799987792969,4108.277686871447
2026-07-22 04:22:00-04:00,4121.2001953125,374.7799987792969,4108.227882183947
2026-07-22 04:23:00-04:00,4122.10009765625,374.7799987792969,4108.677833355822
2026-07-22 04:24:00-04:00,4121.2001953125,374.7799987792969,4108.227882183947
2026-07-22 04:25:00-04:00,4121.89990234375,374.7799987792969,4108.577735699572
2026-07-22 04:26:00-04:00,4120.7001953125,374.7799987792969,4107.977882183947
2026-07-22 04:27:00-04:00,4119.7998046875,374.7799987792969,4107.527686871447
2026-07-22 04:28:00-04:00,4121.60009765625,374.7799987792969,4108.427833355822
2026-07-22 04:29:00-04:00,4121.7998046875,374.7799987792969,4108.527686871447
2026-07-22 04:30:00-04:00,4122.5,374.7799987792969,4108.877784527697
2026-07-22 04:31:00-04:00,4123.2001953125,374.7799987792969,4109.227882183947
2026-07-22 04:32:00-04:00,4122.0,374.7799987792969,4108.627784527697
2026-07-22 04:33:00-04:00,4122.60009765625,374.7799987792969,4108.927833355822
2026-07-22 04:34:00-04:00,4122.39990234375,374.7799987792969,4108.827735699572
2026-07-22 04:35:00-04:00,4122.2001953125,374.7799987792969,4108.727882183947
2026-07-22 04:36:00-04:00,4122.89990234375,374.7799987792969,4109.077735699572
2026-07-22 04:37:00-04:00,4122.2998046875,374.7799987792969,4108.777686871447
2026-07-22 04:38:00-04:00,4121.2998046875,374.7799987792969,4108.277686871447
2026-07-22 04:39:00-04:00,4121.10009765625,374.7799987792969,4108.177833355822
2026-07-22 04:40:00-04:00,4121.60009765625,374.7799987792969,4108.427833355822
2026-07-22 04:41:00-04:00,4121.10009765625,374.7799987792969,4108.177833355822
2026-07-22 04:42:00-04:00,4120.7001953125,374.7799987792969,4107.977882183947
2026-07-22 04:43:00-04:00,4119.89990234375,374.7799987792969,4107.577735699572
2026-07-22 04:44:00-04:00,4118.7998046875,374.7799987792969,4107.027686871447
2026-07-22 04:45:00-04:00,4120.0,374.7799987792969,4107.627784527697
2026-07-22 04:46:00-04:00,4118.5,374.7799987792969,4106.877784527697
2026-07-22 04:47:00-04:00,4118.60009765625,374.7799987792969,4106.927833355822
2026-07-22 04:48:00-04:00,4117.7998046875,374.7799987792969,4106.527686871447
2026-07-22 04:49:00-04:00,4118.7998046875,374.7799987792969,4107.027686871447
2026-07-22 04:50:00-04:00,4118.7998046875,374.7799987792969,4107.027686871447
2026-07-22 04:51:00-04:00,4119.2001953125,374.7799987792969,4107.227882183947
2026-07-22 04:52:00-04:00,4119.89990234375,374.7799987792969,4107.577735699572
2026-07-22 04:53:00-04:00,4121.5,374.7799987792969,4108.377784527697
2026-07-22 04:54:00-04:00,4121.7998046875,374.7799987792969,4108.527686871447
2026-07-22 04:55:00-04:00,4122.2998046875,374.7799987792969,4108.777686871447
2026-07-22 04:56:00-04:00,4123.10009765625,374.7799987792969,4109.177833355822
2026-07-22 04:57:00-04:00,4122.89990234375,374.7799987792969,4109.077735699572
2026-07-22 04:58:00-04:00,4123.0,374.7799987792969,4109.127784527697
2026-07-22 04:59:00-04:00,4122.2998046875,374.7799987792969,4108.777686871447
2026-07-22 05:00:00-04:00,4123.5,374.7799987792969,4109.377784527697
2026-07-22 05:01:00-04:00,4123.7001953125,374.7799987792969,4109.477882183947
2026-07-22 05:02:00-04:00,4123.89990234375,374.7799987792969,4109.577735699572
2026-07-22 05:03:00-04:00,4124.10009765625,374.7799987792969,4109.677833355822
2026-07-22 05:04:00-04:00,4124.0,374.7799987792969,4109.627784527697
2026-07-22 05:05:00-04:00,4123.7998046875,374.7799987792969,4109.527686871447
2026-07-22 05:06:00-04:00,4122.89990234375,374.7799987792969,4109.077735699572
2026-07-22 05:07:00-04:00,4125.7001953125,374.7799987792969,4110.477882183947
2026-07-22 05:08:00-04:00,4124.7998046875,374.7799987792969,4110.027686871447
2026-07-22 05:09:00-04:00,4124.2001953125,374.7799987792969,4109.727882183947
2026-07-22 05:10:00-04:00,4124.7001953125,374.7799987792969,4109.977882183947
2026-07-22 05:11:00-04:00,4125.7998046875,374.7799987792969,4110.527686871447
2026-07-22 05:12:00-04:00,4125.10009765625,374.7799987792969,4110.177833355822
2026-07-22 05:13:00-04:00,4125.7998046875,374.7799987792969,4110.527686871447
2026-07-22 05:14:00-04:00,4125.7998046875,374.7799987792969,4110.527686871447
2026-07-22 05:15:00-04:00,4124.2001953125,374.7799987792969,4109.727882183947
2026-07-22 05:16:00-04:00,4124.7001953125,374.7799987792969,4109.977882183947
2026-07-22 05:17:00-04:00,4124.7001953125,374.7799987792969,4109.977882183947
2026-07-22 05:18:00-04:00,4125.60009765625,374.7799987792969,4110.427833355822
2026-07-22 05:19:00-04:00,4126.2001953125,374.7799987792969,4110.727882183947
2026-07-22 05:20:00-04:00,4126.10009765625,374.7799987792969,4110.677833355822
2026-07-22 05:21:00-04:00,4123.89990234375,374.7799987792969,4109.577735699572
2026-07-22 05:22:00-04:00,4125.10009765625,374.7799987792969,4110.177833355822
2026-07-22 05:23:00-04:00,4125.0,374.7799987792969,4110.127784527697
2026-07-22 05:24:00-04:00,4124.89990234375,374.7799987792969,4110.077735699572
2026-07-22 05:25:00-04:00,4125.0,374.7799987792969,4110.127784527697
2026-07-22 05:26:00-04:00,4124.2001953125,374.7799987792969,4109.727882183947
2026-07-22 05:27:00-04:00,4124.7998046875,374.7799987792969,4110.027686871447
2026-07-22 05:28:00-04:00,4123.7001953125,374.7799987792969,4109.477882183947
2026-07-22 05:29:00-04:00,4122.60009765625,374.7799987792969,4108.927833355822
2026-07-22 05:30:00-04:00,4122.0,374.7799987792969,4108.627784527697
2026-07-22 05:31:00-04:00,4122.5,374.7799987792969,4108.877784527697
2026-07-22 05:32:00-04:00,4122.5,374.7799987792969,4108.877784527697
2026-07-22 05:33:00-04:00,4122.0,374.7799987792969,4108.627784527697
2026-07-22 05:34:00-04:00,4121.5,374.7799987792969,4108.377784527697
2026-07-22 05:35:00-04:00,4121.5,374.7799987792969,4108.377784527697
2026-07-22 05:36:00-04:00,4122.2998046875,374.7799987792969,4108.777686871447
2026-07-22 05:37:00-04:00,4121.10009765625,374.7799987792969,4108.177833355822
2026-07-22 05:38:00-04:00,4120.10009765625,374.7799987792969,4107.677833355822
2026-07-22 05:39:00-04:00,4118.7998046875,374.7799987792969,4107.027686871447
2026-07-22 05:40:00-04:00,4120.89990234375,374.7799987792969,4108.077735699572
2026-07-22 05:41:00-04:00,4121.60009765625,374.7799987792969,4108.427833355822
2026-07-22 05:42:00-04:00,4122.2001953125,374.7799987792969,4108.727882183947
2026-07-22 05:43:00-04:00,4122.2001953125,374.7799987792969,4108.727882183947
2026-07-22 05:44:00-04:00,4120.5,374.7799987792969,4107.877784527697
2026-07-22 05:45:00-04:00,4120.10009765625,374.7799987792969,4107.677833355822
2026-07-22 05:46:00-04:00,4120.7001953125,374.7799987792969,4107.977882183947
2026-07-22 05:47:00-04:00,4121.39990234375,374.7799987792969,4108.327735699572
2026-07-22 05:48:00-04:00,4121.2001953125,374.7799987792969,4108.227882183947
2026-07-22 05:49:00-04:00,4121.10009765625,374.7799987792969,4108.177833355822
2026-07-22 05:50:00-04:00,4121.2001953125,374.7799987792969,4108.227882183947
2026-07-22 05:51:00-04:00,4120.2998046875,374.7799987792969,4107.777686871447
2026-07-22 05:52:00-04:00,4119.89990234375,374.7799987792969,4107.577735699572
2026-07-22 05:53:00-04:00,4117.7001953125,374.7799987792969,4106.477882183947
2026-07-22 05:54:00-04:00,4119.39990234375,374.7799987792969,4107.327735699572
2026-07-22 05:55:00-04:00,4120.7001953125,374.7799987792969,4107.977882183947
2026-07-22 05:56:00-04:00,4121.5,374.7799987792969,4108.377784527697
2026-07-22 05:57:00-04:00,4119.60009765625,374.7799987792969,4107.427833355822
2026-07-22 05:58:00-04:00,4119.2001953125,374.7799987792969,4107.227882183947
2026-07-22 05:59:00-04:00,4118.7998046875,374.7799987792969,4107.027686871447
2026-07-22 06:00:00-04:00,4121.2001953125,374.7799987792969,4108.227882183947
2026-07-22 06:01:00-04:00,4121.2001953125,374.7799987792969,4108.227882183947
2026-07-22 06:02:00-04:00,4123.2001953125,374.7799987792969,4109.227882183947
2026-07-22 06:03:00-04:00,4121.0,374.7799987792969,4108.127784527697
2026-07-22 06:04:00-04:00,4120.7001953125,374.7799987792969,4107.977882183947
2026-07-22 06:05:00-04:00,4121.10009765625,374.7799987792969,4108.177833355822
2026-07-22 06:06:00-04:00,4121.5,374.7799987792969,4108.377784527697
2026-07-22 06:07:00-04:00,4121.60009765625,374.7799987792969,4108.427833355822
2026-07-22 06:08:00-04:00,4120.89990234375,374.7799987792969,4108.077735699572
2026-07-22 06:09:00-04:00,4120.60009765625,374.7799987792969,4107.927833355822
2026-07-22 06:10:00-04:00,4121.5,374.7799987792969,4108.377784527697
2026-07-22 06:11:00-04:00,4121.2998046875,374.7799987792969,4108.277686871447
2026-07-22 06:12:00-04:00,4121.7001953125,374.7799987792969,4108.477882183947
2026-07-22 06:13:00-04:00,4122.39990234375,374.7799987792969,4108.827735699572
2026-07-22 06:14:00-04:00,4121.7998046875,374.7799987792969,4108.527686871447
2026-07-22 06:15:00-04:00,4122.5,374.7799987792969,4108.877784527697
2026-07-22 06:16:00-04:00,4121.60009765625,374.7799987792969,4108.427833355822
2026-07-22 06:17:00-04:00,4122.5,374.7799987792969,4108.877784527697
2026-07-22 06:18:00-04:00,4123.0,374.7799987792969,4109.127784527697
2026-07-22 06:19:00-04:00,4122.2001953125,374.7799987792969,4108.727882183947
2026-07-22 06:20:00-04:00,4123.7998046875,374.7799987792969,4109.527686871447
2026-07-22 06:21:00-04:00,4124.10009765625,374.7799987792969,4109.677833355822
2026-07-22 06:22:00-04:00,4124.2998046875,374.7799987792969,4109.777686871447
2026-07-22 06:23:00-04:00,4123.7998046875,374.7799987792969,4109.527686871447
2026-07-22 06:24:00-04:00,4125.5,374.7799987792969,4110.377784527697
2026-07-22 06:25:00-04:00,4125.0,374.7799987792969,4110.127784527697
2026-07-22 06:26:00-04:00,4124.89990234375,374.7799987792969,4110.077735699572
2026-07-22 06:27:00-04:00,4125.2001953125,374.7799987792969,4110.227882183947
2026-07-22 06:28:00-04:00,4123.60009765625,374.7799987792969,4109.427833355822
2026-07-22 06:29:00-04:00,4123.5,374.7799987792969,4109.377784527697
2026-07-22 06:30:00-04:00,4123.60009765625,374.7799987792969,4109.427833355822
2026-07-22 06:31:00-04:00,4122.60009765625,374.7799987792969,4108.927833355822
2026-07-22 06:32:00-04:00,4122.5,374.7799987792969,4108.877784527697
2026-07-22 06:33:00-04:00,4123.10009765625,374.7799987792969,4109.177833355822
2026-07-22 06:34:00-04:00,4123.2001953125,374.7799987792969,4109.227882183947
2026-07-22 06:35:00-04:00,4121.89990234375,374.7799987792969,4108.577735699572
2026-07-22 06:36:00-04:00,4122.2998046875,374.7799987792969,4108.777686871447
2026-07-22 06:37:00-04:00,4122.2998046875,374.7799987792969,4108.777686871447
2026-07-22 06:38:00-04:00,4121.60009765625,374.7799987792969,4108.427833355822
2026-07-22 06:39:00-04:00,4121.10009765625,374.7799987792969,4108.177833355822
2026-07-22 06:40:00-04:00,4121.0,374.7799987792969,4108.127784527697
2026-07-22 06:41:00-04:00,4120.89990234375,374.7799987792969,4108.077735699572
2026-07-22 06:42:00-04:00,4120.7001953125,374.7799987792969,4107.977882183947
2026-07-22 06:43:00-04:00,4121.10009765625,374.7799987792969,4108.177833355822
2026-07-22 06:44:00-04:00,4121.2001953125,374.7799987792969,4108.227882183947
2026-07-22 06:45:00-04:00,4121.39990234375,374.7799987792969,4108.327735699572
2026-07-22 06:46:00-04:00,4121.10009765625,374.7799987792969,4108.177833355822
2026-07-22 06:47:00-04:00,4121.2001953125,374.7799987792969,4108.227882183947
2026-07-22 06:48:00-04:00,4122.2001953125,374.7799987792969,4108.727882183947
2026-07-22 06:49:00-04:00,4123.0,374.7799987792969,4109.127784527697
2026-07-22 06:50:00-04:00,4124.2001953125,374.7799987792969,4109.727882183947
2026-07-22 06:51:00-04:00,4123.7998046875,374.7799987792969,4109.527686871447
2026-07-22 06:52:00-04:00,4123.2998046875,374.7799987792969,4109.277686871447
2026-07-22 06:53:00-04:00,4122.5,374.7799987792969,4108.877784527697
2026-07-22 06:54:00-04:00,4122.7001953125,374.7799987792969,4108.977882183947
2026-07-22 06:55:00-04:00,4121.5,374.7799987792969,4108.377784527697
2026-07-22 06:56:00-04:00,4121.7998046875,374.7799987792969,4108.527686871447
2026-07-22 06:57:00-04:00,4120.60009765625,374.7799987792969,4107.927833355822
2026-07-22 06:58:00-04:00,4121.2998046875,374.7799987792969,4108.277686871447
2026-07-22 06:59:00-04:00,4121.2001953125,374.7799987792969,4108.227882183947
2026-07-22 07:00:00-04:00,4121.10009765625,374.7799987792969,4108.177833355822
2026-07-22 07:01:00-04:00,4120.60009765625,374.7799987792969,4107.927833355822
2026-07-22 07:02:00-04:00,4120.39990234375,374.7799987792969,4107.827735699572
2026-07-22 07:03:00-04:00,4121.60009765625,374.7799987792969,4108.427833355822
2026-07-22 07:04:00-04:00,4121.2998046875,374.7799987792969,4108.277686871447
2026-07-22 07:05:00-04:00,4121.7001953125,374.7799987792969,4108.477882183947
2026-07-22 07:06:00-04:00,4122.2998046875,374.7799987792969,4108.777686871447
2026-07-22 07:07:00-04:00,4121.0,374.7799987792969,4108.127784527697
2026-07-22 07:08:00-04:00,4120.89990234375,374.7799987792969,4108.077735699572
2026-07-22 07:09:00-04:00,4123.2001953125,374.7799987792969,4109.227882183947
2026-07-22 07:10:00-04:00,4122.2998046875,374.7799987792969,4108.777686871447
2026-07-22 07:11:00-04:00,4122.7998046875,374.7799987792969,4109.027686871447
2026-07-22 07:12:00-04:00,4124.5,374.7799987792969,4109.877784527697
2026-07-22 07:13:00-04:00,4123.89990234375,374.7799987792969,4109.577735699572
2026-07-22 07:14:00-04:00,4123.39990234375,374.7799987792969,4109.327735699572
2026-07-22 07:15:00-04:00,4124.0,374.7799987792969,4109.627784527697
2026-07-22 07:16:00-04:00,4125.7001953125,374.7799987792969,4110.477882183947
2026-07-22 07:17:00-04:00,4127.0,374.7799987792969,4111.127784527697
2026-07-22 07:18:00-04:00,4126.2001953125,374.7799987792969,4110.727882183947
2026-07-22 07:19:00-04:00,4125.60009765625,374.7799987792969,4110.427833355822
2026-07-22 07:20:00-04:00,4126.2998046875,374.7799987792969,4110.777686871447
2026-07-22 07:21:00-04:00,4126.60009765625,374.7799987792969,4110.927833355822
2026-07-22 07:22:00-04:00,4125.7998046875,374.7799987792969,4110.527686871447
2026-07-22 07:23:00-04:00,4125.7001953125,374.7799987792969,4110.477882183947
2026-07-22 07:24:00-04:00,4125.0,374.7799987792969,4110.127784527697
2026-07-22 07:25:00-04:00,4124.0,374.7799987792969,4109.627784527697
2026-07-22 07:26:00-04:00,4122.2998046875,374.7799987792969,4108.777686871447
2026-07-22 07:27:00-04:00,4122.7001953125,374.7799987792969,4108.977882183947
2026-07-22 07:28:00-04:00,4123.0,374.7799987792969,4109.127784527697
2026-07-22 07:29:00-04:00,4123.2001953125,374.7799987792969,4109.227882183947
2026-07-22 07:30:00-04:00,4123.39990234375,374.7799987792969,4109.327735699572
2026-07-22 07:31:00-04:00,4124.10009765625,374.7799987792969,4109.677833355822
2026-07-22 07:32:00-04:00,4124.2001953125,374.7799987792969,4109.727882183947
2026-07-22 07:33:00-04:00,4124.2001953125,374.7799987792969,4109.727882183947
2026-07-22 07:34:00-04:00,4124.7001953125,374.7799987792969,4109.977882183947
2026-07-22 07:35:00-04:00,4122.7001953125,374.7799987792969,4108.977882183947
2026-07-22 07:36:00-04:00,4123.7998046875,374.7799987792969,4109.527686871447
2026-07-22 07:37:00-04:00,4122.60009765625,374.7799987792969,4108.927833355822
2026-07-22 07:38:00-04:00,4123.2998046875,374.7799987792969,4109.277686871447
2026-07-22 07:39:00-04:00,4122.89990234375,374.7799987792969,4109.077735699572
2026-07-22 07:40:00-04:00,4121.2001953125,374.7799987792969,4108.227882183947
2026-07-22 07:41:00-04:00,4121.60009765625,374.7799987792969,4108.427833355822
2026-07-22 07:42:00-04:00,4120.7001953125,374.7799987792969,4107.977882183947
2026-07-22 07:43:00-04:00,4118.2998046875,374.7799987792969,4106.777686871447
2026-07-22 07:44:00-04:00,4119.7998046875,374.7799987792969,4107.527686871447
2026-07-22 07:45:00-04:00,4120.7998046875,374.7799987792969,4108.027686871447
2026-07-22 07:46:00-04:00,4120.7001953125,374.7799987792969,4107.977882183947
2026-07-22 07:47:00-04:00,4123.2001953125,374.7799987792969,4109.227882183947
2026-07-22 07:48:00-04:00,4123.7001953125,374.7799987792969,4109.477882183947
2026-07-22 07:49:00-04:00,4124.89990234375,374.7799987792969,4110.077735699572
2026-07-22 07:50:00-04:00,4124.2998046875,374.7799987792969,4109.777686871447
2026-07-22 07:51:00-04:00,4125.0,374.7799987792969,4110.127784527697
2026-07-22 07:52:00-04:00,4124.0,374.7799987792969,4109.627784527697
2026-07-22 07:53:00-04:00,4123.5,374.7799987792969,4109.377784527697
2026-07-22 07:54:00-04:00,4124.39990234375,374.7799987792969,4109.827735699572
2026-07-22 07:55:00-04:00,4124.0,374.7799987792969,4109.627784527697
2026-07-22 07:56:00-04:00,4125.89990234375,374.7799987792969,4110.577735699572
2026-07-22 07:57:00-04:00,4127.0,374.7799987792969,4111.127784527697
2026-07-22 07:58:00-04:00,4127.2998046875,374.7799987792969,4111.277686871447
2026-07-22 07:59:00-04:00,4127.39990234375,374.7799987792969,4111.327735699572
2026-07-22 08:00:00-04:00,4129.39990234375,374.7799987792969,4112.327735699572
2026-07-22 08:01:00-04:00,4130.7001953125,374.7799987792969,4112.977882183947
2026-07-22 08:02:00-04:00,4129.39990234375,374.7799987792969,4112.327735699572
2026-07-22 08:03:00-04:00,4130.39990234375,374.7799987792969,4112.827735699572
2026-07-22 08:04:00-04:00,4130.0,374.7799987792969,4112.627784527697
2026-07-22 08:05:00-04:00,4130.60009765625,374.7799987792969,4112.927833355822
2026-07-22 08:06:00-04:00,4129.7998046875,374.7799987792969,4112.527686871447
2026-07-22 08:07:00-04:00,4129.0,374.7799987792969,4112.127784527697
2026-07-22 08:08:00-04:00,4128.89990234375,374.7799987792969,4112.077735699572
2026-07-22 08:09:00-04:00,4129.7001953125,374.7799987792969,4112.477882183947
2026-07-22 08:10:00-04:00,4130.0,374.7799987792969,4112.627784527697
2026-07-22 08:11:00-04:00,4129.2998046875,374.7799987792969,4112.277686871447
2026-07-22 08:12:00-04:00,4130.2998046875,374.7799987792969,4112.777686871447
2026-07-22 08:13:00-04:00,4130.60009765625,374.7799987792969,4112.927833355822
2026-07-22 08:14:00-04:00,4132.0,374.7799987792969,4113.627784527697
2026-07-22 08:15:00-04:00,4130.39990234375,374.7799987792969,4112.827735699572
2026-07-22 08:16:00-04:00,4131.0,374.7799987792969,4113.127784527697
2026-07-22 08:17:00-04:00,4130.89990234375,374.7799987792969,4113.077735699572
2026-07-22 08:18:00-04:00,4131.89990234375,374.7799987792969,4113.577735699572
2026-07-22 08:19:00-04:00,4130.7998046875,374.7799987792969,4113.027686871447
2026-07-22 08:20:00-04:00,4134.60009765625,374.7799987792969,4114.927833355822
2026-07-22 08:21:00-04:00,4133.5,374.7799987792969,4114.377784527697
2026-07-22 08:22:00-04:00,4133.2998046875,374.7799987792969,4114.277686871447
2026-07-22 08:23:00-04:00,4134.0,374.7799987792969,4114.627784527697
2026-07-22 08:24:00-04:00,4134.39990234375,374.7799987792969,4114.827735699572
2026-07-22 08:25:00-04:00,4134.0,374.7799987792969,4114.627784527697
2026-07-22 08:26:00-04:00,4134.10009765625,374.7799987792969,4114.677833355822
2026-07-22 08:27:00-04:00,4135.7998046875,374.7799987792969,4115.527686871447
2026-07-22 08:28:00-04:00,4137.2998046875,374.7799987792969,4116.277686871447
2026-07-22 08:29:00-04:00,4137.5,374.7799987792969,4116.377784527697
2026-07-22 08:30:00-04:00,4137.60009765625,374.7799987792969,4116.427833355822
2026-07-22 08:31:00-04:00,4134.89990234375,374.7799987792969,4115.077735699572
2026-07-22 08:32:00-04:00,4134.10009765625,374.7799987792969,4114.677833355822
2026-07-22 08:33:00-04:00,4134.7001953125,374.7799987792969,4114.977882183947
2026-07-22 08:34:00-04:00,4132.39990234375,374.7799987792969,4113.827735699572
2026-07-22 08:35:00-04:00,4132.39990234375,374.7799987792969,4113.827735699572
2026-07-22 08:36:00-04:00,4131.10009765625,374.7799987792969,4113.177833355822
2026-07-22 08:37:00-04:00,4129.60009765625,374.7799987792969,4112.427833355822
2026-07-22 08:38:00-04:00,4131.7001953125,374.7799987792969,4113.477882183947
2026-07-22 08:39:00-04:00,4131.7998046875,374.7799987792969,4113.527686871447
2026-07-22 08:40:00-04:00,4132.39990234375,374.7799987792969,4113.827735699572
2026-07-22 08:41:00-04:00,4132.0,374.7799987792969,4113.627784527697
2026-07-22 08:42:00-04:00,4130.60009765625,374.7799987792969,4112.927833355822
2026-07-22 08:43:00-04:00,4132.2001953125,374.7799987792969,4113.727882183947
2026-07-22 08:44:00-04:00,4132.2001953125,374.7799987792969,4113.727882183947
2026-07-22 08:45:00-04:00,4129.39990234375,374.7799987792969,4112.327735699572
2026-07-22 08:46:00-04:00,4126.2001953125,374.7799987792969,4110.727882183947
2026-07-22 08:47:00-04:00,4126.89990234375,374.7799987792969,4111.077735699572
2026-07-22 08:48:00-04:00,4124.89990234375,374.7799987792969,4110.077735699572
2026-07-22 08:49:00-04:00,4123.7001953125,374.7799987792969,4109.477882183947
2026-07-22 08:50:00-04:00,4123.7001953125,374.7799987792969,4109.477882183947
2026-07-22 08:51:00-04:00,4123.10009765625,374.7799987792969,4109.177833355822
2026-07-22 08:52:00-04:00,4123.2998046875,374.7799987792969,4109.277686871447
2026-07-22 08:53:00-04:00,4121.7001953125,374.7799987792969,4108.477882183947
2026-07-22 08:54:00-04:00,4122.2998046875,374.7799987792969,4108.777686871447
2026-07-22 08:55:00-04:00,4122.2998046875,374.7799987792969,4108.777686871447
2026-07-22 08:56:00-04:00,4115.10009765625,374.7799987792969,4105.177833355822
2026-07-22 08:57:00-04:00,4118.5,374.7799987792969,4106.877784527697
2026-07-22 08:58:00-04:00,4118.2001953125,374.7799987792969,4106.727882183947
2026-07-22 08:59:00-04:00,4117.0,374.7799987792969,4106.127784527697
2026-07-22 09:00:00-04:00,4122.7998046875,374.7799987792969,4109.027686871447
2026-07-22 09:01:00-04:00,4120.89990234375,374.7799987792969,4108.077735699572
2026-07-22 09:02:00-04:00,4123.60009765625,374.7799987792969,4109.427833355822
2026-07-22 09:03:00-04:00,4122.10009765625,374.7799987792969,4108.677833355822
2026-07-22 09:04:00-04:00,4123.39990234375,374.7799987792969,4109.327735699572
2026-07-22 09:05:00-04:00,4123.10009765625,374.7799987792969,4109.177833355822
2026-07-22 09:06:00-04:00,4123.2998046875,374.7799987792969,4109.277686871447
2026-07-22 09:07:00-04:00,4122.2998046875,374.7799987792969,4108.777686871447
2026-07-22 09:08:00-04:00,4123.60009765625,374.7799987792969,4109.427833355822
2026-07-22 09:09:00-04:00,4125.60009765625,374.7799987792969,4110.427833355822
2026-07-22 09:10:00-04:00,4126.89990234375,374.7799987792969,4111.077735699572
2026-07-22 09:11:00-04:00,4127.39990234375,374.7799987792969,4111.327735699572
2026-07-22 09:12:00-04:00,4127.7001953125,374.7799987792969,4111.477882183947
2026-07-22 09:13:00-04:00,4127.7998046875,374.7799987792969,4111.527686871447
2026-07-22 09:14:00-04:00,4130.0,374.7799987792969,4112.627784527697
2026-07-22 09:15:00-04:00,4130.2998046875,374.7799987792969,4112.777686871447
2026-07-22 09:16:00-04:00,4130.2001953125,374.7799987792969,4112.727882183947
2026-07-22 09:17:00-04:00,4130.39990234375,374.7799987792969,4112.827735699572
2026-07-22 09:18:00-04:00,4131.60009765625,374.7799987792969,4113.427833355822
2026-07-22 09:19:00-04:00,4135.10009765625,374.7799987792969,4115.177833355822
2026-07-22 09:20:00-04:00,4133.7001953125,374.7799987792969,4114.477882183947
2026-07-22 09:21:00-04:00,4134.89990234375,374.7799987792969,4115.077735699572
2026-07-22 09:22:00-04:00,4136.7001953125,374.7799987792969,4115.977882183947
2026-07-22 09:23:00-04:00,4138.2001953125,374.7799987792969,4116.727882183947
2026-07-22 09:24:00-04:00,4138.10009765625,374.7799987792969,4116.677833355822
2026-07-22 09:25:00-04:00,4137.2998046875,374.7799987792969,4116.277686871447
2026-07-22 09:26:00-04:00,4137.60009765625,374.7799987792969,4116.427833355822
2026-07-22 09:27:00-04:00,4138.39990234375,374.7799987792969,4116.827735699572
2026-07-22 09:28:00-04:00,4136.7998046875,374.7799987792969,4116.027686871447
2026-07-22 09:29:00-04:00,4136.5,374.7799987792969,4115.877784527697
2026-07-22 09:30:00-04:00,4142.0,379.5400085449219,4144.634317113383
2026-07-22 09:31:00-04:00,4145.7001953125,379.8599853515625,4148.232622789847
2026-07-22 09:32:00-04:00,4147.89990234375,380.0799865722656,4150.534463107353
2026-07-22 09:33:00-04:00,4148.2001953125,380.1000061035156,4150.793987222749
2026-07-22 09:34:00-04:00,4147.2998046875,379.989990234375,4149.742715142213
2026-07-22 09:35:00-04:00,4145.5,379.8800048828125,4148.241902764618
2026-07-22 09:36:00-04:00,4146.89990234375,379.95001220703125,4149.324342176682
2026-07-22 09:37:00-04:00,4146.7001953125,379.8800048828125,4148.842000420868
2026-07-22 09:38:00-04:00,4145.60009765625,379.8599853515625,4148.182573961722
2026-07-22 09:39:00-04:00,4149.7998046875,380.2799987792969,4152.577190184282
2026-07-22 09:40:00-04:00,4147.2001953125,380.0199890136719,4149.856810167051
2026-07-22 09:41:00-04:00,4147.10009765625,380.0199890136719,4149.806761338926
2026-07-22 09:42:00-04:00,4147.0,380.010009765625,4149.702190429483
2026-07-22 09:43:00-04:00,4150.7998046875,380.3299865722656,4153.350300793448
2026-07-22 09:44:00-04:00,4147.39990234375,380.0400085449219,4150.0660413136975
2026-07-22 09:45:00-04:00,4151.2998046875,380.3999938964844,4153.9827890336355
2026-07-22 09:46:00-04:00,4151.39990234375,380.3900146484375,4153.978315780443
2026-07-22 09:47:00-04:00,4151.2998046875,380.3999938964844,4153.9827890336355
2026-07-22 09:48:00-04:00,4153.89990234375,380.614990234375,4156.457480255886
2026-07-22 09:49:00-04:00,4151.7001953125,380.42999267578125,4154.346884058474
2026-07-22 09:50:00-04:00,4151.7001953125,380.4599914550781,4154.510783770813
2026-07-22 09:51:00-04:00,4149.7001953125,380.20001220703125,4152.090375175276
2026-07-22 09:52:00-04:00,4152.89990234375,380.543701171875,4155.567989179566
2026-07-22 09:53:00-04:00,4151.0,380.3599853515625,4153.614298162036
2026-07-22 09:54:00-04:00,4150.5,380.3699951171875,4153.418986977547
2026-07-22 09:55:00-04:00,4150.39990234375,380.2850036621094,4152.9045834201615
2026-07-22 09:56:00-04:00,4152.0,380.5,4154.879274642412
2026-07-22 09:57:00-04:00,4155.10009765625,380.69000244140625,4157.46741056008
2026-07-22 09:58:00-04:00,4157.89990234375,381.0199890136719,4160.670209739555
2026-07-22 09:59:00-04:00,4160.0,381.1499938964844,4162.430546232545
2026-07-22 10:00:00-04:00,4161.2001953125,381.2799987792969,4163.740931553661
2026-07-22 10:01:00-04:00,4166.5,381.70001220703125,4168.685596604344
2026-07-22 10:02:00-04:00,4165.60009765625,381.6700134277344,4168.071745720131
2026-07-22 10:03:00-04:00,4166.0,381.7550048828125,4168.736051621267
2026-07-22 10:04:00-04:00,4162.0,381.3599853515625,4164.577844218915
2026-07-22 10:05:00-04:00,4160.60009765625,381.239990234375,4163.222294197685
2026-07-22 10:06:00-04:00,4160.60009765625,381.2300109863281,4163.167772116369
2026-07-22 10:07:00-04:00,4162.2998046875,381.4100036621094,4165.001023906025
2026-07-22 10:08:00-04:00,4162.2001953125,381.3800048828125,4164.787319506187
2026-07-22 10:09:00-04:00,4161.7998046875,381.3500061035156,4164.423224481348
2026-07-22 10:10:00-04:00,4161.89990234375,381.3599853515625,4164.52779539079
2026-07-22 10:11:00-04:00,4162.89990234375,381.44000244140625,4165.464972446489
2026-07-22 10:12:00-04:00,4161.7998046875,381.35009765625,4164.423724683929
2026-07-22 10:13:00-04:00,4162.2001953125,381.44000244140625,4165.115118930864
2026-07-22 10:14:00-04:00,4161.7001953125,381.3599853515625,4164.427941875165
2026-07-22 10:15:00-04:00,4157.60009765625,381.04998779296875,4160.684207108143
2026-07-22 10:16:00-04:00,4157.89990234375,381.0249938964844,4160.697554147309
2026-07-22 10:17:00-04:00,4156.89990234375,380.95001220703125,4159.787888233561
2026-07-22 10:18:00-04:00,4155.5,380.80499267578125,4158.295616173554
2026-07-22 10:19:00-04:00,4153.7001953125,380.6700134277344,4156.658248491377
2026-07-22 10:20:00-04:00,4157.2001953125,380.9849853515625,4160.129112103836
2026-07-22 10:21:00-04:00,4156.0,380.8399963378906,4158.736860293648
2026-07-22 10:22:00-04:00,4156.5,380.92498779296875,4159.451215022908
2026-07-22 10:23:00-04:00,4154.7998046875,380.7799987792969,4157.808963212721
2026-07-22 10:24:00-04:00,4154.60009765625,380.75,4157.545209984757
2026-07-22 10:25:00-04:00,4153.7001953125,380.6600036621094,4156.603559675867
2026-07-22 10:26:00-04:00,4150.7001953125,380.4100036621094,4153.737673161646
2026-07-22 10:27:00-04:00,4151.2998046875,380.4200134277344,4154.092166664657
2026-07-22 10:28:00-04:00,4151.0,380.4200134277344,4153.942264320907
2026-07-22 10:29:00-04:00,4151.10009765625,380.44000244140625,4154.10152404586
2026-07-22 10:30:00-04:00,4152.2001953125,380.5400085449219,4155.197960826512
2026-07-22 10:31:00-04:00,4155.5,380.8297119140625,4158.430670870394
2026-07-22 10:32:00-04:00,4156.60009765625,380.94000244140625,4159.5832970742995
2026-07-22 10:33:00-04:00,4153.7001953125,380.6549987792969,4156.576215268111
2026-07-22 10:34:00-04:00,4155.7001953125,380.82501220703125,4158.5050914608255
2026-07-22 10:35:00-04:00,4155.39990234375,380.80499267578125,4158.245567345429
2026-07-22 10:36:00-04:00,4155.10009765625,380.7799987792969,4157.959109697096
2026-07-22 10:37:00-04:00,4155.2998046875,380.8699951171875,4158.550662349737
2026-07-22 10:38:00-04:00,4156.10009765625,380.8900146484375,4159.060186465133
2026-07-22 10:39:00-04:00,4156.60009765625,380.9150085449219,4159.446741769716
2026-07-22 10:40:00-04:00,4156.7998046875,380.92999267578125,4159.628461774413
2026-07-22 10:41:00-04:00,4152.60009765625,380.54010009765625,4155.398412200968
2026-07-22 10:42:00-04:00,4156.60009765625,380.8999938964844,4159.36470854645
2026-07-22 10:43:00-04:00,4156.5,380.93499755859375,4159.505903838419
2026-07-22 10:44:00-04:00,4155.7001953125,380.8699951171875,4158.750857662237
2026-07-22 10:45:00-04:00,4156.60009765625,380.9200134277344,4159.474086177472
2026-07-22 10:46:00-04:00,4155.2001953125,380.80999755859375,4158.173058237559
2026-07-22 10:47:00-04:00,4153.2998046875,380.6400146484375,4156.294153466539
2026-07-22 10:48:00-04:00,4154.5,380.7300109863281,4157.385950259804
2026-07-22 10:49:00-04:00,4153.0,380.5899963378906,4155.870973779428
2026-07-22 10:50:00-04:00,4151.89990234375,380.4949951171875,4154.801881406532
2026-07-22 10:51:00-04:00,4152.2998046875,380.57769775390625,4155.4536822431455
2026-07-22 10:52:00-04:00,4152.39990234375,380.56500244140625,4155.43436964672
2026-07-22 10:53:00-04:00,4152.39990234375,380.57000732421875,4155.461714054475
2026-07-22 10:54:00-04:00,4152.7998046875,380.57000732421875,4155.66166522635
2026-07-22 10:55:00-04:00,4150.0,380.3800048828125,4153.223675793058
2026-07-22 10:56:00-04:00,4150.2998046875,380.34149169921875,4153.1631595844465
2026-07-22 10:57:00-04:00,4152.7998046875,380.6099853515625,4155.880087020007
2026-07-22 10:58:00-04:00,4154.60009765625,380.75,4157.545209984757
2026-07-22 10:59:00-04:00,4153.39990234375,380.6499938964844,4156.39872437598
2026-07-22 11:00:00-04:00,4156.7998046875,380.94500732421875,4159.71049499768
2026-07-22 11:01:00-04:00,4156.10009765625,380.864990234375,4158.923464426356
2026-07-22 11:02:00-04:00,4157.5,381.044189453125,4160.602478783228
2026-07-22 11:03:00-04:00,4158.5,381.1199951171875,4161.5166465202055
2026-07-22 11:04:00-04:00,4159.60009765625,381.1700134277344,4162.339972691691
2026-07-22 11:05:00-04:00,4159.60009765625,381.20001220703125,4162.50387240403
2026-07-22 11:06:00-04:00,4159.0,381.19000244140625,4162.149134760394
2026-07-22 11:07:00-04:00,4160.60009765625,381.29998779296875,4163.550093622363
2026-07-22 11:08:00-04:00,4160.10009765625,381.260009765625,4163.081671828708
2026-07-22 11:09:00-04:00,4159.60009765625,381.2200012207031,4162.613083300857
2026-07-22 11:10:00-04:00,4160.0,381.2149963378906,4162.785690064978
2026-07-22 11:11:00-04:00,4161.89990234375,381.3299865722656,4164.363895678452
2026-07-22 11:12:00-04:00,4162.2998046875,381.375,4164.809779785932
2026-07-22 11:13:00-04:00,4162.89990234375,381.4700012207031,4165.628872158828
2026-07-22 11:14:00-04:00,4162.5,381.44000244140625,4165.265021274614
2026-07-22 11:15:00-04:00,4160.60009765625,381.2900085449219,4163.495571541045
2026-07-22 11:16:00-04:00,4160.7001953125,381.2749938964844,4163.463587145905
2026-07-22 11:17:00-04:00,4158.7001953125,381.05999755859375,4161.288944751779
2026-07-22 11:18:00-04:00,4159.2001953125,381.0899963378906,4161.702844464117
2026-07-22 11:19:00-04:00,4159.89990234375,381.20001220703125,4162.65377474778
2026-07-22 11:20:00-04:00,4162.0,381.3500061035156,4164.523322137598
2026-07-22 11:21:00-04:00,4160.89990234375,381.30999755859375,4163.754684781624
2026-07-22 11:22:00-04:00,4162.7998046875,381.45989990234375,4165.523634312611
2026-07-22 11:23:00-04:00,4165.89990234375,381.7300109863281,4168.549447488558
2026-07-22 11:24:00-04:00,4165.0,381.6499938964844,4167.662319260984
2026-07-22 11:25:00-04:00,4164.39990234375,381.6299133300781,4167.25255933345
2026-07-22 11:26:00-04:00,4164.5,381.6400146484375,4167.357797179668
2026-07-22 11:27:00-04:00,4163.5,381.5400085449219,4166.311409227141
2026-07-22 11:28:00-04:00,4162.39990234375,381.44000244140625,4165.214972446489
2026-07-22 11:29:00-04:00,4162.2001953125,381.3999938964844,4164.896530403014
2026-07-22 11:30:00-04:00,4162.89990234375,381.4599914550781,4165.574183343317
2026-07-22 11:31:00-04:00,4162.39990234375,381.43499755859375,4165.187628038733
2026-07-22 11:32:00-04:00,4163.5,381.5350036621094,4166.284064819385
2026-07-22 11:33:00-04:00,4162.60009765625,381.45001220703125,4165.36975891825
2026-07-22 11:34:00-04:00,4162.0,381.3800048828125,4164.687221849937
2026-07-22 11:35:00-04:00,4163.0,381.489990234375,4165.788131883781
2026-07-22 11:36:00-04:00,4163.89990234375,381.57000732421875,4166.675260111354
2026-07-22 11:37:00-04:00,4162.2001953125,381.43499755859375,4165.087774523108
2026-07-22 11:38:00-04:00,4161.39990234375,381.2900085449219,4163.895473884795
2026-07-22 11:39:00-04:00,4162.39990234375,381.3999938964844,4164.996383918639
2026-07-22 11:40:00-04:00,4164.5,381.6300048828125,4167.303108364156
2026-07-22 11:41:00-04:00,4164.7998046875,381.6400146484375,4167.507699523418
2026-07-22 11:42:00-04:00,4165.39990234375,381.7049865722656,4168.162725449782
2026-07-22 11:43:00-04:00,4165.0,381.67999267578125,4167.826218973323
2026-07-22 11:44:00-04:00,4165.2001953125,381.70001220703125,4168.035694260594
2026-07-22 11:45:00-04:00,4165.5,381.75,4168.458707213511
2026-07-22 11:46:00-04:00,4164.0,381.6199951171875,4166.998419548645
2026-07-22 11:47:00-04:00,4164.60009765625,381.67999267578125,4167.626267801448
2026-07-22 11:48:00-04:00,4165.7998046875,381.75,4168.608609557261
2026-07-22 11:49:00-04:00,4169.39990234375,382.0899963378906,4172.266244036622
2026-07-22 11:50:00-04:00,4169.0,382.07000732421875,4171.957081967918
2026-07-22 11:51:00-04:00,4169.7998046875,382.1099853515625,4172.575406105325
2026-07-22 11:52:00-04:00,4170.2001953125,382.1400146484375,4172.939667864357
2026-07-22 11:53:00-04:00,4170.60009765625,382.1400146484375,4173.139619036232
2026-07-22 11:54:00-04:00,4167.60009765625,381.93499755859375,4170.519498723423
2026-07-22 11:55:00-04:00,4167.0,381.875,4169.891650470621
2026-07-22 11:56:00-04:00,4164.2998046875,381.6099853515625,4167.093633076885
2026-07-22 11:57:00-04:00,4164.7001953125,381.6366882324219,4167.439720808811
2026-07-22 11:58:00-04:00,4164.2001953125,381.6499938964844,4167.262416917234
2026-07-22 11:59:00-04:00,4164.10009765625,381.6499938964844,4167.212368089109
2026-07-22 12:00:00-04:00,4163.2998046875,381.57000732421875,4166.375211283229
2026-07-22 12:01:00-04:00,4162.2001953125,381.4898986816406,4165.38772933745
2026-07-22 12:02:00-04:00,4161.2998046875,381.4100036621094,4164.501023906025
2026-07-22 12:03:00-04:00,4163.0,381.510009765625,4165.897509514802
2026-07-22 12:04:00-04:00,4162.0,381.3900146484375,4164.741910665447
2026-07-22 12:05:00-04:00,4163.0,381.510009765625,4165.897509514802
2026-07-22 12:06:00-04:00,4163.60009765625,381.5889892578125,4166.629066436042
2026-07-22 12:07:00-04:00,4163.2998046875,381.5350036621094,4166.183967163135
2026-07-22 12:08:00-04:00,4162.39990234375,381.44000244140625,4165.214972446489
2026-07-22 12:09:00-04:00,4161.5,381.3800048828125,4164.437221849937
2026-07-22 12:10:00-04:00,4160.2998046875,381.2449951171875,4163.099492121066
2026-07-22 12:11:00-04:00,4159.60009765625,381.17999267578125,4162.394494773009
2026-07-22 12:12:00-04:00,4159.10009765625,381.1300048828125,4161.871384163842
2026-07-22 12:13:00-04:00,4159.89990234375,381.19000244140625,4162.599085932269
2026-07-22 12:14:00-04:00,4159.5,381.1600036621094,4162.235235048056
2026-07-22 12:15:00-04:00,4159.89990234375,381.19500732421875,4162.626430340024
2026-07-22 12:16:00-04:00,4158.2001953125,381.0299987792969,4160.87504503944
2026-07-22 12:17:00-04:00,4158.39990234375,381.04998779296875,4161.084109451893
2026-07-22 12:18:00-04:00,4159.39990234375,381.1700134277344,4162.239875035441
2026-07-22 12:19:00-04:00,4160.10009765625,381.20001220703125,4162.75387240403
2026-07-22 12:20:00-04:00,4159.39990234375,381.1600036621094,4162.185186219931
2026-07-22 12:21:00-04:00,4159.2001953125,381.1549987792969,4162.05798829655
2026-07-22 12:22:00-04:00,4158.2001953125,381.07501220703125,4161.120977975045
2026-07-22 12:23:00-04:00,4157.7001953125,381.0299987792969,4160.62504503944
2026-07-22 12:24:00-04:00,4157.2001953125,380.9599914550781,4159.992556799252
2026-07-22 12:25:00-04:00,4155.7001953125,380.82000732421875,4158.47774705307
2026-07-22 12:26:00-04:00,4154.7998046875,380.7200012207031,4157.481163788043
2026-07-22 12:27:00-04:00,4155.5,380.7900085449219,4158.213749684481
2026-07-22 12:28:00-04:00,4154.0,380.6700134277344,4156.808150835127
2026-07-22 12:29:00-04:00,4154.5,380.69000244140625,4157.167361731955
2026-07-22 12:30:00-04:00,4155.2998046875,380.739990234375,4157.840374684871
2026-07-22 12:31:00-04:00,4153.7001953125,380.5899963378906,4156.221071435678
2026-07-22 12:32:00-04:00,4153.2001953125,380.54998779296875,4155.752482907828
2026-07-22 12:33:00-04:00,4152.5,380.4800109863281,4155.020063745585
2026-07-22 12:34:00-04:00,4152.0,380.45318603515625,4154.623504389383
2026-07-22 12:35:00-04:00,4151.7001953125,380.4100036621094,4154.237673161646
2026-07-22 12:36:00-04:00,4151.0,380.3699951171875,4153.668986977547
2026-07-22 12:37:00-04:00,4152.60009765625,380.5,4155.179323470537
2026-07-22 12:38:00-04:00,4152.60009765625,380.489990234375,4155.124634655027
2026-07-22 12:39:00-04:00,4153.7998046875,380.6300048828125,4156.489464651027
2026-07-22 12:40:00-04:00,4155.7998046875,380.73748779296875,4158.076702480994
2026-07-22 12:41:00-04:00,4156.10009765625,380.79998779296875,4158.568320593924
2026-07-22 12:42:00-04:00,4155.39990234375,380.7200012207031,4157.781212616168
2026-07-22 12:43:00-04:00,4153.2998046875,380.5849914550781,4155.993531715423
2026-07-22 12:44:00-04:00,4152.60009765625,380.49560546875,4155.155313746654
2026-07-22 12:45:00-04:00,4151.7998046875,380.3999938964844,4154.2327890336355
2026-07-22 12:46:00-04:00,4152.39990234375,380.4700012207031,4154.915326101949
2026-07-22 12:47:00-04:00,4152.2001953125,380.44000244140625,4154.651572873985
2026-07-22 12:48:00-04:00,4152.60009765625,380.4599914550781,4154.960734942688
2026-07-22 12:49:00-04:00,4152.7001953125,380.4800109863281,4155.120161401835
2026-07-22 12:50:00-04:00,4152.2998046875,380.42999267578125,4154.646688745974
2026-07-22 12:51:00-04:00,4150.89990234375,380.2900085449219,4153.181927827916
2026-07-22 12:52:00-04:00,4151.7001953125,380.3599853515625,4153.964395818286
2026-07-22 12:53:00-04:00,4152.7998046875,380.4700012207031,4155.115277273824
2026-07-22 12:54:00-04:00,4152.60009765625,380.44000244140625,4154.85152404586
2026-07-22 12:55:00-04:00,4152.5,380.45001220703125,4154.856164033246
2026-07-22 12:56:00-04:00,4152.5,380.4200134277344,4154.692264320907
2026-07-22 12:57:00-04:00,4154.2001953125,380.5718078613281,4156.371697856274
2026-07-22 12:58:00-04:00,4154.0,380.5450134277344,4156.125207578018
2026-07-22 12:59:00-04:00,4152.7998046875,380.44000244140625,4154.951377561485
2026-07-22 13:00:00-04:00,4153.2998046875,380.5249938964844,4155.665732290745
2026-07-22 13:01:00-04:00,4151.0,380.375,4153.696331385303
2026-07-22 13:02:00-04:00,4151.5,380.3399963378906,4153.755087265208
2026-07-22 13:03:00-04:00,4152.2998046875,380.3999938964844,4154.4827890336355
2026-07-22 13:04:00-04:00,4152.7998046875,380.4800109863281,4155.169966089335
2026-07-22 13:05:00-04:00,4152.2001953125,380.3699951171875,4154.269084633797
2026-07-22 13:06:00-04:00,4151.89990234375,380.364990234375,4154.091593741667
2026-07-22 13:07:00-04:00,4151.7998046875,380.3599853515625,4154.014200505786
2026-07-22 13:08:00-04:00,4150.10009765625,380.1700134277344,4152.126426634813
2026-07-22 13:09:00-04:00,4149.7001953125,380.2099914550781,4152.144897256593
2026-07-22 13:10:00-04:00,4150.0,380.19000244140625,4152.185588703515
2026-07-22 13:11:00-04:00,4150.2001953125,380.19000244140625,4152.285686359765
2026-07-22 13:12:00-04:00,4150.5,380.2799072265625,4152.926787637951
2026-07-22 13:13:00-04:00,4150.7998046875,380.29998779296875,4153.18640108111
2026-07-22 13:14:00-04:00,4151.0,380.3533935546875,4153.578283576212
2026-07-22 13:15:00-04:00,4150.89990234375,380.287109375,4153.1660880795225
2026-07-22 13:16:00-04:00,4150.2001953125,380.239990234375,4152.558796968931
2026-07-22 13:17:00-04:00,4149.39990234375,380.20001220703125,4151.940228690901
2026-07-22 13:18:00-04:00,4149.10009765625,380.1300048828125,4151.407838106963
2026-07-22 13:19:00-04:00,4148.7998046875,380.1000061035156,4151.093791910249
2026-07-22 13:20:00-04:00,4150.2998046875,380.2200012207031,4152.499390759604
2026-07-22 13:21:00-04:00,4149.39990234375,380.1600036621094,4151.721640163052
2026-07-22 13:22:00-04:00,4150.60009765625,380.2388916015625,4152.752745709837
2026-07-22 13:23:00-04:00,4151.0,380.30999755859375,4153.34118755287
2026-07-22 13:24:00-04:00,4149.39990234375,380.16650390625,4151.757154546294
2026-07-22 13:25:00-04:00,4150.10009765625,380.25,4152.563436956318
2026-07-22 13:26:00-04:00,4150.2001953125,380.2598876953125,4152.667507663178
2026-07-22 13:27:00-04:00,4151.5,380.3399963378906,4153.755087265208
2026-07-22 13:28:00-04:00,4151.5,380.3900146484375,4154.028364608568
2026-07-22 13:29:00-04:00,4151.60009765625,380.45001220703125,4154.406212861371
2026-07-22 13:30:00-04:00,4150.7001953125,380.29998779296875,4153.13659639361
2026-07-22 13:31:00-04:00,4151.5,380.4100036621094,4154.137575505396
2026-07-22 13:32:00-04:00,4153.0,380.4849853515625,4155.297241419146
2026-07-22 13:33:00-04:00,4152.2001953125,380.4549865722656,4154.733439363057
2026-07-22 13:34:00-04:00,4150.7001953125,380.2799987792969,4153.027385496782
2026-07-22 13:35:00-04:00,4150.89990234375,380.30499267578125,4153.263794316989
2026-07-22 13:36:00-04:00,4148.2001953125,380.1000061035156,4150.793987222749
2026-07-22 13:37:00-04:00,4148.2998046875,380.0899963378906,4150.7891030947385
2026-07-22 13:38:00-04:00,4146.2998046875,379.8999938964844,4148.751016005196
2026-07-22 13:39:00-04:00,4144.89990234375,379.7200012207031,4147.067666559289
2026-07-22 13:40:00-04:00,4144.2998046875,379.7250061035156,4146.79496213892
2026-07-22 13:41:00-04:00,4145.2001953125,379.760009765625,4147.436401571514
2026-07-22 13:42:00-04:00,4146.2001953125,379.8550109863281,4148.455445116286
2026-07-22 13:43:00-04:00,4146.7001953125,379.8800048828125,4148.842000420868
2026-07-22 13:44:00-04:00,4146.2998046875,379.8800048828125,4148.641805108368
2026-07-22 13:45:00-04:00,4146.7998046875,379.93499755859375,4149.19226012529
2026-07-22 13:46:00-04:00,4147.39990234375,379.9999084472656,4149.846952583267
2026-07-22 13:47:00-04:00,4147.2998046875,379.95001220703125,4149.524293348557
2026-07-22 13:48:00-04:00,4147.2998046875,379.92999267578125,4149.414915717534
2026-07-22 13:49:00-04:00,4148.7998046875,380.0899963378906,4151.0391030947385
2026-07-22 13:50:00-04:00,4149.0,380.1260986328125,4151.336447302054
2026-07-22 13:51:00-04:00,4149.0,380.0899963378906,4151.1392007509885
2026-07-22 13:52:00-04:00,4149.10009765625,380.0849914550781,4151.161905171359
2026-07-22 13:53:00-04:00,4148.7001953125,380.1199951171875,4151.153198119577
2026-07-22 13:54:00-04:00,4148.39990234375,380.0899963378906,4150.8391519228635
2026-07-22 13:55:00-04:00,4148.2001953125,380.0199890136719,4150.356810167051
2026-07-22 13:56:00-04:00,4148.2998046875,380.06500244140625,4150.652547790156
2026-07-22 13:57:00-04:00,4148.60009765625,380.1050109863281,4151.02128280238
2026-07-22 13:58:00-04:00,4148.10009765625,380.07989501953125,4150.634060561022
2026-07-22 13:59:00-04:00,4148.10009765625,380.04998779296875,4150.470661051264
2026-07-22 14:00:00-04:00,4147.10009765625,379.95001220703125,4149.424439832932
2026-07-22 14:01:00-04:00,4142.5,379.56390380859375,4145.014869986995
2026-07-22 14:02:00-04:00,4143.0,379.6050109863281,4145.489460945815
2026-07-22 14:03:00-04:00,4143.2001953125,379.6099853515625,4145.616736275628
2026-07-22 14:04:00-04:00,4143.2998046875,379.57501220703125,4145.475463577227
2026-07-22 14:05:00-04:00,4144.7998046875,379.7149963378906,4146.9902733234085
2026-07-22 14:06:00-04:00,4145.10009765625,379.739990234375,4147.276975112367
2026-07-22 14:07:00-04:00,4146.39990234375,379.8900146484375,4148.746542752004
2026-07-22 14:08:00-04:00,4146.2001953125,379.8599853515625,4148.482622789847
2026-07-22 14:09:00-04:00,4145.0,379.7699890136719,4147.390825996581
2026-07-22 14:10:00-04:00,4145.2001953125,379.7699890136719,4147.490923652831
2026-07-22 14:11:00-04:00,4145.10009765625,379.75,4147.331663927878
2026-07-22 14:12:00-04:00,4143.5,379.625,4145.848671842643
2026-07-22 14:13:00-04:00,4143.7001953125,379.67999267578125,4146.2492245158155
2026-07-22 14:14:00-04:00,4143.60009765625,379.6400146484375,4145.980753894035
2026-07-22 14:15:00-04:00,4143.10009765625,379.6099853515625,4145.566687447503
2026-07-22 14:16:00-04:00,4143.0,379.54998779296875,4145.1888391946995
2026-07-22 14:17:00-04:00,4143.89990234375,379.6499938964844,4146.185178319101
2026-07-22 14:18:00-04:00,4144.39990234375,379.7099914550781,4146.762977743779
2026-07-22 14:19:00-04:00,4144.60009765625,379.7099914550781,4146.863075400029
2026-07-22 14:20:00-04:00,4144.7998046875,379.739990234375,4147.126828627992
2026-07-22 14:21:00-04:00,4142.39990234375,379.5492858886719,4144.884955480122
2026-07-22 14:22:00-04:00,4141.10009765625,379.4299011230469,4143.582788970889
2026-07-22 14:23:00-04:00,4141.5,379.42999267578125,4143.783240345345
2026-07-22 14:24:00-04:00,4142.10009765625,379.4800109863281,4144.35656651683
2026-07-22 14:25:00-04:00,4141.60009765625,379.4700012207031,4144.05187770132
2026-07-22 14:26:00-04:00,4141.7001953125,379.44000244140625,4143.938026817106
2026-07-22 14:27:00-04:00,4141.7998046875,379.4525146484375,4144.0561925239945
2026-07-22 14:28:00-04:00,4140.89990234375,379.3500061035156,4143.046181195716
2026-07-22 14:29:00-04:00,4140.39990234375,379.31500244140625,4142.604937075621
2026-07-22 14:30:00-04:00,4140.2998046875,379.2950134277344,4142.445677350668
2026-07-22 14:31:00-04:00,4139.2001953125,379.20001220703125,4141.376829118397
2026-07-22 14:32:00-04:00,4139.2001953125,379.2099914550781,4141.431351199714
2026-07-22 14:33:00-04:00,4139.7001953125,379.2799987792969,4142.063839439903
2026-07-22 14:34:00-04:00,4138.2998046875,379.1300048828125,4140.544145565709
2026-07-22 14:35:00-04:00,4139.60009765625,379.2950134277344,4142.095823835043
2026-07-22 14:36:00-04:00,4140.7998046875,379.3800048828125,4143.160032079929
2026-07-22 14:37:00-04:00,4141.10009765625,379.4158020019531,4143.505757773432
2026-07-22 14:38:00-04:00,4140.2998046875,379.340087890625,4142.69194375466
2026-07-22 14:39:00-04:00,4141.0,379.4100036621094,4143.424029448517
2026-07-22 14:40:00-04:00,4139.7001953125,379.260009765625,4141.954628543074
2026-07-22 14:41:00-04:00,4140.60009765625,379.30999755859375,4142.677690324115
2026-07-22 14:42:00-04:00,4140.10009765625,379.30999755859375,4142.427690324115
2026-07-22 14:43:00-04:00,4141.10009765625,379.375,4143.282834156549
2026-07-22 14:44:00-04:00,4141.39990234375,379.42999267578125,4143.73319151722
2026-07-22 14:45:00-04:00,4142.10009765625,379.4849853515625,4144.3837441903925
2026-07-22 14:46:00-04:00,4143.2998046875,379.57000732421875,4145.448119169471
2026-07-22 14:47:00-04:00,4142.89990234375,379.5849914550781,4145.330034486669
2026-07-22 14:48:00-04:00,4143.5,379.6300048828125,4145.876016250399
2026-07-22 14:49:00-04:00,4142.7998046875,379.55499267578125,4145.116085946205
2026-07-22 14:50:00-04:00,4143.0,379.55999755859375,4145.243528010211
2026-07-22 14:51:00-04:00,4143.89990234375,379.6499938964844,4146.185178319101
2026-07-22 14:52:00-04:00,4143.60009765625,379.635009765625,4145.953409486279
2026-07-22 14:53:00-04:00,4143.2998046875,379.5899963378906,4145.557330066299
2026-07-22 14:54:00-04:00,4143.0,379.57000732421875,4145.298216825721
2026-07-22 14:55:00-04:00,4143.2998046875,379.5799865722656,4145.502641250789
2026-07-22 14:56:00-04:00,4142.89990234375,379.5299987792969,4145.029579469747
2026-07-22 14:57:00-04:00,4142.60009765625,379.5199890136719,4144.824988310486
2026-07-22 14:58:00-04:00,4141.60009765625,379.42999267578125,4143.83328917347
2026-07-22 14:59:00-04:00,4141.7998046875,379.3999938964844,4143.769242976757
2026-07-22 15:00:00-04:00,4140.7001953125,379.32501220703125,4142.809772375507
2026-07-22 15:01:00-04:00,4138.39990234375,379.17498779296875,4140.839960595245
2026-07-22 15:02:00-04:00,4138.89990234375,379.2200012207031,4141.33589353085
2026-07-22 15:03:00-04:00,4140.2998046875,379.2799987792969,4142.363644127403
2026-07-22 15:04:00-04:00,4140.2998046875,379.3299865722656,4142.636754736569
2026-07-22 15:05:00-04:00,4141.89990234375,379.489990234375,4144.310990941898
2026-07-22 15:06:00-04:00,4142.0,379.4700012207031,4144.251828873195
2026-07-22 15:07:00-04:00,4141.39990234375,379.42999267578125,4143.73319151722
2026-07-22 15:08:00-04:00,4141.2001953125,379.3900146484375,4143.414916207939
2026-07-22 15:09:00-04:00,4141.10009765625,379.3900146484375,4143.364867379814
2026-07-22 15:10:00-04:00,4140.7001953125,379.3511047363281,4142.95233011106
2026-07-22 15:11:00-04:00,4140.39990234375,379.3349914550781,4142.714147972449
2026-07-22 15:12:00-04:00,4140.2001953125,379.32000732421875,4142.532427967752
2026-07-22 15:13:00-04:00,4140.0,379.2900085449219,4142.2684305991625
2026-07-22 15:14:00-04:00,4139.60009765625,379.260009765625,4141.904579714949
2026-07-22 15:15:00-04:00,4139.60009765625,379.30999755859375,4142.177690324115
2026-07-22 15:16:00-04:00,4140.89990234375,379.3900146484375,4143.264769723564
2026-07-22 15:17:00-04:00,4139.89990234375,379.2727966308594,4142.12434368583
2026-07-22 15:18:00-04:00,4139.2998046875,379.2099914550781,4141.481155887214
2026-07-22 15:19:00-04:00,4139.5,379.2608947753906,4141.85936617844
2026-07-22 15:20:00-04:00,4139.2001953125,379.20001220703125,4141.376829118397
2026-07-22 15:21:00-04:00,4137.7001953125,379.0799865722656,4139.971063534849
2026-07-22 15:22:00-04:00,4138.60009765625,379.18499755859375,4140.994747067006
2026-07-22 15:23:00-04:00,4139.89990234375,379.29998779296875,4142.272903852356
2026-07-22 15:24:00-04:00,4139.89990234375,379.2699890136719,4142.109004140017
2026-07-22 15:25:00-04:00,4138.89990234375,379.2099914550781,4141.281204715339
2026-07-22 15:26:00-04:00,4139.39990234375,379.2149963378906,4141.558549123094
2026-07-22 15:27:00-04:00,4138.5,379.1600036621094,4140.808142934298
2026-07-22 15:28:00-04:00,4139.60009765625,379.2699890136719,4141.959101796267
2026-07-22 15:29:00-04:00,4140.0,379.3299865722656,4142.486852392819
2026-07-22 15:30:00-04:00,4138.10009765625,379.1400146484375,4140.4989808655955
2026-07-22 15:31:00-04:00,4138.39990234375,379.20001220703125,4140.976682634022
2026-07-22 15:32:00-04:00,4138.7998046875,379.19000244140625,4141.1219449903865
2026-07-22 15:33:00-04:00,4140.10009765625,379.3299865722656,4142.536901220944
2026-07-22 15:34:00-04:00,4141.0,379.3900146484375,4143.314818551689
2026-07-22 15:35:00-04:00,4141.2001953125,379.44000244140625,4143.688026817106
2026-07-22 15:36:00-04:00,4139.7001953125,379.32000732421875,4142.282427967752
2026-07-22 15:37:00-04:00,4139.7998046875,379.32000732421875,4142.332232655252
2026-07-22 15:38:00-04:00,4140.2001953125,379.3399963378906,4142.641638864579
2026-07-22 15:39:00-04:00,4139.60009765625,379.29998779296875,4142.123001508606
2026-07-22 15:40:00-04:00,4139.7001953125,379.32000732421875,4142.282427967752
2026-07-22 15:41:00-04:00,4140.2001953125,379.3900146484375,4142.914916207939
2026-07-22 15:42:00-04:00,4140.5,379.3800048828125,4143.010129736179
2026-07-22 15:43:00-04:00,4141.10009765625,379.4100036621094,4143.474078276642
2026-07-22 15:44:00-04:00,4139.10009765625,379.2650146484375,4141.681924122705
2026-07-22 15:45:00-04:00,4138.7998046875,379.2300109863281,4141.340533518236
2026-07-22 15:46:00-04:00,4138.7998046875,379.25,4141.449744415064
2026-07-22 15:47:00-04:00,4139.2998046875,379.2799987792969,4141.863644127403
2026-07-22 15:48:00-04:00,4140.0,379.32000732421875,4142.432330311502
2026-07-22 15:49:00-04:00,4139.7998046875,379.3800048828125,4142.660032079929
2026-07-22 15:50:00-04:00,4138.7001953125,379.239990234375,4141.3452509120525
2026-07-22 15:51:00-04:00,4137.7001953125,379.17999267578125,4140.517451487376
2026-07-22 15:52:00-04:00,4137.7001953125,379.1499938964844,4140.353551775037
2026-07-22 15:53:00-04:00,4137.0,379.0899963378906,4139.67565469411
2026-07-22 15:54:00-04:00,4135.60009765625,378.9599914550781,4138.26541585737
2026-07-22 15:55:00-04:00,4136.10009765625,378.9949951171875,4138.7066599774635
2026-07-22 15:56:00-04:00,4135.89990234375,378.9800109863281,4138.52469583214
2026-07-22 15:57:00-04:00,4135.7998046875,379.010009765625,4138.6385467163545
2026-07-22 15:58:00-04:00,4137.10009765625,379.1099853515625,4139.834914419063
2026-07-22 15:59:00-04:00,4136.39990234375,379.093994140625,4139.397448045351
2026-07-22 16:00:00-04:00,4136.10009765625,379.093994140625,4139.247545701601
2026-07-22 16:01:00-04:00,4139.10009765625,379.093994140625,4140.747545701601
2026-07-22 16:02:00-04:00,4138.10009765625,379.093994140625,4140.247545701601
2026-07-22 16:03:00-04:00,4136.0,379.093994140625,4139.197496873476
2026-07-22 16:04:00-04:00,4135.89990234375,379.093994140625,4139.147448045351
2026-07-22 16:05:00-04:00,4137.2998046875,379.093994140625,4139.847399217226
2026-07-22 16:06:00-04:00,4136.89990234375,379.093994140625,4139.647448045351
2026-07-22 16:07:00-04:00,4138.0,379.093994140625,4140.197496873476
2026-07-22 16:08:00-04:00,4138.2001953125,379.093994140625,4140.297594529726
2026-07-22 16:09:00-04:00,4138.39990234375,379.093994140625,4140.397448045351
2026-07-22 16:10:00-04:00,4137.39990234375,379.093994140625,4139.897448045351
2026-07-22 16:11:00-04:00,4137.39990234375,379.093994140625,4139.897448045351
2026-07-22 16:12:00-04:00,4137.2998046875,379.093994140625,4139.847399217226
2026-07-22 16:13:00-04:00,4138.2001953125,379.093994140625,4140.297594529726
2026-07-22 16:14:00-04:00,4139.60009765625,379.093994140625,4140.997545701601
2026-07-22 16:15:00-04:00,4139.2998046875,379.093994140625,4140.847399217226
2026-07-22 16:16:00-04:00,4139.60009765625,379.093994140625,4140.997545701601
2026-07-22 16:17:00-04:00,4139.5,379.093994140625,4140.947496873476
2026-07-22 16:18:00-04:00,4141.2001953125,379.093994140625,4141.797594529726
2026-07-22 16:19:00-04:00,4140.39990234375,379.093994140625,4141.397448045351
2026-07-22 16:20:00-04:00,4140.0,379.093994140625,4141.197496873476
2026-07-22 16:21:00-04:00,4140.2998046875,379.093994140625,4141.347399217226
2026-07-22 16:22:00-04:00,4139.89990234375,379.093994140625,4141.147448045351
2026-07-22 16:23:00-04:00,4140.7001953125,379.093994140625,4141.547594529726
2026-07-22 16:24:00-04:00,4141.5,379.093994140625,4141.947496873476
2026-07-22 16:25:00-04:00,4142.2998046875,379.093994140625,4142.347399217226
2026-07-22 16:26:00-04:00,4141.7998046875,379.093994140625,4142.097399217226
2026-07-22 16:27:00-04:00,4142.2998046875,379.093994140625,4142.347399217226
2026-07-22 16:28:00-04:00,4142.10009765625,379.093994140625,4142.247545701601
2026-07-22 16:29:00-04:00,4141.7001953125,379.093994140625,4142.047594529726
2026-07-22 16:30:00-04:00,4141.2001953125,379.093994140625,4141.797594529726
2026-07-22 16:31:00-04:00,4141.89990234375,379.093994140625,4142.147448045351
2026-07-22 16:32:00-04:00,4140.89990234375,379.093994140625,4141.647448045351
2026-07-22 16:33:00-04:00,4140.7001953125,379.093994140625,4141.547594529726
2026-07-22 16:34:00-04:00,4140.5,379.093994140625,4141.447496873476
2026-07-22 16:35:00-04:00,4139.39990234375,379.093994140625,4140.897448045351
2026-07-22 16:36:00-04:00,4139.39990234375,379.093994140625,4140.897448045351
2026-07-22 16:37:00-04:00,4139.89990234375,379.093994140625,4141.147448045351
2026-07-22 16:38:00-04:00,4138.60009765625,379.093994140625,4140.497545701601
2026-07-22 16:39:00-04:00,4139.2001953125,379.093994140625,4140.797594529726
2026-07-22 16:40:00-04:00,4139.89990234375,379.093994140625,4141.147448045351
2026-07-22 16:41:00-04:00,4139.2001953125,379.093994140625,4140.797594529726
2026-07-22 16:42:00-04:00,4137.5,379.093994140625,4139.947496873476
2026-07-22 16:43:00-04:00,4135.7998046875,379.093994140625,4139.097399217226
2026-07-22 16:44:00-04:00,4135.7998046875,379.093994140625,4139.097399217226
2026-07-22 16:45:00-04:00,4134.2998046875,379.093994140625,4138.347399217226
2026-07-22 16:46:00-04:00,4134.2998046875,379.093994140625,4138.347399217226
2026-07-22 16:47:00-04:00,4134.0,379.093994140625,4138.197496873476
2026-07-22 16:48:00-04:00,4135.7998046875,379.093994140625,4139.097399217226
2026-07-22 16:49:00-04:00,4135.2001953125,379.093994140625,4138.797594529726
2026-07-22 16:50:00-04:00,4134.5,379.093994140625,4138.447496873476
2026-07-22 16:51:00-04:00,4134.10009765625,379.093994140625,4138.247545701601
2026-07-22 16:52:00-04:00,4134.2001953125,379.093994140625,4138.297594529726
2026-07-22 16:53:00-04:00,4134.2998046875,379.093994140625,4138.347399217226
2026-07-22 16:54:00-04:00,4134.10009765625,379.093994140625,4138.247545701601
2026-07-22 16:55:00-04:00,4134.0,379.093994140625,4138.197496873476
2026-07-22 16:56:00-04:00,4135.2001953125,379.093994140625,4138.797594529726
2026-07-22 16:57:00-04:00,4134.60009765625,379.093994140625,4138.497545701601
2026-07-22 16:58:00-04:00,4134.7001953125,379.093994140625,4138.547594529726
2026-07-22 16:59:00-04:00,4135.0,379.093994140625,4138.697496873476
2026-07-22 18:00:00-04:00,4119.89990234375,379.093994140625,4131.147448045351
2026-07-22 18:01:00-04:00,4122.89990234375,379.093994140625,4132.647448045351
2026-07-22 18:02:00-04:00,4122.5,379.093994140625,4132.447496873476
2026-07-22 18:03:00-04:00,4121.89990234375,379.093994140625,4132.147448045351
2026-07-22 18:04:00-04:00,4123.60009765625,379.093994140625,4132.997545701601
2026-07-22 18:05:00-04:00,4124.7998046875,379.093994140625,4133.597399217226
2026-07-22 18:06:00-04:00,4126.2001953125,379.093994140625,4134.297594529726
2026-07-22 18:07:00-04:00,4126.0,379.093994140625,4134.197496873476
2026-07-22 18:08:00-04:00,4124.2001953125,379.093994140625,4133.297594529726
2026-07-22 18:09:00-04:00,4125.89990234375,379.093994140625,4134.147448045351
2026-07-22 18:10:00-04:00,4124.5,379.093994140625,4133.447496873476
2026-07-22 18:11:00-04:00,4125.39990234375,379.093994140625,4133.897448045351
2026-07-22 18:12:00-04:00,4124.7001953125,379.093994140625,4133.547594529726
2026-07-22 18:13:00-04:00,4125.2998046875,379.093994140625,4133.847399217226
2026-07-22 18:14:00-04:00,4126.89990234375,379.093994140625,4134.647448045351
2026-07-22 18:15:00-04:00,4127.7001953125,379.093994140625,4135.047594529726
2026-07-22 18:16:00-04:00,4126.2998046875,379.093994140625,4134.347399217226
2026-07-22 18:17:00-04:00,4124.2001953125,379.093994140625,4133.297594529726
2026-07-22 18:18:00-04:00,4124.10009765625,379.093994140625,4133.247545701601
2026-07-22 18:19:00-04:00,4127.2998046875,379.093994140625,4134.847399217226
2026-07-22 18:20:00-04:00,4128.39990234375,379.093994140625,4135.397448045351
2026-07-22 18:21:00-04:00,4125.39990234375,379.093994140625,4133.897448045351
2026-07-22 18:22:00-04:00,4125.7998046875,379.093994140625,4134.097399217226
2026-07-22 18:23:00-04:00,4126.7001953125,379.093994140625,4134.547594529726
2026-07-22 18:24:00-04:00,4125.7998046875,379.093994140625,4134.097399217226
2026-07-22 18:25:00-04:00,4128.2001953125,379.093994140625,4135.297594529726
2026-07-22 18:26:00-04:00,4131.0,379.093994140625,4136.697496873476
2026-07-22 18:27:00-04:00,4130.2001953125,379.093994140625,4136.297594529726
2026-07-22 18:28:00-04:00,4129.0,379.093994140625,4135.697496873476
2026-07-22 18:29:00-04:00,4131.2998046875,379.093994140625,4136.847399217226
2026-07-22 18:30:00-04:00,4131.7998046875,379.093994140625,4137.097399217226
2026-07-22 18:31:00-04:00,4130.2001953125,379.093994140625,4136.297594529726
2026-07-22 18:32:00-04:00,4129.60009765625,379.093994140625,4135.997545701601
2026-07-22 18:33:00-04:00,4129.60009765625,379.093994140625,4135.997545701601
2026-07-22 18:34:00-04:00,4128.5,379.093994140625,4135.447496873476
2026-07-22 18:35:00-04:00,4129.10009765625,379.093994140625,4135.747545701601
2026-07-22 18:36:00-04:00,4128.2998046875,379.093994140625,4135.347399217226
2026-07-22 18:37:00-04:00,4130.5,379.093994140625,4136.447496873476
2026-07-22 18:38:00-04:00,4129.10009765625,379.093994140625,4135.747545701601
2026-07-22 18:39:00-04:00,4128.60009765625,379.093994140625,4135.497545701601
2026-07-22 18:40:00-04:00,4124.5,379.093994140625,4133.447496873476
2026-07-22 18:41:00-04:00,4125.7001953125,379.093994140625,4134.047594529726
2026-07-22 18:42:00-04:00,4126.0,379.093994140625,4134.197496873476
2026-07-22 18:43:00-04:00,4124.89990234375,379.093994140625,4133.647448045351
2026-07-22 18:44:00-04:00,4124.39990234375,379.093994140625,4133.397448045351
2026-07-22 18:45:00-04:00,4124.5,379.093994140625,4133.447496873476
2026-07-22 18:46:00-04:00,4124.7998046875,379.093994140625,4133.597399217226
2026-07-22 18:47:00-04:00,4127.0,379.093994140625,4134.697496873476
2026-07-22 18:48:00-04:00,4127.10009765625,379.093994140625,4134.747545701601
2026-07-22 18:49:00-04:00,4127.39990234375,379.093994140625,4134.897448045351
2026-07-22 18:50:00-04:00,4125.5,379.093994140625,4133.947496873476
2026-07-22 18:51:00-04:00,4128.2001953125,379.093994140625,4135.297594529726
2026-07-22 18:52:00-04:00,4128.2998046875,379.093994140625,4135.347399217226
2026-07-22 18:53:00-04:00,4127.2998046875,379.093994140625,4134.847399217226
2026-07-22 18:54:00-04:00,4126.5,379.093994140625,4134.447496873476
2026-07-22 18:55:00-04:00,4126.2998046875,379.093994140625,4134.347399217226
2026-07-22 18:56:00-04:00,4126.2998046875,379.093994140625,4134.347399217226
2026-07-22 18:57:00-04:00,4126.89990234375,379.093994140625,4134.647448045351
2026-07-22 18:58:00-04:00,4126.2001953125,379.093994140625,4134.297594529726
2026-07-22 18:59:00-04:00,4124.7001953125,379.093994140625,4133.547594529726
2026-07-22 19:00:00-04:00,4122.10009765625,379.093994140625,4132.247545701601
2026-07-22 19:01:00-04:00,4123.5,379.093994140625,4132.947496873476
2026-07-22 19:02:00-04:00,4124.39990234375,379.093994140625,4133.397448045351
2026-07-22 19:03:00-04:00,4121.2001953125,379.093994140625,4131.797594529726
2026-07-22 19:04:00-04:00,4121.5,379.093994140625,4131.947496873476
2026-07-22 19:05:00-04:00,4120.7001953125,379.093994140625,4131.547594529726
2026-07-22 19:06:00-04:00,4120.60009765625,379.093994140625,4131.497545701601
2026-07-22 19:07:00-04:00,4121.0,379.093994140625,4131.697496873476
2026-07-22 19:08:00-04:00,4121.2998046875,379.093994140625,4131.847399217226
2026-07-22 19:09:00-04:00,4120.89990234375,379.093994140625,4131.647448045351
2026-07-22 19:10:00-04:00,4120.0,379.093994140625,4131.197496873476
2026-07-22 19:11:00-04:00,4119.60009765625,379.093994140625,4130.997545701601
2026-07-22 19:12:00-04:00,4121.2001953125,379.093994140625,4131.797594529726
2026-07-22 19:13:00-04:00,4127.2001953125,379.093994140625,4134.797594529726
2026-07-22 19:14:00-04:00,4126.60009765625,379.093994140625,4134.497545701601
2026-07-22 19:15:00-04:00,4124.2998046875,379.093994140625,4133.347399217226
2026-07-22 19:16:00-04:00,4123.5,379.093994140625,4132.947496873476
2026-07-22 19:17:00-04:00,4124.0,379.093994140625,4133.197496873476
2026-07-22 19:18:00-04:00,4124.0,379.093994140625,4133.197496873476
2026-07-22 19:19:00-04:00,4122.89990234375,379.093994140625,4132.647448045351
2026-07-22 19:20:00-04:00,4123.7998046875,379.093994140625,4133.097399217226
2026-07-22 19:21:00-04:00,4123.2001953125,379.093994140625,4132.797594529726
2026-07-22 19:22:00-04:00,4123.7998046875,379.093994140625,4133.097399217226
2026-07-22 19:23:00-04:00,4123.2001953125,379.093994140625,4132.797594529726
2026-07-22 19:24:00-04:00,4123.10009765625,379.093994140625,4132.747545701601
2026-07-22 19:25:00-04:00,4122.2001953125,379.093994140625,4132.297594529726
2026-07-22 19:26:00-04:00,4123.5,379.093994140625,4132.947496873476
2026-07-22 19:27:00-04:00,4122.0,379.093994140625,4132.197496873476
2026-07-22 19:28:00-04:00,4122.5,379.093994140625,4132.447496873476
2026-07-22 19:29:00-04:00,4122.7001953125,379.093994140625,4132.547594529726
2026-07-22 19:30:00-04:00,4122.2001953125,379.093994140625,4132.297594529726
2026-07-22 19:31:00-04:00,4122.5,379.093994140625,4132.447496873476
2026-07-22 19:32:00-04:00,4122.7998046875,379.093994140625,4132.597399217226
2026-07-22 19:33:00-04:00,4124.0,379.093994140625,4133.197496873476
2026-07-22 19:34:00-04:00,4123.2001953125,379.093994140625,4132.797594529726
2026-07-22 19:35:00-04:00,4122.7998046875,379.093994140625,4132.597399217226
2026-07-22 19:36:00-04:00,4123.60009765625,379.093994140625,4132.997545701601
2026-07-22 19:37:00-04:00,4125.5,379.093994140625,4133.947496873476
2026-07-22 19:38:00-04:00,4125.0,379.093994140625,4133.697496873476
2026-07-22 19:39:00-04:00,4124.10009765625,379.093994140625,4133.247545701601
2026-07-22 19:40:00-04:00,4124.5,379.093994140625,4133.447496873476
2026-07-22 19:41:00-04:00,4124.60009765625,379.093994140625,4133.497545701601
2026-07-22 19:42:00-04:00,4124.2001953125,379.093994140625,4133.297594529726
2026-07-22 19:43:00-04:00,4126.7998046875,379.093994140625,4134.597399217226
2026-07-22 19:44:00-04:00,4126.2001953125,379.093994140625,4134.297594529726
2026-07-22 19:45:00-04:00,4128.5,379.093994140625,4135.447496873476
2026-07-22 19:46:00-04:00,4132.10009765625,379.093994140625,4137.247545701601
2026-07-22 19:47:00-04:00,4132.5,379.093994140625,4137.447496873476
2026-07-22 19:48:00-04:00,4134.10009765625,379.093994140625,4138.247545701601
2026-07-22 19:49:00-04:00,4132.7001953125,379.093994140625,4137.547594529726
2026-07-22 19:50:00-04:00,4132.10009765625,379.093994140625,4137.247545701601
2026-07-22 19:51:00-04:00,4132.5,379.093994140625,4137.447496873476
2026-07-22 19:52:00-04:00,4133.7001953125,379.093994140625,4138.047594529726
2026-07-22 19:53:00-04:00,4132.60009765625,379.093994140625,4137.497545701601
2026-07-22 19:54:00-04:00,4134.2998046875,379.093994140625,4138.347399217226
2026-07-22 19:55:00-04:00,4135.2001953125,379.093994140625,4138.797594529726
2026-07-22 19:56:00-04:00,4135.39990234375,379.093994140625,4138.897448045351
2026-07-22 19:57:00-04:00,4135.89990234375,379.093994140625,4139.147448045351
2026-07-22 19:58:00-04:00,4135.39990234375,379.093994140625,4138.897448045351
2026-07-22 19:59:00-04:00,4135.7998046875,379.093994140625,4139.097399217226
2026-07-22 20:00:00-04:00,4135.39990234375,379.093994140625,4138.897448045351
2026-07-22 20:01:00-04:00,4133.7001953125,379.093994140625,4138.047594529726
2026-07-22 20:02:00-04:00,4132.60009765625,379.093994140625,4137.497545701601
2026-07-22 20:03:00-04:00,4131.39990234375,379.093994140625,4136.897448045351
2026-07-22 20:04:00-04:00,4133.2998046875,379.093994140625,4137.847399217226
2026-07-22 20:05:00-04:00,4132.89990234375,379.093994140625,4137.647448045351
2026-07-22 20:06:00-04:00,4132.0,379.093994140625,4137.197496873476
2026-07-22 20:07:00-04:00,4131.39990234375,379.093994140625,4136.897448045351
2026-07-22 20:08:00-04:00,4131.10009765625,379.093994140625,4136.747545701601
2026-07-22 20:09:00-04:00,4131.7001953125,379.093994140625,4137.047594529726
2026-07-22 20:10:00-04:00,4130.5,379.093994140625,4136.447496873476
2026-07-22 20:11:00-04:00,4130.2998046875,379.093994140625,4136.347399217226
2026-07-22 20:12:00-04:00,4130.0,379.093994140625,4136.197496873476
2026-07-22 20:13:00-04:00,4129.39990234375,379.093994140625,4135.897448045351
2026-07-22 20:14:00-04:00,4129.89990234375,379.093994140625,4136.147448045351
2026-07-22 20:15:00-04:00,4130.5,379.093994140625,4136.447496873476
2026-07-22 20:16:00-04:00,4131.10009765625,379.093994140625,4136.747545701601
2026-07-22 20:17:00-04:00,4130.89990234375,379.093994140625,4136.647448045351
2026-07-22 20:18:00-04:00,4131.5,379.093994140625,4136.947496873476
2026-07-22 20:19:00-04:00,4131.10009765625,379.093994140625,4136.747545701601
2026-07-22 20:20:00-04:00,4130.7998046875,379.093994140625,4136.597399217226
2026-07-22 20:21:00-04:00,4131.0,379.093994140625,4136.697496873476
2026-07-22 20:22:00-04:00,4133.2998046875,379.093994140625,4137.847399217226
2026-07-22 20:23:00-04:00,4134.2998046875,379.093994140625,4138.347399217226
2026-07-22 20:24:00-04:00,4135.89990234375,379.093994140625,4139.147448045351
2026-07-22 20:25:00-04:00,4135.5,379.093994140625,4138.947496873476
2026-07-22 20:26:00-04:00,4135.89990234375,379.093994140625,4139.147448045351
2026-07-22 20:27:00-04:00,4136.60009765625,379.093994140625,4139.497545701601
2026-07-22 20:28:00-04:00,4134.5,379.093994140625,4138.447496873476
2026-07-22 20:29:00-04:00,4132.0,379.093994140625,4137.197496873476
2026-07-22 20:30:00-04:00,4133.2001953125,379.093994140625,4137.797594529726
2026-07-22 20:31:00-04:00,4132.2998046875,379.093994140625,4137.347399217226
2026-07-22 20:32:00-04:00,4134.5,379.093994140625,4138.447496873476
2026-07-22 20:33:00-04:00,4133.7998046875,379.093994140625,4138.097399217226
2026-07-22 20:34:00-04:00,4132.7998046875,379.093994140625,4137.597399217226
2026-07-22 20:35:00-04:00,4134.5,379.093994140625,4138.447496873476
2026-07-22 20:36:00-04:00,4135.0,379.093994140625,4138.697496873476
2026-07-22 20:37:00-04:00,4135.2001953125,379.093994140625,4138.797594529726
2026-07-22 20:38:00-04:00,4133.60009765625,379.093994140625,4137.997545701601
2026-07-22 20:39:00-04:00,4131.2998046875,379.093994140625,4136.847399217226
2026-07-22 20:40:00-04:00,4131.10009765625,379.093994140625,4136.747545701601
2026-07-22 20:41:00-04:00,4132.10009765625,379.093994140625,4137.247545701601
2026-07-22 20:42:00-04:00,4131.0,379.093994140625,4136.697496873476
2026-07-22 20:43:00-04:00,4131.10009765625,379.093994140625,4136.747545701601
2026-07-22 20:44:00-04:00,4130.7998046875,379.093994140625,4136.597399217226
2026-07-22 20:45:00-04:00,4133.2001953125,379.093994140625,4137.797594529726
2026-07-22 20:46:00-04:00,4132.0,379.093994140625,4137.197496873476
2026-07-22 20:47:00-04:00,4130.60009765625,379.093994140625,4136.497545701601
2026-07-22 20:48:00-04:00,4131.0,379.093994140625,4136.697496873476
2026-07-22 20:49:00-04:00,4130.2001953125,379.093994140625,4136.297594529726
2026-07-22 20:50:00-04:00,4129.2998046875,379.093994140625,4135.847399217226
2026-07-22 20:51:00-04:00,4129.2998046875,379.093994140625,4135.847399217226
2026-07-22 20:52:00-04:00,4129.39990234375,379.093994140625,4135.897448045351
2026-07-22 20:53:00-04:00,4130.10009765625,379.093994140625,4136.247545701601
2026-07-22 20:54:00-04:00,4132.10009765625,379.093994140625,4137.247545701601
2026-07-22 20:55:00-04:00,4131.7998046875,379.093994140625,4137.097399217226
2026-07-22 20:56:00-04:00,4131.10009765625,379.093994140625,4136.747545701601
2026-07-22 20:57:00-04:00,4132.5,379.093994140625,4137.447496873476
2026-07-22 20:58:00-04:00,4132.7001953125,379.093994140625,4137.547594529726
2026-07-22 20:59:00-04:00,4135.2998046875,379.093994140625,4138.847399217226
2026-07-22 21:00:00-04:00,4141.2001953125,379.093994140625,4141.797594529726
2026-07-22 21:01:00-04:00,4141.2001953125,379.093994140625,4141.797594529726
2026-07-22 21:02:00-04:00,4136.60009765625,379.093994140625,4139.497545701601
2026-07-22 21:03:00-04:00,4136.10009765625,379.093994140625,4139.247545701601
2026-07-22 21:04:00-04:00,4136.10009765625,379.093994140625,4139.247545701601
2026-07-22 21:05:00-04:00,4137.89990234375,379.093994140625,4140.147448045351
2026-07-22 21:06:00-04:00,4134.2998046875,379.093994140625,4138.347399217226
2026-07-22 21:07:00-04:00,4136.0,379.093994140625,4139.197496873476
2026-07-22 21:08:00-04:00,4134.0,379.093994140625,4138.197496873476
2026-07-22 21:09:00-04:00,4136.5,379.093994140625,4139.447496873476
2026-07-22 21:10:00-04:00,4136.2001953125,379.093994140625,4139.297594529726
2026-07-22 21:11:00-04:00,4138.2001953125,379.093994140625,4140.297594529726
2026-07-22 21:12:00-04:00,4139.39990234375,379.093994140625,4140.897448045351
2026-07-22 21:13:00-04:00,4139.0,379.093994140625,4140.697496873476
2026-07-22 21:14:00-04:00,4137.39990234375,379.093994140625,4139.897448045351
2026-07-22 21:15:00-04:00,4138.60009765625,379.093994140625,4140.497545701601
2026-07-22 21:16:00-04:00,4140.5,379.093994140625,4141.447496873476
2026-07-22 21:17:00-04:00,4138.39990234375,379.093994140625,4140.397448045351
2026-07-22 21:18:00-04:00,4139.39990234375,379.093994140625,4140.897448045351
2026-07-22 21:19:00-04:00,4138.5,379.093994140625,4140.447496873476
2026-07-22 21:20:00-04:00,4138.7998046875,379.093994140625,4140.597399217226
2026-07-22 21:21:00-04:00,4140.2998046875,379.093994140625,4141.347399217226
2026-07-22 21:22:00-04:00,4142.0,379.093994140625,4142.197496873476
2026-07-22 21:23:00-04:00,4142.10009765625,379.093994140625,4142.247545701601
2026-07-22 21:24:00-04:00,4141.0,379.093994140625,4141.697496873476
2026-07-22 21:25:00-04:00,4141.10009765625,379.093994140625,4141.747545701601
2026-07-22 21:26:00-04:00,4142.10009765625,379.093994140625,4142.247545701601
2026-07-22 21:27:00-04:00,4141.39990234375,379.093994140625,4141.897448045351
2026-07-22 21:28:00-04:00,4140.0,379.093994140625,4141.197496873476
2026-07-22 21:29:00-04:00,4140.2001953125,379.093994140625,4141.297594529726
2026-07-22 21:30:00-04:00,4131.89990234375,379.093994140625,4137.147448045351
2026-07-22 21:31:00-04:00,4133.60009765625,379.093994140625,4137.997545701601
2026-07-22 21:32:00-04:00,4136.60009765625,379.093994140625,4139.497545701601
2026-07-22 21:33:00-04:00,4136.89990234375,379.093994140625,4139.647448045351
2026-07-22 21:34:00-04:00,4136.2001953125,379.093994140625,4139.297594529726
2026-07-22 21:35:00-04:00,4133.10009765625,379.093994140625,4137.747545701601
2026-07-22 21:36:00-04:00,4129.2001953125,379.093994140625,4135.797594529726
2026-07-22 21:37:00-04:00,4128.2998046875,379.093994140625,4135.347399217226
2026-07-22 21:38:00-04:00,4127.10009765625,379.093994140625,4134.747545701601
2026-07-22 21:39:00-04:00,4125.60009765625,379.093994140625,4133.997545701601
2026-07-22 21:40:00-04:00,4128.10009765625,379.093994140625,4135.247545701601
2026-07-22 21:41:00-04:00,4128.39990234375,379.093994140625,4135.397448045351
2026-07-22 21:42:00-04:00,4128.0,379.093994140625,4135.197496873476
2026-07-22 21:43:00-04:00,4127.60009765625,379.093994140625,4134.997545701601
2026-07-22 21:44:00-04:00,4124.2001953125,379.093994140625,4133.297594529726
2026-07-22 21:45:00-04:00,4125.7998046875,379.093994140625,4134.097399217226
2026-07-22 21:46:00-04:00,4123.5,379.093994140625,4132.947496873476
2026-07-22 21:47:00-04:00,4122.7998046875,379.093994140625,4132.597399217226
2026-07-22 21:48:00-04:00,4121.10009765625,379.093994140625,4131.747545701601
2026-07-22 21:49:00-04:00,4124.0,379.093994140625,4133.197496873476
2026-07-22 21:50:00-04:00,4124.5,379.093994140625,4133.447496873476
2026-07-22 21:51:00-04:00,4123.2001953125,379.093994140625,4132.797594529726
2026-07-22 21:52:00-04:00,4124.39990234375,379.093994140625,4133.397448045351
2026-07-22 21:53:00-04:00,4120.5,379.093994140625,4131.447496873476
2026-07-22 21:54:00-04:00,4121.10009765625,379.093994140625,4131.747545701601
2026-07-22 21:55:00-04:00,4121.10009765625,379.093994140625,4131.747545701601
2026-07-22 21:56:00-04:00,4117.2998046875,379.093994140625,4129.847399217226
2026-07-22 21:57:00-04:00,4118.60009765625,379.093994140625,4130.497545701601
2026-07-22 21:58:00-04:00,4120.5,379.093994140625,4131.447496873476
2026-07-22 21:59:00-04:00,4120.5,379.093994140625,4131.447496873476
2026-07-22 22:00:00-04:00,4120.39990234375,379.093994140625,4131.397448045351
2026-07-22 22:01:00-04:00,4120.2998046875,379.093994140625,4131.347399217226
2026-07-22 22:02:00-04:00,4118.89990234375,379.093994140625,4130.647448045351
2026-07-22 22:03:00-04:00,4116.10009765625,379.093994140625,4129.247545701601
2026-07-22 22:04:00-04:00,4115.89990234375,379.093994140625,4129.147448045351
2026-07-22 22:05:00-04:00,4116.2998046875,379.093994140625,4129.347399217226
2026-07-22 22:06:00-04:00,4117.5,379.093994140625,4129.947496873476
2026-07-22 22:07:00-04:00,4118.5,379.093994140625,4130.447496873476
2026-07-22 22:08:00-04:00,4116.7001953125,379.093994140625,4129.547594529726
2026-07-22 22:09:00-04:00,4116.89990234375,379.093994140625,4129.647448045351
2026-07-22 22:10:00-04:00,4118.60009765625,379.093994140625,4130.497545701601
2026-07-22 22:11:00-04:00,4119.10009765625,379.093994140625,4130.747545701601
2026-07-22 22:12:00-04:00,4119.60009765625,379.093994140625,4130.997545701601
2026-07-22 22:13:00-04:00,4119.89990234375,379.093994140625,4131.147448045351
2026-07-22 22:14:00-04:00,4119.7998046875,379.093994140625,4131.097399217226
2026-07-22 22:15:00-04:00,4117.39990234375,379.093994140625,4129.897448045351
2026-07-22 22:16:00-04:00,4118.2001953125,379.093994140625,4130.297594529726
2026-07-22 22:17:00-04:00,4116.5,379.093994140625,4129.447496873476
2026-07-22 22:18:00-04:00,4117.2001953125,379.093994140625,4129.797594529726
2026-07-22 22:19:00-04:00,4117.2998046875,379.093994140625,4129.847399217226
2026-07-22 22:20:00-04:00,4117.2001953125,379.093994140625,4129.797594529726
2026-07-22 22:21:00-04:00,4118.5,379.093994140625,4130.447496873476
2026-07-22 22:22:00-04:00,4118.0,379.093994140625,4130.197496873476
2026-07-22 22:23:00-04:00,4117.7998046875,379.093994140625,4130.097399217226
2026-07-22 22:24:00-04:00,4118.5,379.093994140625,4130.447496873476
2026-07-22 22:25:00-04:00,4117.60009765625,379.093994140625,4129.997545701601
2026-07-22 22:26:00-04:00,4118.39990234375,379.093994140625,4130.397448045351
2026-07-22 22:27:00-04:00,4118.10009765625,379.093994140625,4130.247545701601
2026-07-22 22:28:00-04:00,4118.5,379.093994140625,4130.447496873476
2026-07-22 22:29:00-04:00,4118.39990234375,379.093994140625,4130.397448045351
2026-07-22 22:30:00-04:00,4121.10009765625,379.093994140625,4131.747545701601
2026-07-22 22:31:00-04:00,4119.7001953125,379.093994140625,4131.047594529726
2026-07-22 22:32:00-04:00,4118.10009765625,379.093994140625,4130.247545701601
2026-07-22 22:33:00-04:00,4117.2998046875,379.093994140625,4129.847399217226
2026-07-22 22:34:00-04:00,4119.0,379.093994140625,4130.697496873476
2026-07-22 22:35:00-04:00,4117.7998046875,379.093994140625,4130.097399217226
2026-07-22 22:36:00-04:00,4119.0,379.093994140625,4130.697496873476
2026-07-22 22:37:00-04:00,4118.7998046875,379.093994140625,4130.597399217226
2026-07-22 22:38:00-04:00,4118.89990234375,379.093994140625,4130.647448045351
2026-07-22 22:39:00-04:00,4121.2001953125,379.093994140625,4131.797594529726
2026-07-22 22:40:00-04:00,4120.7001953125,379.093994140625,4131.547594529726
2026-07-22 22:41:00-04:00,4122.0,379.093994140625,4132.197496873476
2026-07-22 22:42:00-04:00,4121.7998046875,379.093994140625,4132.097399217226
2026-07-22 22:43:00-04:00,4123.60009765625,379.093994140625,4132.997545701601
2026-07-22 22:44:00-04:00,4124.60009765625,379.093994140625,4133.497545701601
2026-07-22 22:45:00-04:00,4126.7001953125,379.093994140625,4134.547594529726
2026-07-22 22:46:00-04:00,4127.7998046875,379.093994140625,4135.097399217226
2026-07-22 22:47:00-04:00,4127.7001953125,379.093994140625,4135.047594529726
2026-07-22 22:48:00-04:00,4126.7998046875,379.093994140625,4134.597399217226
2026-07-22 22:49:00-04:00,4125.2001953125,379.093994140625,4133.797594529726
2026-07-22 22:50:00-04:00,4125.2998046875,379.093994140625,4133.847399217226
2026-07-22 22:51:00-04:00,4128.0,379.093994140625,4135.197496873476
2026-07-22 22:52:00-04:00,4127.60009765625,379.093994140625,4134.997545701601
2026-07-22 22:53:00-04:00,4129.5,379.093994140625,4135.947496873476
2026-07-22 22:54:00-04:00,4128.10009765625,379.093994140625,4135.247545701601
2026-07-22 22:55:00-04:00,4128.5,379.093994140625,4135.447496873476
2026-07-22 22:56:00-04:00,4128.7001953125,379.093994140625,4135.547594529726
2026-07-22 22:57:00-04:00,4130.0,379.093994140625,4136.197496873476
2026-07-22 22:58:00-04:00,4130.7001953125,379.093994140625,4136.547594529726
2026-07-22 22:59:00-04:00,4130.7998046875,379.093994140625,4136.597399217226
2026-07-22 23:00:00-04:00,4130.39990234375,379.093994140625,4136.397448045351
2026-07-22 23:01:00-04:00,4130.0,379.093994140625,4136.197496873476
2026-07-22 23:02:00-04:00,4130.39990234375,379.093994140625,4136.397448045351
2026-07-22 23:03:00-04:00,4129.0,379.093994140625,4135.697496873476
2026-07-22 23:04:00-04:00,4129.0,379.093994140625,4135.697496873476
2026-07-22 23:05:00-04:00,4127.60009765625,379.093994140625,4134.997545701601
2026-07-22 23:06:00-04:00,4129.60009765625,379.093994140625,4135.997545701601
2026-07-22 23:07:00-04:00,4128.89990234375,379.093994140625,4135.647448045351
2026-07-22 23:08:00-04:00,4128.0,379.093994140625,4135.197496873476
2026-07-22 23:09:00-04:00,4127.60009765625,379.093994140625,4134.997545701601
2026-07-22 23:10:00-04:00,4127.89990234375,379.093994140625,4135.147448045351
2026-07-22 23:11:00-04:00,4127.7998046875,379.093994140625,4135.097399217226
2026-07-22 23:12:00-04:00,4127.39990234375,379.093994140625,4134.897448045351
2026-07-22 23:13:00-04:00,4128.2001953125,379.093994140625,4135.297594529726
2026-07-22 23:14:00-04:00,4129.7001953125,379.093994140625,4136.047594529726
2026-07-22 23:15:00-04:00,4129.89990234375,379.093994140625,4136.147448045351
2026-07-22 23:16:00-04:00,4131.2001953125,379.093994140625,4136.797594529726
2026-07-22 23:17:00-04:00,4131.60009765625,379.093994140625,4136.997545701601
2026-07-22 23:18:00-04:00,4132.7001953125,379.093994140625,4137.547594529726
2026-07-22 23:19:00-04:00,4133.2001953125,379.093994140625,4137.797594529726
2026-07-22 23:20:00-04:00,4133.7998046875,379.093994140625,4138.097399217226
2026-07-22 23:21:00-04:00,4133.7001953125,379.093994140625,4138.047594529726
2026-07-22 23:22:00-04:00,4135.10009765625,379.093994140625,4138.747545701601
2026-07-22 23:23:00-04:00,4134.89990234375,379.093994140625,4138.647448045351
2026-07-22 23:24:00-04:00,4135.0,379.093994140625,4138.697496873476
2026-07-22 23:25:00-04:00,4133.2001953125,379.093994140625,4137.797594529726
2026-07-22 23:26:00-04:00,4133.60009765625,379.093994140625,4137.997545701601
2026-07-22 23:27:00-04:00,4132.10009765625,379.093994140625,4137.247545701601
2026-07-22 23:28:00-04:00,4132.7998046875,379.093994140625,4137.597399217226
2026-07-22 23:29:00-04:00,4132.2001953125,379.093994140625,4137.297594529726
2026-07-22 23:30:00-04:00,4132.7998046875,379.093994140625,4137.597399217226
2026-07-22 23:31:00-04:00,4131.89990234375,379.093994140625,4137.147448045351
2026-07-22 23:32:00-04:00,4132.0,379.093994140625,4137.197496873476
2026-07-22 23:33:00-04:00,4132.10009765625,379.093994140625,4137.247545701601
2026-07-22 23:34:00-04:00,4132.7001953125,379.093994140625,4137.547594529726
2026-07-22 23:35:00-04:00,4132.39990234375,379.093994140625,4137.397448045351
2026-07-22 23:36:00-04:00,4132.0,379.093994140625,4137.197496873476
2026-07-22 23:37:00-04:00,4131.2001953125,379.093994140625,4136.797594529726
2026-07-22 23:38:00-04:00,4131.5,379.093994140625,4136.947496873476
2026-07-22 23:39:00-04:00,4131.7998046875,379.093994140625,4137.097399217226
2026-07-22 23:40:00-04:00,4132.39990234375,379.093994140625,4137.397448045351
2026-07-22 23:41:00-04:00,4131.89990234375,379.093994140625,4137.147448045351
2026-07-22 23:42:00-04:00,4129.2001953125,379.093994140625,4135.797594529726
2026-07-22 23:43:00-04:00,4129.2998046875,379.093994140625,4135.847399217226
2026-07-22 23:44:00-04:00,4131.39990234375,379.093994140625,4136.897448045351
2026-07-22 23:45:00-04:00,4130.7001953125,379.093994140625,4136.547594529726
2026-07-22 23:46:00-04:00,4129.5,379.093994140625,4135.947496873476
2026-07-22 23:47:00-04:00,4128.2998046875,379.093994140625,4135.347399217226
2026-07-22 23:48:00-04:00,4127.89990234375,379.093994140625,4135.147448045351
2026-07-22 23:49:00-04:00,4128.2998046875,379.093994140625,4135.347399217226
2026-07-22 23:50:00-04:00,4128.10009765625,379.093994140625,4135.247545701601
2026-07-22 23:51:00-04:00,4127.7001953125,379.093994140625,4135.047594529726
2026-07-22 23:52:00-04:00,4128.2001953125,379.093994140625,4135.297594529726
2026-07-22 23:53:00-04:00,4127.89990234375,379.093994140625,4135.147448045351
2026-07-22 23:54:00-04:00,4128.5,379.093994140625,4135.447496873476
2026-07-22 23:55:00-04:00,4128.10009765625,379.093994140625,4135.247545701601
2026-07-22 23:56:00-04:00,4127.2001953125,379.093994140625,4134.797594529726
2026-07-22 23:57:00-04:00,4128.5,379.093994140625,4135.447496873476
2026-07-22 23:58:00-04:00,4127.60009765625,379.093994140625,4134.997545701601
2026-07-23 00:00:00-04:00,4126.5,379.093994140625,4134.447496873476
2026-07-23 00:01:00-04:00,4126.7998046875,379.093994140625,4134.597399217226
2026-07-23 00:02:00-04:00,4126.5,379.093994140625,4134.447496873476
2026-07-23 00:03:00-04:00,4125.39990234375,379.093994140625,4133.897448045351
2026-07-23 00:04:00-04:00,4126.10009765625,379.093994140625,4134.247545701601
2026-07-23 00:05:00-04:00,4125.7001953125,379.093994140625,4134.047594529726
2026-07-23 00:06:00-04:00,4125.7998046875,379.093994140625,4134.097399217226
2026-07-23 00:07:00-04:00,4127.10009765625,379.093994140625,4134.747545701601
2026-07-23 00:08:00-04:00,4127.5,379.093994140625,4134.947496873476
2026-07-23 00:09:00-04:00,4127.7001953125,379.093994140625,4135.047594529726
2026-07-23 00:10:00-04:00,4126.89990234375,379.093994140625,4134.647448045351
2026-07-23 00:11:00-04:00,4126.5,379.093994140625,4134.447496873476
2026-07-23 00:12:00-04:00,4128.0,379.093994140625,4135.197496873476
2026-07-23 00:13:00-04:00,4129.5,379.093994140625,4135.947496873476
2026-07-23 00:14:00-04:00,4129.89990234375,379.093994140625,4136.147448045351
2026-07-23 00:15:00-04:00,4130.2998046875,379.093994140625,4136.347399217226
2026-07-23 00:16:00-04:00,4129.60009765625,379.093994140625,4135.997545701601
2026-07-23 00:17:00-04:00,4128.0,379.093994140625,4135.197496873476
2026-07-23 00:18:00-04:00,4128.2998046875,379.093994140625,4135.347399217226
2026-07-23 00:19:00-04:00,4128.2001953125,379.093994140625,4135.297594529726
2026-07-23 00:20:00-04:00,4128.60009765625,379.093994140625,4135.497545701601
2026-07-23 00:21:00-04:00,4129.7998046875,379.093994140625,4136.097399217226
2026-07-23 00:22:00-04:00,4131.5,379.093994140625,4136.947496873476
2026-07-23 00:23:00-04:00,4131.10009765625,379.093994140625,4136.747545701601
2026-07-23 00:24:00-04:00,4130.60009765625,379.093994140625,4136.497545701601
2026-07-23 00:25:00-04:00,4131.2998046875,379.093994140625,4136.847399217226
2026-07-23 00:26:00-04:00,4131.2998046875,379.093994140625,4136.847399217226
2026-07-23 00:27:00-04:00,4131.0,379.093994140625,4136.697496873476
2026-07-23 00:28:00-04:00,4130.89990234375,379.093994140625,4136.647448045351
2026-07-23 00:29:00-04:00,4132.5,379.093994140625,4137.447496873476
2026-07-23 00:30:00-04:00,4130.39990234375,379.093994140625,4136.397448045351
2026-07-23 00:31:00-04:00,4128.60009765625,379.093994140625,4135.497545701601
2026-07-23 00:32:00-04:00,4128.39990234375,379.093994140625,4135.397448045351
2026-07-23 00:33:00-04:00,4129.0,379.093994140625,4135.697496873476
2026-07-23 00:34:00-04:00,4129.60009765625,379.093994140625,4135.997545701601
2026-07-23 00:35:00-04:00,4129.39990234375,379.093994140625,4135.897448045351
2026-07-23 00:36:00-04:00,4129.2001953125,379.093994140625,4135.797594529726
2026-07-23 00:37:00-04:00,4129.60009765625,379.093994140625,4135.997545701601
2026-07-23 00:38:00-04:00,4129.2998046875,379.093994140625,4135.847399217226
2026-07-23 00:39:00-04:00,4128.5,379.093994140625,4135.447496873476
2026-07-23 00:40:00-04:00,4127.39990234375,379.093994140625,4134.897448045351
2026-07-23 00:41:00-04:00,4126.39990234375,379.093994140625,4134.397448045351
2026-07-23 00:42:00-04:00,4126.39990234375,379.093994140625,4134.397448045351
2026-07-23 00:43:00-04:00,4126.2998046875,379.093994140625,4134.347399217226
2026-07-23 00:44:00-04:00,4125.7998046875,379.093994140625,4134.097399217226
2026-07-23 00:45:00-04:00,4125.7001953125,379.093994140625,4134.047594529726
2026-07-23 00:46:00-04:00,4126.0,379.093994140625,4134.197496873476
2026-07-23 00:47:00-04:00,4126.60009765625,379.093994140625,4134.497545701601
2026-07-23 00:48:00-04:00,4125.39990234375,379.093994140625,4133.897448045351
2026-07-23 00:49:00-04:00,4124.60009765625,379.093994140625,4133.497545701601
2026-07-23 00:50:00-04:00,4125.0,379.093994140625,4133.697496873476
2026-07-23 00:51:00-04:00,4124.10009765625,379.093994140625,4133.247545701601
2026-07-23 00:52:00-04:00,4123.2001953125,379.093994140625,4132.797594529726
2026-07-23 00:53:00-04:00,4123.5,379.093994140625,4132.947496873476
2026-07-23 00:54:00-04:00,4123.2001953125,379.093994140625,4132.797594529726
2026-07-23 00:55:00-04:00,4122.89990234375,379.093994140625,4132.647448045351
2026-07-23 00:56:00-04:00,4122.7001953125,379.093994140625,4132.547594529726
2026-07-23 00:57:00-04:00,4123.60009765625,379.093994140625,4132.997545701601
2026-07-23 00:58:00-04:00,4124.2001953125,379.093994140625,4133.297594529726
2026-07-23 00:59:00-04:00,4123.7998046875,379.093994140625,4133.097399217226
2026-07-23 01:00:00-04:00,4123.60009765625,379.093994140625,4132.997545701601
2026-07-23 01:01:00-04:00,4123.10009765625,379.093994140625,4132.747545701601
2026-07-23 01:02:00-04:00,4123.2998046875,379.093994140625,4132.847399217226
2026-07-23 01:03:00-04:00,4122.2998046875,379.093994140625,4132.347399217226
2026-07-23 01:04:00-04:00,4123.10009765625,379.093994140625,4132.747545701601
2026-07-23 01:05:00-04:00,4123.60009765625,379.093994140625,4132.997545701601
2026-07-23 01:06:00-04:00,4124.0,379.093994140625,4133.197496873476
2026-07-23 01:07:00-04:00,4126.2001953125,379.093994140625,4134.297594529726
2026-07-23 01:08:00-04:00,4126.10009765625,379.093994140625,4134.247545701601
2026-07-23 01:09:00-04:00,4126.5,379.093994140625,4134.447496873476
2026-07-23 01:10:00-04:00,4126.39990234375,379.093994140625,4134.397448045351
2026-07-23 01:11:00-04:00,4127.39990234375,379.093994140625,4134.897448045351
2026-07-23 01:12:00-04:00,4126.7998046875,379.093994140625,4134.597399217226
2026-07-23 01:13:00-04:00,4126.89990234375,379.093994140625,4134.647448045351
2026-07-23 01:14:00-04:00,4127.10009765625,379.093994140625,4134.747545701601
2026-07-23 01:15:00-04:00,4125.2001953125,379.093994140625,4133.797594529726
2026-07-23 01:16:00-04:00,4124.60009765625,379.093994140625,4133.497545701601
2026-07-23 01:17:00-04:00,4124.10009765625,379.093994140625,4133.247545701601
2026-07-23 01:18:00-04:00,4125.2998046875,379.093994140625,4133.847399217226
2026-07-23 01:19:00-04:00,4123.7001953125,379.093994140625,4133.047594529726
2026-07-23 01:20:00-04:00,4124.7998046875,379.093994140625,4133.597399217226
2026-07-23 01:21:00-04:00,4124.7998046875,379.093994140625,4133.597399217226
2026-07-23 01:22:00-04:00,4123.7001953125,379.093994140625,4133.047594529726
2026-07-23 01:23:00-04:00,4123.0,379.093994140625,4132.697496873476
2026-07-23 01:24:00-04:00,4124.2001953125,379.093994140625,4133.297594529726
2026-07-23 01:25:00-04:00,4124.2001953125,379.093994140625,4133.297594529726
2026-07-23 01:26:00-04:00,4125.10009765625,379.093994140625,4133.747545701601
2026-07-23 01:27:00-04:00,4126.0,379.093994140625,4134.197496873476
2026-07-23 01:28:00-04:00,4126.2998046875,379.093994140625,4134.347399217226
2026-07-23 01:29:00-04:00,4128.0,379.093994140625,4135.197496873476
2026-07-23 01:30:00-04:00,4130.7998046875,379.093994140625,4136.597399217226
2026-07-23 01:31:00-04:00,4130.60009765625,379.093994140625,4136.497545701601
2026-07-23 01:32:00-04:00,4128.7998046875,379.093994140625,4135.597399217226
2026-07-23 01:33:00-04:00,4130.10009765625,379.093994140625,4136.247545701601
2026-07-23 01:34:00-04:00,4130.10009765625,379.093994140625,4136.247545701601
2026-07-23 01:35:00-04:00,4130.2001953125,379.093994140625,4136.297594529726
2026-07-23 01:36:00-04:00,4130.39990234375,379.093994140625,4136.397448045351
2026-07-23 01:37:00-04:00,4130.10009765625,379.093994140625,4136.247545701601
2026-07-23 01:38:00-04:00,4129.60009765625,379.093994140625,4135.997545701601
2026-07-23 01:39:00-04:00,4129.2998046875,379.093994140625,4135.847399217226
2026-07-23 01:40:00-04:00,4128.10009765625,379.093994140625,4135.247545701601
2026-07-23 01:41:00-04:00,4128.89990234375,379.093994140625,4135.647448045351
2026-07-23 01:42:00-04:00,4128.2998046875,379.093994140625,4135.347399217226
2026-07-23 01:43:00-04:00,4128.39990234375,379.093994140625,4135.397448045351
2026-07-23 01:44:00-04:00,4130.2998046875,379.093994140625,4136.347399217226
2026-07-23 01:45:00-04:00,4130.5,379.093994140625,4136.447496873476
2026-07-23 01:46:00-04:00,4132.2001953125,379.093994140625,4137.297594529726
2026-07-23 01:47:00-04:00,4132.0,379.093994140625,4137.197496873476
2026-07-23 01:48:00-04:00,4129.5,379.093994140625,4135.947496873476
2026-07-23 01:49:00-04:00,4129.60009765625,379.093994140625,4135.997545701601
2026-07-23 01:50:00-04:00,4126.7001953125,379.093994140625,4134.547594529726
2026-07-23 01:51:00-04:00,4127.5,379.093994140625,4134.947496873476
2026-07-23 01:52:00-04:00,4130.0,379.093994140625,4136.197496873476
2026-07-23 01:53:00-04:00,4129.10009765625,379.093994140625,4135.747545701601
2026-07-23 01:54:00-04:00,4128.0,379.093994140625,4135.197496873476
2026-07-23 01:55:00-04:00,4125.89990234375,379.093994140625,4134.147448045351
2026-07-23 01:56:00-04:00,4124.7001953125,379.093994140625,4133.547594529726
2026-07-23 01:57:00-04:00,4124.2001953125,379.093994140625,4133.297594529726
2026-07-23 01:58:00-04:00,4125.2998046875,379.093994140625,4133.847399217226
2026-07-23 01:59:00-04:00,4126.89990234375,379.093994140625,4134.647448045351
2026-07-23 02:00:00-04:00,4129.2001953125,379.093994140625,4135.797594529726
2026-07-23 02:01:00-04:00,4129.2998046875,379.093994140625,4135.847399217226
2026-07-23 02:02:00-04:00,4128.0,379.093994140625,4135.197496873476
2026-07-23 02:03:00-04:00,4128.5,379.093994140625,4135.447496873476
2026-07-23 02:04:00-04:00,4126.7001953125,379.093994140625,4134.547594529726
2026-07-23 02:05:00-04:00,4126.5,379.093994140625,4134.447496873476
2026-07-23 02:06:00-04:00,4125.5,379.093994140625,4133.947496873476
2026-07-23 02:07:00-04:00,4125.2001953125,379.093994140625,4133.797594529726
2026-07-23 02:08:00-04:00,4125.39990234375,379.093994140625,4133.897448045351
2026-07-23 02:09:00-04:00,4125.39990234375,379.093994140625,4133.897448045351
2026-07-23 02:10:00-04:00,4126.89990234375,379.093994140625,4134.647448045351
2026-07-23 02:12:00-04:00,4125.39990234375,379.093994140625,4133.897448045351
2026-07-23 02:13:00-04:00,4126.10009765625,379.093994140625,4134.247545701601
2026-07-23 02:14:00-04:00,4126.2998046875,379.093994140625,4134.347399217226
2026-07-23 02:15:00-04:00,4125.7001953125,379.093994140625,4134.047594529726
2026-07-23 02:16:00-04:00,4126.60009765625,379.093994140625,4134.497545701601
2026-07-23 02:17:00-04:00,4128.5,379.093994140625,4135.447496873476
2026-07-23 02:18:00-04:00,4129.2001953125,379.093994140625,4135.797594529726
2026-07-23 02:19:00-04:00,4129.60009765625,379.093994140625,4135.997545701601
2026-07-23 02:20:00-04:00,4128.5,379.093994140625,4135.447496873476
2026-07-23 02:21:00-04:00,4128.10009765625,379.093994140625,4135.247545701601
2026-07-23 02:22:00-04:00,4126.39990234375,379.093994140625,4134.397448045351
2026-07-23 02:23:00-04:00,4127.5,379.093994140625,4134.947496873476
2026-07-23 02:24:00-04:00,4127.7001953125,379.093994140625,4135.047594529726
2026-07-23 02:25:00-04:00,4126.2998046875,379.093994140625,4134.347399217226
2026-07-23 02:26:00-04:00,4125.7001953125,379.093994140625,4134.047594529726
2026-07-23 02:27:00-04:00,4126.60009765625,379.093994140625,4134.497545701601
2026-07-23 02:28:00-04:00,4125.0,379.093994140625,4133.697496873476
2026-07-23 02:29:00-04:00,4124.89990234375,379.093994140625,4133.647448045351
2026-07-23 02:30:00-04:00,4125.60009765625,379.093994140625,4133.997545701601
2026-07-23 02:31:00-04:00,4123.89990234375,379.093994140625,4133.147448045351
2026-07-23 02:32:00-04:00,4124.10009765625,379.093994140625,4133.247545701601
2026-07-23 02:33:00-04:00,4124.39990234375,379.093994140625,4133.397448045351
2026-07-23 02:34:00-04:00,4125.0,379.093994140625,4133.697496873476
2026-07-23 02:35:00-04:00,4124.89990234375,379.093994140625,4133.647448045351
2026-07-23 02:36:00-04:00,4125.39990234375,379.093994140625,4133.897448045351
2026-07-23 02:37:00-04:00,4125.89990234375,379.093994140625,4134.147448045351
2026-07-23 02:38:00-04:00,4125.39990234375,379.093994140625,4133.897448045351
2026-07-23 02:39:00-04:00,4123.89990234375,379.093994140625,4133.147448045351
2026-07-23 02:40:00-04:00,4120.7998046875,379.093994140625,4131.597399217226
2026-07-23 02:41:00-04:00,4121.2998046875,379.093994140625,4131.847399217226
2026-07-23 02:42:00-04:00,4121.7001953125,379.093994140625,4132.047594529726
2026-07-23 02:43:00-04:00,4123.2001953125,379.093994140625,4132.797594529726
2026-07-23 02:44:00-04:00,4122.5,379.093994140625,4132.447496873476
2026-07-23 02:45:00-04:00,4124.5,379.093994140625,4133.447496873476
2026-07-23 02:46:00-04:00,4124.2001953125,379.093994140625,4133.297594529726
2026-07-23 02:47:00-04:00,4123.7001953125,379.093994140625,4133.047594529726
2026-07-23 02:48:00-04:00,4123.89990234375,379.093994140625,4133.147448045351
2026-07-23 02:49:00-04:00,4125.10009765625,379.093994140625,4133.747545701601
2026-07-23 02:50:00-04:00,4124.89990234375,379.093994140625,4133.647448045351
2026-07-23 02:51:00-04:00,4124.0,379.093994140625,4133.197496873476
2026-07-23 02:52:00-04:00,4124.0,379.093994140625,4133.197496873476
2026-07-23 02:53:00-04:00,4123.7001953125,379.093994140625,4133.047594529726
2026-07-23 02:54:00-04:00,4123.2001953125,379.093994140625,4132.797594529726
2026-07-23 02:55:00-04:00,4122.5,379.093994140625,4132.447496873476
2026-07-23 02:56:00-04:00,4122.39990234375,379.093994140625,4132.397448045351
2026-07-23 02:57:00-04:00,4122.60009765625,379.093994140625,4132.497545701601
2026-07-23 02:58:00-04:00,4121.0,379.093994140625,4131.697496873476
2026-07-23 02:59:00-04:00,4121.60009765625,379.093994140625,4131.997545701601
2026-07-23 03:00:00-04:00,4120.39990234375,379.093994140625,4131.397448045351
2026-07-23 03:01:00-04:00,4117.0,379.093994140625,4129.697496873476
2026-07-23 03:02:00-04:00,4118.5,379.093994140625,4130.447496873476
2026-07-23 03:03:00-04:00,4118.39990234375,379.093994140625,4130.397448045351
2026-07-23 03:04:00-04:00,4117.7998046875,379.093994140625,4130.097399217226
2026-07-23 03:05:00-04:00,4118.39990234375,379.093994140625,4130.397448045351
2026-07-23 03:06:00-04:00,4116.10009765625,379.093994140625,4129.247545701601
2026-07-23 03:07:00-04:00,4115.10009765625,379.093994140625,4128.747545701601
2026-07-23 03:08:00-04:00,4115.0,379.093994140625,4128.697496873476
2026-07-23 03:09:00-04:00,4113.2998046875,379.093994140625,4127.847399217226
2026-07-23 03:10:00-04:00,4109.7001953125,379.093994140625,4126.047594529726
2026-07-23 03:11:00-04:00,4108.2998046875,379.093994140625,4125.347399217226
2026-07-23 03:12:00-04:00,4106.0,379.093994140625,4124.197496873476
2026-07-23 03:13:00-04:00,4106.2998046875,379.093994140625,4124.347399217226
2026-07-23 03:14:00-04:00,4109.60009765625,379.093994140625,4125.997545701601
2026-07-23 03:15:00-04:00,4110.89990234375,379.093994140625,4126.647448045351
2026-07-23 03:16:00-04:00,4114.7998046875,379.093994140625,4128.597399217226
2026-07-23 03:17:00-04:00,4113.2998046875,379.093994140625,4127.847399217226
2026-07-23 03:18:00-04:00,4112.5,379.093994140625,4127.447496873476
2026-07-23 03:19:00-04:00,4112.10009765625,379.093994140625,4127.247545701601
2026-07-23 03:20:00-04:00,4111.60009765625,379.093994140625,4126.997545701601
2026-07-23 03:21:00-04:00,4111.5,379.093994140625,4126.947496873476
2026-07-23 03:22:00-04:00,4111.2998046875,379.093994140625,4126.847399217226
2026-07-23 03:23:00-04:00,4111.2001953125,379.093994140625,4126.797594529726
2026-07-23 03:24:00-04:00,4108.60009765625,379.093994140625,4125.497545701601
2026-07-23 03:25:00-04:00,4111.7001953125,379.093994140625,4127.047594529726
2026-07-23 03:26:00-04:00,4112.89990234375,379.093994140625,4127.647448045351
2026-07-23 03:27:00-04:00,4112.5,379.093994140625,4127.447496873476
2026-07-23 03:28:00-04:00,4110.7998046875,379.093994140625,4126.597399217226
2026-07-23 03:29:00-04:00,4111.2001953125,379.093994140625,4126.797594529726
2026-07-23 03:30:00-04:00,4106.60009765625,379.093994140625,4124.497545701601
2026-07-23 03:31:00-04:00,4106.10009765625,379.093994140625,4124.247545701601
2026-07-23 03:32:00-04:00,4106.10009765625,379.093994140625,4124.247545701601
2026-07-23 03:33:00-04:00,4109.10009765625,379.093994140625,4125.747545701601
2026-07-23 03:34:00-04:00,4107.7001953125,379.093994140625,4125.047594529726
2026-07-23 03:35:00-04:00,4106.2001953125,379.093994140625,4124.297594529726
2026-07-23 03:36:00-04:00,4107.39990234375,379.093994140625,4124.897448045351
2026-07-23 03:37:00-04:00,4106.10009765625,379.093994140625,4124.247545701601
2026-07-23 03:38:00-04:00,4104.60009765625,379.093994140625,4123.497545701601
2026-07-23 03:39:00-04:00,4103.7001953125,379.093994140625,4123.047594529726
2026-07-23 03:40:00-04:00,4104.10009765625,379.093994140625,4123.247545701601
2026-07-23 03:41:00-04:00,4102.7998046875,379.093994140625,4122.597399217226
2026-07-23 03:42:00-04:00,4097.10009765625,379.093994140625,4119.747545701601
2026-07-23 03:43:00-04:00,4099.2998046875,379.093994140625,4120.847399217226
2026-07-23 03:44:00-04:00,4098.5,379.093994140625,4120.447496873476
2026-07-23 03:45:00-04:00,4098.10009765625,379.093994140625,4120.247545701601
2026-07-23 03:46:00-04:00,4097.7001953125,379.093994140625,4120.047594529726
2026-07-23 03:47:00-04:00,4095.300048828125,379.093994140625,4118.847521287538
2026-07-23 03:48:00-04:00,4098.2001953125,379.093994140625,4120.297594529726
2026-07-23 03:49:00-04:00,4096.10009765625,379.093994140625,4119.247545701601
2026-07-23 03:50:00-04:00,4097.7998046875,379.093994140625,4120.097399217226
2026-07-23 03:51:00-04:00,4096.39990234375,379.093994140625,4119.397448045351
2026-07-23 03:52:00-04:00,4095.89990234375,379.093994140625,4119.147448045351
2026-07-23 03:53:00-04:00,4094.39990234375,379.093994140625,4118.397448045351
2026-07-23 03:54:00-04:00,4096.89990234375,379.093994140625,4119.647448045351
2026-07-23 03:55:00-04:00,4098.60009765625,379.093994140625,4120.497545701601
2026-07-23 03:56:00-04:00,4098.7001953125,379.093994140625,4120.547594529726
2026-07-23 03:57:00-04:00,4097.0,379.093994140625,4119.697496873476
2026-07-23 03:58:00-04:00,4097.0,379.093994140625,4119.697496873476
2026-07-23 03:59:00-04:00,4098.2998046875,379.093994140625,4120.347399217226
2026-07-23 04:00:00-04:00,4095.39990234375,379.093994140625,4118.897448045351
2026-07-23 04:01:00-04:00,4093.89990234375,379.093994140625,4118.147448045351
2026-07-23 04:02:00-04:00,4095.0,379.093994140625,4118.697496873476
2026-07-23 04:03:00-04:00,4096.2998046875,379.093994140625,4119.347399217226
2026-07-23 04:04:00-04:00,4095.89990234375,379.093994140625,4119.147448045351
2026-07-23 04:05:00-04:00,4096.7998046875,379.093994140625,4119.597399217226
2026-07-23 04:06:00-04:00,4096.2001953125,379.093994140625,4119.297594529726
2026-07-23 04:07:00-04:00,4098.2001953125,379.093994140625,4120.297594529726
2026-07-23 04:08:00-04:00,4097.0,379.093994140625,4119.697496873476
2026-07-23 04:09:00-04:00,4099.0,379.093994140625,4120.697496873476
2026-07-23 04:10:00-04:00,4097.89990234375,379.093994140625,4120.147448045351
2026-07-23 04:11:00-04:00,4097.7998046875,379.093994140625,4120.097399217226
2026-07-23 04:12:00-04:00,4097.39990234375,379.093994140625,4119.897448045351
2026-07-23 04:13:00-04:00,4096.10009765625,379.093994140625,4119.247545701601
2026-07-23 04:14:00-04:00,4094.10009765625,379.093994140625,4118.247545701601
2026-07-23 04:15:00-04:00,4094.89990234375,379.093994140625,4118.647448045351
2026-07-23 04:16:00-04:00,4094.89990234375,379.093994140625,4118.647448045351
2026-07-23 04:17:00-04:00,4095.10009765625,379.093994140625,4118.747545701601
2026-07-23 04:18:00-04:00,4094.10009765625,379.093994140625,4118.247545701601
2026-07-23 04:19:00-04:00,4092.699951171875,379.093994140625,4117.547472459413
2026-07-23 04:20:00-04:00,4093.39990234375,379.093994140625,4117.897448045351
2026-07-23 04:21:00-04:00,4092.0,379.093994140625,4117.197496873476
2026-07-23 04:22:00-04:00,4093.699951171875,379.093994140625,4118.047472459413
2026-07-23 04:23:00-04:00,4092.89990234375,379.093994140625,4117.647448045351
2026-07-23 04:24:00-04:00,4093.60009765625,379.093994140625,4117.997545701601
2026-07-23 04:25:00-04:00,4093.10009765625,379.093994140625,4117.747545701601
2026-07-23 04:26:00-04:00,4094.0,379.093994140625,4118.197496873476
2026-07-23 04:27:00-04:00,4093.800048828125,379.093994140625,4118.097521287538
2026-07-23 04:28:00-04:00,4093.39990234375,379.093994140625,4117.897448045351
2026-07-23 04:29:00-04:00,4094.39990234375,379.093994140625,4118.397448045351
2026-07-23 04:30:00-04:00,4093.60009765625,379.093994140625,4117.997545701601
2026-07-23 04:31:00-04:00,4093.89990234375,379.093994140625,4118.147448045351
2026-07-23 04:32:00-04:00,4093.5,379.093994140625,4117.947496873476
2026-07-23 04:33:00-04:00,4094.5,379.093994140625,4118.447496873476
2026-07-23 04:34:00-04:00,4095.60009765625,379.093994140625,4118.997545701601
2026-07-23 04:35:00-04:00,4094.60009765625,379.093994140625,4118.497545701601
2026-07-23 04:36:00-04:00,4095.89990234375,379.093994140625,4119.147448045351
2026-07-23 04:37:00-04:00,4094.10009765625,379.093994140625,4118.247545701601
2026-07-23 04:38:00-04:00,4095.0,379.093994140625,4118.697496873476
2026-07-23 04:39:00-04:00,4094.89990234375,379.093994140625,4118.647448045351
2026-07-23 04:40:00-04:00,4093.89990234375,379.093994140625,4118.147448045351
2026-07-23 04:41:00-04:00,4092.0,379.093994140625,4117.197496873476
2026-07-23 04:42:00-04:00,4093.89990234375,379.093994140625,4118.147448045351
2026-07-23 04:43:00-04:00,4094.699951171875,379.093994140625,4118.547472459413
2026-07-23 04:44:00-04:00,4095.300048828125,379.093994140625,4118.847521287538
2026-07-23 04:45:00-04:00,4093.89990234375,379.093994140625,4118.147448045351
2026-07-23 04:46:00-04:00,4094.300048828125,379.093994140625,4118.347521287538
2026-07-23 04:47:00-04:00,4092.60009765625,379.093994140625,4117.497545701601
2026-07-23 04:48:00-04:00,4091.39990234375,379.093994140625,4116.897448045351
2026-07-23 04:49:00-04:00,4092.199951171875,379.093994140625,4117.297472459413
2026-07-23 04:50:00-04:00,4092.89990234375,379.093994140625,4117.647448045351
2026-07-23 04:51:00-04:00,4092.39990234375,379.093994140625,4117.397448045351
2026-07-23 04:52:00-04:00,4091.5,379.093994140625,4116.947496873476
2026-07-23 04:53:00-04:00,4093.5,379.093994140625,4117.947496873476
2026-07-23 04:54:00-04:00,4095.60009765625,379.093994140625,4118.997545701601
2026-07-23 04:55:00-04:00,4096.10009765625,379.093994140625,4119.247545701601
2026-07-23 04:56:00-04:00,4096.89990234375,379.093994140625,4119.647448045351
2026-07-23 04:57:00-04:00,4097.0,379.093994140625,4119.697496873476
2026-07-23 04:58:00-04:00,4096.0,379.093994140625,4119.197496873476
2026-07-23 04:59:00-04:00,4096.0,379.093994140625,4119.197496873476
2026-07-23 05:00:00-04:00,4095.699951171875,379.093994140625,4119.047472459413
2026-07-23 05:01:00-04:00,4097.7001953125,379.093994140625,4120.047594529726
2026-07-23 05:02:00-04:00,4098.5,379.093994140625,4120.447496873476
2026-07-23 05:03:00-04:00,4100.2998046875,379.093994140625,4121.347399217226
2026-07-23 05:04:00-04:00,4101.89990234375,379.093994140625,4122.147448045351
2026-07-23 05:05:00-04:00,4101.0,379.093994140625,4121.697496873476
2026-07-23 05:06:00-04:00,4100.60009765625,379.093994140625,4121.497545701601
2026-07-23 05:07:00-04:00,4100.10009765625,379.093994140625,4121.247545701601
2026-07-23 05:08:00-04:00,4100.2998046875,379.093994140625,4121.347399217226
2026-07-23 05:09:00-04:00,4100.0,379.093994140625,4121.197496873476
2026-07-23 05:10:00-04:00,4100.60009765625,379.093994140625,4121.497545701601
2026-07-23 05:11:00-04:00,4100.89990234375,379.093994140625,4121.647448045351
2026-07-23 05:12:00-04:00,4100.2001953125,379.093994140625,4121.297594529726
2026-07-23 05:13:00-04:00,4100.39990234375,379.093994140625,4121.397448045351
2026-07-23 05:14:00-04:00,4097.7001953125,379.093994140625,4120.047594529726
2026-07-23 05:15:00-04:00,4097.7998046875,379.093994140625,4120.097399217226
2026-07-23 05:16:00-04:00,4098.0,379.093994140625,4120.197496873476
2026-07-23 05:17:00-04:00,4098.39990234375,379.093994140625,4120.397448045351
2026-07-23 05:18:00-04:00,4097.60009765625,379.093994140625,4119.997545701601
2026-07-23 05:19:00-04:00,4099.7001953125,379.093994140625,4121.047594529726
2026-07-23 05:20:00-04:00,4097.10009765625,379.093994140625,4119.747545701601
2026-07-23 05:21:00-04:00,4096.2998046875,379.093994140625,4119.347399217226
2026-07-23 05:22:00-04:00,4096.2001953125,379.093994140625,4119.297594529726
2026-07-23 05:23:00-04:00,4096.2998046875,379.093994140625,4119.347399217226
2026-07-23 05:24:00-04:00,4095.800048828125,379.093994140625,4119.097521287538
2026-07-23 05:25:00-04:00,4094.800048828125,379.093994140625,4118.597521287538
2026-07-23 05:26:00-04:00,4092.60009765625,379.093994140625,4117.497545701601
2026-07-23 05:27:00-04:00,4092.60009765625,379.093994140625,4117.497545701601
2026-07-23 05:28:00-04:00,4093.89990234375,379.093994140625,4118.147448045351
2026-07-23 05:29:00-04:00,4093.89990234375,379.093994140625,4118.147448045351
2026-07-23 05:30:00-04:00,4092.5,379.093994140625,4117.447496873476
2026-07-23 05:31:00-04:00,4091.800048828125,379.093994140625,4117.097521287538
2026-07-23 05:32:00-04:00,4092.800048828125,379.093994140625,4117.597521287538
2026-07-23 05:33:00-04:00,4093.89990234375,379.093994140625,4118.147448045351
2026-07-23 05:34:00-04:00,4095.300048828125,379.093994140625,4118.847521287538
2026-07-23 05:35:00-04:00,4094.800048828125,379.093994140625,4118.597521287538
2026-07-23 05:36:00-04:00,4095.0,379.093994140625,4118.697496873476
2026-07-23 05:37:00-04:00,4094.0,379.093994140625,4118.197496873476
2026-07-23 05:38:00-04:00,4094.800048828125,379.093994140625,4118.597521287538
2026-07-23 05:39:00-04:00,4095.0,379.093994140625,4118.697496873476
2026-07-23 05:40:00-04:00,4094.199951171875,379.093994140625,4118.297472459413
2026-07-23 05:41:00-04:00,4094.800048828125,379.093994140625,4118.597521287538
2026-07-23 05:42:00-04:00,4095.39990234375,379.093994140625,4118.897448045351
2026-07-23 05:43:00-04:00,4095.5,379.093994140625,4118.947496873476
2026-07-23 05:44:00-04:00,4095.0,379.093994140625,4118.697496873476
2026-07-23 05:45:00-04:00,4097.0,379.093994140625,4119.697496873476
2026-07-23 05:46:00-04:00,4095.39990234375,379.093994140625,4118.897448045351
2026-07-23 05:47:00-04:00,4095.300048828125,379.093994140625,4118.847521287538
2026-07-23 05:48:00-04:00,4095.800048828125,379.093994140625,4119.097521287538
2026-07-23 05:49:00-04:00,4096.39990234375,379.093994140625,4119.397448045351
2026-07-23 05:50:00-04:00,4095.39990234375,379.093994140625,4118.897448045351
2026-07-23 05:51:00-04:00,4093.5,379.093994140625,4117.947496873476
2026-07-23 05:52:00-04:00,4094.699951171875,379.093994140625,4118.547472459413
2026-07-23 05:53:00-04:00,4096.0,379.093994140625,4119.197496873476
2026-07-23 05:54:00-04:00,4096.2001953125,379.093994140625,4119.297594529726
2026-07-23 05:55:00-04:00,4095.10009765625,379.093994140625,4118.747545701601
2026-07-23 05:56:00-04:00,4094.39990234375,379.093994140625,4118.397448045351
2026-07-23 05:57:00-04:00,4092.5,379.093994140625,4117.447496873476
2026-07-23 05:58:00-04:00,4091.89990234375,379.093994140625,4117.147448045351
2026-07-23 05:59:00-04:00,4093.199951171875,379.093994140625,4117.797472459413
2026-07-23 06:00:00-04:00,4092.5,379.093994140625,4117.447496873476
2026-07-23 06:01:00-04:00,4093.60009765625,379.093994140625,4117.997545701601
2026-07-23 06:02:00-04:00,4094.10009765625,379.093994140625,4118.247545701601
2026-07-23 06:03:00-04:00,4093.5,379.093994140625,4117.947496873476
2026-07-23 06:04:00-04:00,4093.800048828125,379.093994140625,4118.097521287538
2026-07-23 06:05:00-04:00,4093.699951171875,379.093994140625,4118.047472459413
2026-07-23 06:06:00-04:00,4092.89990234375,379.093994140625,4117.647448045351
2026-07-23 06:07:00-04:00,4094.10009765625,379.093994140625,4118.247545701601
2026-07-23 06:08:00-04:00,4092.300048828125,379.093994140625,4117.347521287538
2026-07-23 06:09:00-04:00,4092.0,379.093994140625,4117.197496873476
2026-07-23 06:10:00-04:00,4091.89990234375,379.093994140625,4117.147448045351
2026-07-23 06:11:00-04:00,4092.699951171875,379.093994140625,4117.547472459413
2026-07-23 06:12:00-04:00,4094.199951171875,379.093994140625,4118.297472459413
2026-07-23 06:13:00-04:00,4092.699951171875,379.093994140625,4117.547472459413
2026-07-23 06:14:00-04:00,4093.800048828125,379.093994140625,4118.097521287538
2026-07-23 06:15:00-04:00,4094.300048828125,379.093994140625,4118.347521287538
2026-07-23 06:16:00-04:00,4094.10009765625,379.093994140625,4118.247545701601
2026-07-23 06:17:00-04:00,4094.699951171875,379.093994140625,4118.547472459413
2026-07-23 06:18:00-04:00,4095.5,379.093994140625,4118.947496873476
2026-07-23 06:19:00-04:00,4092.10009765625,379.093994140625,4117.247545701601
2026-07-23 06:20:00-04:00,4091.60009765625,379.093994140625,4116.997545701601
2026-07-23 06:21:00-04:00,4090.60009765625,379.093994140625,4116.497545701601
2026-07-23 06:22:00-04:00,4090.89990234375,379.093994140625,4116.647448045351
2026-07-23 06:23:00-04:00,4090.10009765625,379.093994140625,4116.247545701601
2026-07-23 06:24:00-04:00,4090.699951171875,379.093994140625,4116.547472459413
2026-07-23 06:25:00-04:00,4092.199951171875,379.093994140625,4117.297472459413
2026-07-23 06:26:00-04:00,4091.60009765625,379.093994140625,4116.997545701601
2026-07-23 06:27:00-04:00,4091.5,379.093994140625,4116.947496873476
2026-07-23 06:28:00-04:00,4092.0,379.093994140625,4117.197496873476
2026-07-23 06:29:00-04:00,4093.300048828125,379.093994140625,4117.847521287538
2026-07-23 06:30:00-04:00,4094.89990234375,379.093994140625,4118.647448045351
2026-07-23 06:31:00-04:00,4094.800048828125,379.093994140625,4118.597521287538
2026-07-23 06:32:00-04:00,4092.60009765625,379.093994140625,4117.497545701601
2026-07-23 06:33:00-04:00,4093.0,379.093994140625,4117.697496873476
2026-07-23 06:34:00-04:00,4090.39990234375,379.093994140625,4116.397448045351
2026-07-23 06:35:00-04:00,4092.10009765625,379.093994140625,4117.247545701601
2026-07-23 06:36:00-04:00,4092.199951171875,379.093994140625,4117.297472459413
2026-07-23 06:37:00-04:00,4093.199951171875,379.093994140625,4117.797472459413
2026-07-23 06:38:00-04:00,4092.60009765625,379.093994140625,4117.497545701601
2026-07-23 06:39:00-04:00,4093.300048828125,379.093994140625,4117.847521287538
2026-07-23 06:40:00-04:00,4091.5,379.093994140625,4116.947496873476
2026-07-23 06:41:00-04:00,4091.199951171875,379.093994140625,4116.797472459413
2026-07-23 06:42:00-04:00,4092.300048828125,379.093994140625,4117.347521287538
2026-07-23 06:43:00-04:00,4092.300048828125,379.093994140625,4117.347521287538
2026-07-23 06:44:00-04:00,4092.5,379.093994140625,4117.447496873476
2026-07-23 06:45:00-04:00,4091.0,379.093994140625,4116.697496873476
2026-07-23 06:46:00-04:00,4091.0,379.093994140625,4116.697496873476
2026-07-23 06:47:00-04:00,4092.5,379.093994140625,4117.447496873476
2026-07-23 06:48:00-04:00,4094.199951171875,379.093994140625,4118.297472459413
2026-07-23 06:49:00-04:00,4096.39990234375,379.093994140625,4119.397448045351
2026-07-23 06:50:00-04:00,4096.60009765625,379.093994140625,4119.497545701601
2026-07-23 06:51:00-04:00,4095.89990234375,379.093994140625,4119.147448045351
2026-07-23 06:52:00-04:00,4097.2001953125,379.093994140625,4119.797594529726
2026-07-23 06:53:00-04:00,4095.10009765625,379.093994140625,4118.747545701601
2026-07-23 06:54:00-04:00,4097.60009765625,379.093994140625,4119.997545701601
2026-07-23 06:55:00-04:00,4097.0,379.093994140625,4119.697496873476
2026-07-23 06:56:00-04:00,4097.89990234375,379.093994140625,4120.147448045351
2026-07-23 06:57:00-04:00,4095.39990234375,379.093994140625,4118.897448045351
2026-07-23 06:58:00-04:00,4096.39990234375,379.093994140625,4119.397448045351
2026-07-23 06:59:00-04:00,4096.7001953125,379.093994140625,4119.547594529726
2026-07-23 07:00:00-04:00,4095.39990234375,379.093994140625,4118.897448045351
2026-07-23 07:01:00-04:00,4094.89990234375,379.093994140625,4118.647448045351
2026-07-23 07:02:00-04:00,4096.10009765625,379.093994140625,4119.247545701601
2026-07-23 07:03:00-04:00,4093.800048828125,379.093994140625,4118.097521287538
2026-07-23 07:04:00-04:00,4095.10009765625,379.093994140625,4118.747545701601
2026-07-23 07:05:00-04:00,4094.5,379.093994140625,4118.447496873476
2026-07-23 07:06:00-04:00,4092.800048828125,379.093994140625,4117.597521287538
2026-07-23 07:07:00-04:00,4093.5,379.093994140625,4117.947496873476
2026-07-23 07:08:00-04:00,4093.699951171875,379.093994140625,4118.047472459413
2026-07-23 07:09:00-04:00,4092.0,379.093994140625,4117.197496873476
2026-07-23 07:10:00-04:00,4091.39990234375,379.093994140625,4116.897448045351
2026-07-23 07:11:00-04:00,4092.300048828125,379.093994140625,4117.347521287538
2026-07-23 07:12:00-04:00,4091.300048828125,379.093994140625,4116.847521287538
2026-07-23 07:13:00-04:00,4090.39990234375,379.093994140625,4116.397448045351
2026-07-23 07:14:00-04:00,4090.699951171875,379.093994140625,4116.547472459413
2026-07-23 07:15:00-04:00,4089.60009765625,379.093994140625,4115.997545701601
2026-07-23 07:16:00-04:00,4090.199951171875,379.093994140625,4116.297472459413
2026-07-23 07:17:00-04:00,4088.300048828125,379.093994140625,4115.347521287538
2026-07-23 07:18:00-04:00,4090.10009765625,379.093994140625,4116.247545701601
2026-07-23 07:19:00-04:00,4088.60009765625,379.093994140625,4115.497545701601
2026-07-23 07:20:00-04:00,4088.0,379.093994140625,4115.197496873476
2026-07-23 07:21:00-04:00,4089.60009765625,379.093994140625,4115.997545701601
2026-07-23 07:22:00-04:00,4087.10009765625,379.093994140625,4114.747545701601
2026-07-23 07:23:00-04:00,4084.39990234375,379.093994140625,4113.397448045351
2026-07-23 07:24:00-04:00,4087.0,379.093994140625,4114.697496873476
2026-07-23 07:25:00-04:00,4087.89990234375,379.093994140625,4115.147448045351
2026-07-23 07:26:00-04:00,4087.10009765625,379.093994140625,4114.747545701601
2026-07-23 07:27:00-04:00,4085.89990234375,379.093994140625,4114.147448045351
2026-07-23 07:28:00-04:00,4085.39990234375,379.093994140625,4113.897448045351
2026-07-23 07:29:00-04:00,4087.10009765625,379.093994140625,4114.747545701601
2026-07-23 07:30:00-04:00,4085.39990234375,379.093994140625,4113.897448045351
2026-07-23 07:31:00-04:00,4084.0,379.093994140625,4113.197496873476
2026-07-23 07:32:00-04:00,4082.89990234375,379.093994140625,4112.647448045351
2026-07-23 07:33:00-04:00,4083.199951171875,379.093994140625,4112.797472459413
2026-07-23 07:34:00-04:00,4083.699951171875,379.093994140625,4113.047472459413
2026-07-23 07:35:00-04:00,4082.699951171875,379.093994140625,4112.547472459413
2026-07-23 07:36:00-04:00,4084.199951171875,379.093994140625,4113.297472459413
2026-07-23 07:37:00-04:00,4084.39990234375,379.093994140625,4113.397448045351
2026-07-23 07:38:00-04:00,4083.39990234375,379.093994140625,4112.897448045351
2026-07-23 07:39:00-04:00,4082.199951171875,379.093994140625,4112.297472459413
2026-07-23 07:40:00-04:00,4078.5,379.093994140625,4110.447496873476
2026-07-23 07:41:00-04:00,4077.800048828125,379.093994140625,4110.097521287538
2026-07-23 07:42:00-04:00,4080.699951171875,379.093994140625,4111.547472459413
2026-07-23 07:43:00-04:00,4079.699951171875,379.093994140625,4111.047472459413
2026-07-23 07:44:00-04:00,4081.39990234375,379.093994140625,4111.897448045351
2026-07-23 07:45:00-04:00,4083.800048828125,379.093994140625,4113.097521287538
2026-07-23 07:46:00-04:00,4083.39990234375,379.093994140625,4112.897448045351
2026-07-23 07:47:00-04:00,4083.800048828125,379.093994140625,4113.097521287538
2026-07-23 07:48:00-04:00,4084.5,379.093994140625,4113.447496873476
2026-07-23 07:49:00-04:00,4084.5,379.093994140625,4113.447496873476
2026-07-23 07:50:00-04:00,4086.199951171875,379.093994140625,4114.297472459413
2026-07-23 07:51:00-04:00,4087.10009765625,379.093994140625,4114.747545701601
2026-07-23 07:52:00-04:00,4088.89990234375,379.093994140625,4115.647448045351
2026-07-23 07:53:00-04:00,4087.0,379.093994140625,4114.697496873476
2026-07-23 07:54:00-04:00,4087.300048828125,379.093994140625,4114.847521287538
2026-07-23 07:55:00-04:00,4086.60009765625,379.093994140625,4114.497545701601
2026-07-23 07:56:00-04:00,4087.0,379.093994140625,4114.697496873476
2026-07-23 07:57:00-04:00,4086.699951171875,379.093994140625,4114.547472459413
2026-07-23 07:58:00-04:00,4088.60009765625,379.093994140625,4115.497545701601
2026-07-23 07:59:00-04:00,4088.89990234375,379.093994140625,4115.647448045351
2026-07-23 08:00:00-04:00,4086.5,379.093994140625,4114.447496873476
2026-07-23 08:01:00-04:00,4085.5,379.093994140625,4113.947496873476
2026-07-23 08:02:00-04:00,4085.800048828125,379.093994140625,4114.097521287538
2026-07-23 08:03:00-04:00,4085.300048828125,379.093994140625,4113.847521287538
2026-07-23 08:04:00-04:00,4086.300048828125,379.093994140625,4114.347521287538
2026-07-23 08:05:00-04:00,4086.89990234375,379.093994140625,4114.647448045351
2026-07-23 08:06:00-04:00,4085.5,379.093994140625,4113.947496873476
2026-07-23 08:07:00-04:00,4086.199951171875,379.093994140625,4114.297472459413
2026-07-23 08:08:00-04:00,4086.10009765625,379.093994140625,4114.247545701601
2026-07-23 08:09:00-04:00,4086.0,379.093994140625,4114.197496873476
2026-07-23 08:10:00-04:00,4088.10009765625,379.093994140625,4115.247545701601
2026-07-23 08:11:00-04:00,4087.800048828125,379.093994140625,4115.097521287538
2026-07-23 08:12:00-04:00,4086.699951171875,379.093994140625,4114.547472459413
2026-07-23 08:13:00-04:00,4084.60009765625,379.093994140625,4113.497545701601
2026-07-23 08:14:00-04:00,4084.39990234375,379.093994140625,4113.397448045351
2026-07-23 08:15:00-04:00,4082.199951171875,379.093994140625,4112.297472459413
2026-07-23 08:16:00-04:00,4079.39990234375,379.093994140625,4110.897448045351
2026-07-23 08:17:00-04:00,4078.5,379.093994140625,4110.447496873476
2026-07-23 08:18:00-04:00,4079.0,379.093994140625,4110.697496873476
2026-07-23 08:19:00-04:00,4081.10009765625,379.093994140625,4111.747545701601
2026-07-23 08:20:00-04:00,4077.800048828125,379.093994140625,4110.097521287538
2026-07-23 08:21:00-04:00,4080.199951171875,379.093994140625,4111.297472459413
2026-07-23 08:22:00-04:00,4079.89990234375,379.093994140625,4111.147448045351
2026-07-23 08:23:00-04:00,4079.39990234375,379.093994140625,4110.897448045351
2026-07-23 08:24:00-04:00,4075.0,379.093994140625,4108.697496873476
2026-07-23 08:25:00-04:00,4077.10009765625,379.093994140625,4109.747545701601
2026-07-23 08:26:00-04:00,4076.60009765625,379.093994140625,4109.497545701601
2026-07-23 08:27:00-04:00,4079.10009765625,379.093994140625,4110.747545701601
2026-07-23 08:28:00-04:00,4078.0,379.093994140625,4110.197496873476
2026-07-23 08:29:00-04:00,4077.60009765625,379.093994140625,4109.997545701601
2026-07-23 08:30:00-04:00,4073.800048828125,379.093994140625,4108.097521287538
2026-07-23 08:31:00-04:00,4072.60009765625,379.093994140625,4107.497545701601
2026-07-23 08:32:00-04:00,4073.10009765625,379.093994140625,4107.747545701601
2026-07-23 08:33:00-04:00,4074.800048828125,379.093994140625,4108.597521287538
2026-07-23 08:34:00-04:00,4077.199951171875,379.093994140625,4109.797472459413
2026-07-23 08:35:00-04:00,4075.699951171875,379.093994140625,4109.047472459413
2026-07-23 08:36:00-04:00,4070.0,379.093994140625,4106.197496873476
2026-07-23 08:37:00-04:00,4068.5,379.093994140625,4105.447496873476
2026-07-23 08:38:00-04:00,4071.699951171875,379.093994140625,4107.047472459413
2026-07-23 08:39:00-04:00,4075.89990234375,379.093994140625,4109.147448045351
2026-07-23 08:40:00-04:00,4074.60009765625,379.093994140625,4108.497545701601
2026-07-23 08:41:00-04:00,4074.39990234375,379.093994140625,4108.397448045351
2026-07-23 08:42:00-04:00,4069.60009765625,379.093994140625,4105.997545701601
2026-07-23 08:43:00-04:00,4071.699951171875,379.093994140625,4107.047472459413
2026-07-23 08:44:00-04:00,4071.5,379.093994140625,4106.947496873476
2026-07-23 08:45:00-04:00,4068.39990234375,379.093994140625,4105.397448045351
2026-07-23 08:46:00-04:00,4069.800048828125,379.093994140625,4106.097521287538
2026-07-23 08:47:00-04:00,4068.89990234375,379.093994140625,4105.647448045351
2026-07-23 08:48:00-04:00,4066.5,379.093994140625,4104.447496873476
2026-07-23 08:49:00-04:00,4068.800048828125,379.093994140625,4105.597521287538
2026-07-23 08:50:00-04:00,4068.10009765625,379.093994140625,4105.247545701601
2026-07-23 08:51:00-04:00,4070.89990234375,379.093994140625,4106.647448045351
2026-07-23 08:52:00-04:00,4067.60009765625,379.093994140625,4104.997545701601
2026-07-23 08:53:00-04:00,4069.39990234375,379.093994140625,4105.897448045351
2026-07-23 08:54:00-04:00,4067.199951171875,379.093994140625,4104.797472459413
2026-07-23 08:55:00-04:00,4066.5,379.093994140625,4104.447496873476
2026-07-23 08:56:00-04:00,4068.39990234375,379.093994140625,4105.397448045351
2026-07-23 08:57:00-04:00,4068.60009765625,379.093994140625,4105.497545701601
2026-07-23 08:58:00-04:00,4067.800048828125,379.093994140625,4105.097521287538
2026-07-23 08:59:00-04:00,4064.60009765625,379.093994140625,4103.497545701601
2026-07-23 09:00:00-04:00,4064.5,379.093994140625,4103.447496873476
2026-07-23 09:01:00-04:00,4058.199951171875,379.093994140625,4100.297472459413
2026-07-23 09:02:00-04:00,4061.10009765625,379.093994140625,4101.747545701601
2026-07-23 09:03:00-04:00,4058.699951171875,379.093994140625,4100.547472459413
2026-07-23 09:04:00-04:00,4058.300048828125,379.093994140625,4100.347521287538
2026-07-23 09:05:00-04:00,4055.300048828125,379.093994140625,4098.847521287538
2026-07-23 09:06:00-04:00,4050.10009765625,379.093994140625,4096.247545701601
2026-07-23 09:07:00-04:00,4051.699951171875,379.093994140625,4097.047472459413
2026-07-23 09:08:00-04:00,4049.0,379.093994140625,4095.6974968734753
2026-07-23 09:09:00-04:00,4049.60009765625,379.093994140625,4095.9975457016003
2026-07-23 09:10:00-04:00,4043.300048828125,379.093994140625,4092.847521287538
2026-07-23 09:11:00-04:00,4046.5,379.093994140625,4094.4474968734753
2026-07-23 09:12:00-04:00,4046.5,379.093994140625,4094.4474968734753
2026-07-23 09:13:00-04:00,4045.300048828125,379.093994140625,4093.847521287538
2026-07-23 09:14:00-04:00,4043.0,379.093994140625,4092.6974968734753
2026-07-23 09:15:00-04:00,4044.300048828125,379.093994140625,4093.347521287538
2026-07-23 09:16:00-04:00,4045.60009765625,379.093994140625,4093.9975457016003
2026-07-23 09:17:00-04:00,4048.10009765625,379.093994140625,4095.2475457016003
2026-07-23 09:18:00-04:00,4048.699951171875,379.093994140625,4095.547472459413
2026-07-23 09:19:00-04:00,4051.10009765625,379.093994140625,4096.747545701601
2026-07-23 09:20:00-04:00,4053.39990234375,379.093994140625,4097.897448045351
2026-07-23 09:21:00-04:00,4054.699951171875,379.093994140625,4098.547472459413
2026-07-23 09:22:00-04:00,4054.5,379.093994140625,4098.447496873476
2026-07-23 09:23:00-04:00,4056.300048828125,379.093994140625,4099.347521287538
2026-07-23 09:24:00-04:00,4053.699951171875,379.093994140625,4098.047472459413
2026-07-23 09:25:00-04:00,4055.800048828125,379.093994140625,4099.097521287538
2026-07-23 09:26:00-04:00,4055.89990234375,379.093994140625,4099.147448045351
2026-07-23 09:27:00-04:00,4056.5,379.093994140625,4099.447496873476
2026-07-23 09:28:00-04:00,4059.699951171875,379.093994140625,4101.047472459413
2026-07-23 09:29:00-04:00,4061.10009765625,379.093994140625,4101.747545701601
2026-07-23 09:30:00-04:00,4064.0,372.5198974609375,4067.2796168816285
2026-07-23 09:31:00-04:00,4065.10009765625,372.6700134277344,4068.649831208221
2026-07-23 09:32:00-04:00,4068.699951171875,372.94000244140625,4071.9248553770813
2026-07-23 09:33:00-04:00,4068.800048828125,372.9700012207031,4072.1388039175445
2026-07-23 09:34:00-04:00,4066.60009765625,372.760009765625,4069.891530345237
2026-07-23 09:35:00-04:00,4065.39990234375,372.67999267578125,4068.8542556332877
2026-07-23 09:36:00-04:00,4062.800048828125,372.4200134277344,4066.1339202799386
2026-07-23 09:37:00-04:00,4063.0,372.41009521484375,4066.179707252946
2026-07-23 09:38:00-04:00,4061.10009765625,372.2650146484375,4064.4371017245526
2026-07-23 09:39:00-04:00,4059.699951171875,372.090087890625,4062.781308084476
2026-07-23 09:40:00-04:00,4058.60009765625,372.010009765625,4061.7938708025777
2026-07-23 09:41:00-04:00,4062.0,372.3500061035156,4065.351407625688
2026-07-23 09:42:00-04:00,4064.0,372.5,4067.170906187381
2026-07-23 09:43:00-04:00,4064.10009765625,372.5249938964844,4067.357510320089
2026-07-23 09:44:00-04:00,4059.300048828125,372.1600036621094,4062.963344950208
2026-07-23 09:45:00-04:00,4058.199951171875,371.9599914550781,4061.32052021703
2026-07-23 09:46:00-04:00,4057.10009765625,371.9200134277344,4060.5521716655617
2026-07-23 09:47:00-04:00,4057.800048828125,371.9200134277344,4060.902147251499
2026-07-23 09:48:00-04:00,4053.5,371.55999755859375,4056.7851595551797
2026-07-23 09:49:00-04:00,4055.60009765625,371.6600036621094,4058.381596335831
2026-07-23 09:50:00-04:00,4057.199951171875,371.8900146484375,4060.4381987110355
2026-07-23 09:51:00-04:00,4057.10009765625,371.885009765625,4060.360927545468
2026-07-23 09:52:00-04:00,4057.800048828125,371.9549865722656,4061.0932246373995
2026-07-23 09:53:00-04:00,4060.699951171875,372.25,4064.154995259099
2026-07-23 09:54:00-04:00,4059.300048828125,372.0903015136719,4062.582524051956
2026-07-23 09:55:00-04:00,4057.699951171875,371.95001220703125,4061.015998135713
2026-07-23 09:56:00-04:00,4054.60009765625,371.67999267578125,4057.990807232659
2026-07-23 09:57:00-04:00,4049.800048828125,371.25,4053.241498030345
2026-07-23 09:58:00-04:00,4049.10009765625,371.1499938964844,4052.3451344918813
2026-07-23 09:59:00-04:00,4045.800048828125,370.864990234375,4049.1379794435047
2026-07-23 10:00:00-04:00,4052.5,371.489990234375,4055.9026713149915
2026-07-23 10:01:00-04:00,4049.89990234375,371.260009765625,4053.3461136036685
2026-07-23 10:02:00-04:00,4047.89990234375,371.04998779296875,4051.1986488831044
2026-07-23 10:03:00-04:00,4047.699951171875,371.0,4050.8255626880004
2026-07-23 10:04:00-04:00,4046.5,370.9100036621094,4049.733887965047
2026-07-23 10:05:00-04:00,4048.199951171875,371.07000732421875,4051.4580509281886
2026-07-23 10:06:00-04:00,4047.60009765625,371.0198974609375,4050.8843466244352
2026-07-23 10:07:00-04:00,4045.39990234375,370.81500244140625,4048.6647955921508
2026-07-23 10:08:00-04:00,4042.800048828125,370.5799865722656,4046.080848809191
2026-07-23 10:09:00-04:00,4048.300048828125,371.05999755859375,4051.4534109408028
2026-07-23 10:10:00-04:00,4046.199951171875,370.8699951171875,4049.365275023135
2026-07-23 10:11:00-04:00,4049.199951171875,371.1297912597656,4052.28468321351
2026-07-23 10:12:00-04:00,4050.39990234375,371.239990234375,4053.486735972647
2026-07-23 10:13:00-04:00,4051.60009765625,371.4100036621094,4055.0157098216114
2026-07-23 10:14:00-04:00,4051.0,371.30999755859375,4054.16927304096
2026-07-23 10:15:00-04:00,4049.5,371.1600036621094,4052.5997744792667
2026-07-23 10:16:00-04:00,4051.300048828125,371.32501220703125,4054.4013306782886
2026-07-23 10:17:00-04:00,4052.199951171875,371.3599853515625,4055.042359236064
2026-07-23 10:18:00-04:00,4046.5,370.8599853515625,4049.460610621687
2026-07-23 10:19:00-04:00,4047.300048828125,370.9200134277344,4050.1886011946203
2026-07-23 10:20:00-04:00,4047.199951171875,370.9200134277344,4050.1385523664953
2026-07-23 10:21:00-04:00,4050.0,371.17999267578125,4052.9589853760945
2026-07-23 10:22:00-04:00,4052.699951171875,371.42999267578125,4055.6748474762517
2026-07-23 10:23:00-04:00,4051.800048828125,371.3599853515625,4054.842408064189
2026-07-23 10:24:00-04:00,4055.10009765625,371.6499938964844,4058.0769075203207
2026-07-23 10:25:00-04:00,4057.699951171875,371.8900146484375,4060.6881987110355
2026-07-23 10:26:00-04:00,4057.300048828125,371.79998779296875,4059.996381667951
2026-07-23 10:27:00-04:00,4055.300048828125,371.6499938964844,4058.176883106258
2026-07-23 10:28:00-04:00,4056.5,371.7300109863281,4059.2140357478943
2026-07-23 10:29:00-04:00,4059.60009765625,372.0299987792969,4062.4030816994054
2026-07-23 10:30:00-04:00,4059.0,371.9800109863281,4061.829922262114
2026-07-23 10:31:00-04:00,4058.800048828125,371.94000244140625,4061.511358148327
2026-07-23 10:32:00-04:00,4055.5,371.67999267578125,4058.440758404534
2026-07-23 10:33:00-04:00,4056.800048828125,371.7699890136719,4059.5824819556124
2026-07-23 10:34:00-04:00,4057.39990234375,371.88861083984375,4060.530504524066
2026-07-23 10:35:00-04:00,4057.5,371.8599853515625,4060.424156678566
2026-07-23 10:36:00-04:00,4059.699951171875,372.11260986328125,4062.9043579193753
2026-07-23 10:37:00-04:00,4062.300048828125,372.32000732421875,4065.337532327412
2026-07-23 10:38:00-04:00,4060.89990234375,372.2200012207031,4064.091071132698
2026-07-23 10:39:00-04:00,4062.199951171875,372.32000732421875,4065.287483499287
2026-07-23 10:40:00-04:00,4061.199951171875,372.2300109863281,4064.295784362271
2026-07-23 10:41:00-04:00,4061.0,372.2099914550781,4064.0864311453124
2026-07-23 10:42:00-04:00,4060.699951171875,372.19500732421875,4063.854540242177
2026-07-23 10:43:00-04:00,4059.60009765625,372.1099853515625,4062.8400920209106
2026-07-23 10:44:00-04:00,4060.10009765625,372.1300048828125,4063.1994696519323
2026-07-23 10:45:00-04:00,4062.300048828125,372.3265075683594,4065.373046710655
2026-07-23 10:46:00-04:00,4063.5,372.4599914550781,4066.702317659532
2026-07-23 10:47:00-04:00,4063.39990234375,372.47100830078125,4066.712459875307
2026-07-23 10:48:00-04:00,4062.699951171875,372.4100036621094,4066.0291826363027
2026-07-23 10:49:00-04:00,4061.89990234375,372.29998779296875,4065.028081454203
2026-07-23 10:50:00-04:00,4062.60009765625,372.39990234375,4065.924066860399
2026-07-23 10:51:00-04:00,4060.699951171875,372.1700134277344,4063.717984937594
2026-07-23 10:52:00-04:00,4062.800048828125,372.3900146484375,4065.9700205676
2026-07-23 10:53:00-04:00,4062.39990234375,372.3599853515625,4065.6058808788803
2026-07-23 10:54:00-04:00,4060.0,372.1549987792969,4063.2859761283903
2026-07-23 10:55:00-04:00,4061.10009765625,372.2200012207031,4064.191168788948
2026-07-23 10:56:00-04:00,4060.300048828125,372.18499755859375,4063.5999002547915
2026-07-23 10:57:00-04:00,4062.300048828125,372.29998779296875,4065.2281546963904
2026-07-23 10:58:00-04:00,4061.199951171875,372.260009765625,4064.45968407461
2026-07-23 10:59:00-04:00,4061.10009765625,372.25,4064.3550685012865
2026-07-23 11:00:00-04:00,4061.699951171875,372.30999755859375,4064.9827946837763
2026-07-23 11:01:00-04:00,4060.60009765625,372.19000244140625,4063.7772690766096
2026-07-23 11:02:00-04:00,4060.89990234375,372.1700134277344,4063.8179605235314
2026-07-23 11:03:00-04:00,4060.199951171875,372.1700134277344,4063.467984937594
2026-07-23 11:04:00-04:00,4059.199951171875,372.1199951171875,4062.6947075942335
2026-07-23 11:05:00-04:00,4058.699951171875,372.0299987792969,4061.953008457218
2026-07-23 11:06:00-04:00,4057.39990234375,371.92999267578125,4060.7565960906286
2026-07-23 11:07:00-04:00,4060.300048828125,372.1600036621094,4063.463344950208
2026-07-23 11:08:00-04:00,4058.199951171875,372.0008850097656,4061.5439440364944
2026-07-23 11:09:00-04:00,4054.699951171875,371.6400146484375,4057.822312196816
2026-07-23 11:10:00-04:00,4054.0,371.6199951171875,4057.3629589798566
2026-07-23 11:11:00-04:00,4054.60009765625,371.6300048828125,4057.717696623493
2026-07-23 11:12:00-04:00,4055.300048828125,371.70001220703125,4058.450160449618
2026-07-23 11:13:00-04:00,4054.10009765625,371.6099853515625,4057.358318992471
2026-07-23 11:14:00-04:00,4054.699951171875,371.6300048828125,4057.7676233813054
2026-07-23 11:15:00-04:00,4055.60009765625,371.760009765625,4058.927984288358
2026-07-23 11:16:00-04:00,4056.39990234375,371.8399963378906,4059.764896953613
2026-07-23 11:17:00-04:00,4058.699951171875,372.05999755859375,4062.1169081695566
2026-07-23 11:18:00-04:00,4055.800048828125,371.7799987792969,4059.1371707711232
2026-07-23 11:19:00-04:00,4055.39990234375,371.67999267578125,4058.390709576409
2026-07-23 11:20:00-04:00,4054.300048828125,371.67498779296875,4057.813438410841
2026-07-23 11:21:00-04:00,4054.300048828125,371.6600036621094,4057.7315719217686
2026-07-23 11:22:00-04:00,4051.300048828125,371.30999755859375,4054.3192974550225
2026-07-23 11:23:00-04:00,4051.39990234375,371.3949890136719,4054.8335789420953
2026-07-23 11:24:00-04:00,4053.0,371.5050048828125,4056.2347045382576
2026-07-23 11:25:00-04:00,4052.5,371.4849853515625,4055.8753269072363
2026-07-23 11:26:00-04:00,4051.800048828125,371.42999267578125,4055.2248963043767
2026-07-23 11:27:00-04:00,4052.199951171875,371.45001220703125,4055.5342251072734
2026-07-23 11:28:00-04:00,4050.5,371.2850036621094,4053.782717736377
2026-07-23 11:29:00-04:00,4049.699951171875,371.1700134277344,4052.754438880715
2026-07-23 11:30:00-04:00,4047.60009765625,371.0199890136719,4050.8848468270157
2026-07-23 11:31:00-04:00,4047.300048828125,370.9884033203125,4050.562252522546
2026-07-23 11:32:00-04:00,4046.60009765625,370.8800048828125,4049.6200370808338
2026-07-23 11:33:00-04:00,4048.199951171875,371.0199890136719,4051.1847735848282
2026-07-23 11:34:00-04:00,4048.300048828125,371.0700988769531,4051.5085999588946
2026-07-23 11:35:00-04:00,4050.39990234375,371.2799987792969,4053.7053245004963
2026-07-23 11:36:00-04:00,4051.800048828125,371.4110107421875,4055.121187635939
2026-07-23 11:37:00-04:00,4050.800048828125,371.2900085449219,4053.9600865581942
2026-07-23 11:38:00-04:00,4051.60009765625,371.4100036621094,4055.0157098216114
2026-07-23 11:39:00-04:00,4052.10009765625,371.489990234375,4055.7027201431165
2026-07-23 11:40:00-04:00,4052.5,371.4800109863281,4055.8481492336746
2026-07-23 11:41:00-04:00,4054.60009765625,371.69000244140625,4058.0454960481698
2026-07-23 11:42:00-04:00,4054.300048828125,371.6499938964844,4057.676883106258
2026-07-23 11:43:00-04:00,4052.699951171875,371.5140075683594,4056.133866711316
2026-07-23 11:44:00-04:00,4050.89990234375,371.3599853515625,4054.3923348220014
2026-07-23 11:45:00-04:00,4052.0,371.45098876953125,4055.439585015532
2026-07-23 11:46:00-04:00,4052.89990234375,371.54998779296875,4056.430421911544
2026-07-23 11:47:00-04:00,4052.60009765625,371.4800109863281,4055.8981980617996
2026-07-23 11:48:00-04:00,4053.0,371.5199890136719,4056.31657102733
2026-07-23 11:49:00-04:00,4052.300048828125,371.4700012207031,4055.693484832226
2026-07-23 11:50:00-04:00,4052.60009765625,371.489990234375,4055.9527201431165
2026-07-23 11:51:00-04:00,4050.10009765625,371.2749938964844,4053.5280777489907
2026-07-23 11:52:00-04:00,4050.39990234375,371.31500244140625,4053.89656862059
2026-07-23 11:53:00-04:00,4051.60009765625,371.4100036621094,4055.0157098216114
2026-07-23 11:54:00-04:00,4053.0,371.54998779296875,4056.480470739669
2026-07-23 11:55:00-04:00,4053.199951171875,371.5450134277344,4056.5532686520446
2026-07-23 11:56:00-04:00,4051.199951171875,371.3949890136719,4054.733603356158
2026-07-23 11:57:00-04:00,4049.89990234375,371.2449951171875,4053.2640803804024
2026-07-23 11:58:00-04:00,4050.300048828125,371.32501220703125,4053.9013306782886
2026-07-23 11:59:00-04:00,4051.199951171875,371.3900146484375,4054.706425682596
2026-07-23 12:00:00-04:00,4052.300048828125,371.4750061035156,4055.720829239982
2026-07-23 12:01:00-04:00,4052.39990234375,371.510009765625,4055.9620001178882
2026-07-23 12:02:00-04:00,4053.199951171875,371.54998779296875,4056.5804463256063
2026-07-23 12:03:00-04:00,4052.5,371.5199890136719,4056.06657102733
2026-07-23 12:04:00-04:00,4051.300048828125,371.3500061035156,4054.5378859828716
2026-07-23 12:05:00-04:00,4050.39990234375,371.2900085449219,4053.7600133160067
2026-07-23 12:06:00-04:00,4051.39990234375,371.3847961425781,4054.777889721423
2026-07-23 12:07:00-04:00,4051.199951171875,371.3599853515625,4054.542359236064
2026-07-23 12:08:00-04:00,4051.89990234375,371.4200134277344,4055.2203009808723
2026-07-23 12:09:00-04:00,4051.300048828125,371.385009765625,4054.7291301029654
2026-07-23 12:10:00-04:00,4051.5,371.3999938964844,4054.910972177976
2026-07-23 12:11:00-04:00,4052.39990234375,371.4849853515625,4055.8252780791113
2026-07-23 12:12:00-04:00,4052.0,371.4200134277344,4055.2703498089973
2026-07-23 12:13:00-04:00,4052.0,371.45001220703125,4055.434249521336
2026-07-23 12:14:00-04:00,4053.10009765625,371.5299987792969,4056.421308670966
2026-07-23 12:15:00-04:00,4051.800048828125,371.42999267578125,4055.2248963043767
2026-07-23 12:16:00-04:00,4051.199951171875,371.3500061035156,4054.4878371547466
2026-07-23 12:17:00-04:00,4050.699951171875,371.3299865722656,4054.1284595237253
2026-07-23 12:18:00-04:00,4050.800048828125,371.3299865722656,4054.1785083518503
2026-07-23 12:19:00-04:00,4049.199951171875,371.19000244140625,4052.613649777543
2026-07-23 12:20:00-04:00,4052.300048828125,371.4100036621094,4055.365685407549
2026-07-23 12:21:00-04:00,4051.60009765625,371.44000244140625,4055.17960953395
2026-07-23 12:22:00-04:00,4053.300048828125,371.55999755859375,4056.685183969242
2026-07-23 12:23:00-04:00,4053.5,371.5400085449219,4056.6759486583514
2026-07-23 12:24:00-04:00,4051.199951171875,371.3399963378906,4054.433148339236
2026-07-23 12:25:00-04:00,4052.199951171875,371.4200134277344,4055.3703253949348
2026-07-23 12:26:00-04:00,4052.5,371.4599914550781,4055.7387716026533
2026-07-23 12:27:00-04:00,4053.0,371.5000915527344,4056.2078603330833
2026-07-23 12:28:00-04:00,4053.5,371.5299987792969,4056.621259842841
2026-07-23 12:29:00-04:00,4053.199951171875,371.510009765625,4056.3620245319507
2026-07-23 12:30:00-04:00,4053.5,371.5299987792969,4056.621259842841
2026-07-23 12:31:00-04:00,4053.199951171875,371.4599914550781,4056.088747188591
2026-07-23 12:32:00-04:00,4053.10009765625,371.45001220703125,4055.984298349461
2026-07-23 12:33:00-04:00,4052.199951171875,371.4100036621094,4055.315636579424
2026-07-23 12:34:00-04:00,4051.10009765625,371.3241882324219,4054.296853269123
2026-07-23 12:35:00-04:00,4052.0,371.4049987792969,4055.188316585731
2026-07-23 12:36:00-04:00,4051.0,371.32000732421875,4054.223961856471
2026-07-23 12:37:00-04:00,4050.699951171875,371.3599853515625,4054.292359236064
2026-07-23 12:38:00-04:00,4053.5,371.5299987792969,4056.621259842841
2026-07-23 12:39:00-04:00,4053.300048828125,371.5400085449219,4056.575973072414
2026-07-23 12:40:00-04:00,4052.89990234375,371.48309326171875,4056.064940559106
2026-07-23 12:41:00-04:00,4053.0,371.50250244140625,4056.2210323343797
2026-07-23 12:42:00-04:00,4053.0,371.5491943359375,4056.476135650634
2026-07-23 12:43:00-04:00,4053.300048828125,371.5400085449219,4056.575973072414
2026-07-23 12:44:00-04:00,4052.60009765625,371.510009765625,4056.0620977741382
2026-07-23 12:45:00-04:00,4053.699951171875,371.5899963378906,4057.049034853456
2026-07-23 12:46:00-04:00,4053.199951171875,371.5065002441406,4056.3428500996833
2026-07-23 12:47:00-04:00,4053.39990234375,371.54998779296875,4056.680421911544
2026-07-23 12:48:00-04:00,4052.5,371.465087890625,4055.766616212989
2026-07-23 12:49:00-04:00,4052.0,371.44000244140625,4055.379560705825
2026-07-23 12:50:00-04:00,4051.0,371.32000732421875,4054.223961856471
2026-07-23 12:51:00-04:00,4051.800048828125,371.4150085449219,4055.1430298153045
2026-07-23 12:52:00-04:00,4052.10009765625,371.44000244140625,4055.42960953395
2026-07-23 12:53:00-04:00,4052.0,371.44000244140625,4055.379560705825
2026-07-23 12:54:00-04:00,4051.699951171875,371.42999267578125,4055.1748474762517
2026-07-23 12:55:00-04:00,4053.300048828125,371.55999755859375,4056.685183969242
2026-07-23 12:56:00-04:00,4053.5,371.5574035644531,4056.7709871487214
2026-07-23 12:57:00-04:00,4054.39990234375,371.6401062011719,4057.6727879853343
2026-07-23 12:58:00-04:00,4053.89990234375,371.6099853515625,4057.258221336221
2026-07-23 12:59:00-04:00,4054.300048828125,371.6400146484375,4057.622361024941
2026-07-23 13:00:00-04:00,4054.10009765625,371.6600036621094,4057.631596335831
2026-07-23 13:01:00-04:00,4056.800048828125,371.8699951171875,4060.1288699081388
2026-07-23 13:02:00-04:00,4055.39990234375,371.7049865722656,4058.5272648809923
2026-07-23 13:03:00-04:00,4056.39990234375,371.82000732421875,4059.6556860567853
2026-07-23 13:04:00-04:00,4054.60009765625,371.6499938964844,4057.8269075203207
2026-07-23 13:05:00-04:00,4055.89990234375,371.7650146484375,4059.105231039863
2026-07-23 13:06:00-04:00,4053.5,371.55999755859375,4056.7851595551797
2026-07-23 13:07:00-04:00,4051.89990234375,371.43499755859375,4055.302167469945
2026-07-23 13:08:00-04:00,4051.10009765625,371.3800048828125,4054.601810109273
2026-07-23 13:09:00-04:00,4051.0,371.3399963378906,4054.3331727532986
2026-07-23 13:10:00-04:00,4051.800048828125,371.4200134277344,4055.1703742230598
2026-07-23 13:11:00-04:00,4050.800048828125,371.3299865722656,4054.1785083518503
2026-07-23 13:12:00-04:00,4050.300048828125,371.3399963378906,4053.983197167361
2026-07-23 13:13:00-04:00,4050.800048828125,371.30999755859375,4054.0692974550225
2026-07-23 13:14:00-04:00,4050.0,371.2799987792969,4053.5053733286213
2026-07-23 13:15:00-04:00,4051.60009765625,371.3916931152344,4054.9156693054333
2026-07-23 13:16:00-04:00,4052.10009765625,371.42999267578125,4055.374920718439
2026-07-23 13:17:00-04:00,4050.0,371.239990234375,4053.286784800772
2026-07-23 13:18:00-04:00,4050.10009765625,371.2900085449219,4053.6101109722567
2026-07-23 13:19:00-04:00,4049.199951171875,371.19000244140625,4052.613649777543
2026-07-23 13:20:00-04:00,4051.5,371.3900146484375,4054.8564500966586
2026-07-23 13:21:00-04:00,4051.800048828125,371.4442138671875,4055.3025944386086
2026-07-23 13:22:00-04:00,4051.199951171875,371.3699951171875,4054.5970480515743
2026-07-23 13:23:00-04:00,4051.89990234375,371.3800048828125,4055.001712453023
2026-07-23 13:24:00-04:00,4051.39990234375,371.385009765625,4054.779056860778
2026-07-23 13:25:00-04:00,4051.0,371.3699951171875,4054.497072465637
2026-07-23 13:26:00-04:00,4050.39990234375,371.3500061035156,4054.087812740684
2026-07-23 13:27:00-04:00,4050.5,371.239990234375,4053.536784800772
2026-07-23 13:28:00-04:00,4050.5,371.3086853027344,4053.912103470634
2026-07-23 13:29:00-04:00,4049.699951171875,371.260009765625,4053.246138017731
2026-07-23 13:30:00-04:00,4050.699951171875,371.3500061035156,4054.2378371547466
2026-07-23 13:31:00-04:00,4050.5,371.3299865722656,4054.0284839377878
2026-07-23 13:32:00-04:00,4050.300048828125,371.31500244140625,4053.8466418627777
2026-07-23 13:33:00-04:00,4050.199951171875,371.30999755859375,4053.7692486268975
2026-07-23 13:34:00-04:00,4050.0,371.2799987792969,4053.5053733286213
2026-07-23 13:35:00-04:00,4047.39990234375,371.0450134277344,4050.9214712095427
2026-07-23 13:36:00-04:00,4047.5,371.0199890136719,4050.8347979988907
2026-07-23 13:37:00-04:00,4047.800048828125,371.07000732421875,4051.2580997563136
2026-07-23 13:38:00-04:00,4047.39990234375,371.07000732421875,4051.058026514126
2026-07-23 13:39:00-04:00,4047.300048828125,370.9800109863281,4050.5164006192977
2026-07-23 13:40:00-04:00,4045.199951171875,370.8299865722656,4048.646686495286
2026-07-23 13:41:00-04:00,4047.0,370.9949951171875,4050.4482426943077
2026-07-23 13:42:00-04:00,4046.699951171875,370.9599914550781,4050.1069741601514
2026-07-23 13:43:00-04:00,4047.199951171875,371.0199890136719,4050.6847735848282
2026-07-23 13:44:00-04:00,4045.39990234375,370.8500061035156,4048.8560397122446
2026-07-23 13:45:00-04:00,4046.39990234375,370.93499755859375,4049.8203944415054
2026-07-23 13:46:00-04:00,4046.300048828125,370.9700012207031,4049.961711803787
2026-07-23 13:47:00-04:00,4045.800048828125,370.92999267578125,4049.4931232759373
2026-07-23 13:48:00-04:00,4045.89990234375,370.8500061035156,4049.1060397122446
2026-07-23 13:49:00-04:00,4046.60009765625,370.93011474609375,4049.8938146267747
2026-07-23 13:50:00-04:00,4046.5,370.9798889160156,4050.1157092684607
2026-07-23 13:51:00-04:00,4046.10009765625,370.92999267578125,4049.6431476899998
2026-07-23 13:52:00-04:00,4045.39990234375,370.8599853515625,4048.910561793562
2026-07-23 13:53:00-04:00,4045.5,370.8699951171875,4049.0152994371974
2026-07-23 13:54:00-04:00,4045.5,370.8900146484375,4049.124677068219
2026-07-23 13:55:00-04:00,4045.89990234375,370.90509033203125,4049.4069949317477
2026-07-23 13:56:00-04:00,4044.89990234375,370.82000732421875,4048.4421399999064
2026-07-23 13:57:00-04:00,4044.800048828125,370.79998779296875,4048.282835611072
2026-07-23 13:58:00-04:00,4045.300048828125,370.8699951171875,4048.91532385126
2026-07-23 13:59:00-04:00,4043.89990234375,370.7699890136719,4047.668862656546
2026-07-23 14:00:00-04:00,4045.5,370.87200927734375,4049.0263038939775
2026-07-23 14:01:00-04:00,4044.300048828125,370.7950134277344,4048.0056579375105
2026-07-23 14:02:00-04:00,4045.199951171875,370.8599853515625,4048.8105862076245
2026-07-23 14:03:00-04:00,4045.60009765625,370.8550109863281,4048.9834817762503
2026-07-23 14:04:00-04:00,4044.10009765625,370.739990234375,4047.6050606004574
2026-07-23 14:05:00-04:00,4044.199951171875,370.760009765625,4047.7643649892916
2026-07-23 14:06:00-04:00,4046.10009765625,370.8999938964844,4049.4792479776615
2026-07-23 14:07:00-04:00,4045.800048828125,370.885009765625,4049.247357074526
2026-07-23 14:08:00-04:00,4046.10009765625,370.95001220703125,4049.7525253210215
2026-07-23 14:09:00-04:00,4045.800048828125,370.8900146484375,4049.2747014822817
2026-07-23 14:10:00-04:00,4045.39990234375,370.8800048828125,4049.0199394245838
2026-07-23 14:11:00-04:00,4045.699951171875,370.8699951171875,4049.115275023135
2026-07-23 14:12:00-04:00,4045.89990234375,370.91241455078125,4049.447011138219
2026-07-23 14:13:00-04:00,4044.699951171875,370.79998779296875,4048.232786782947
2026-07-23 14:14:00-04:00,4044.10009765625,370.75,4047.6597494159682
2026-07-23 14:15:00-04:00,4044.0,370.739990234375,4047.5550117723324
2026-07-23 14:16:00-04:00,4045.0,370.8599853515625,4048.710610621687
2026-07-23 14:17:00-04:00,4045.300048828125,370.8500061035156,4048.806112954432
2026-07-23 14:18:00-04:00,4046.300048828125,370.9649963378906,4049.934367396031
2026-07-23 14:19:00-04:00,4045.39990234375,370.8900146484375,4049.074628240094
2026-07-23 14:20:00-04:00,4045.300048828125,370.8699951171875,4048.91532385126
2026-07-23 14:21:00-04:00,4044.0,370.7598876953125,4047.663722466579
2026-07-23 14:22:00-04:00,4043.10009765625,370.6700134277344,4046.722739094463
2026-07-23 14:23:00-04:00,4043.800048828125,370.7300109863281,4047.400514105078
2026-07-23 14:24:00-04:00,4044.10009765625,370.7799987792969,4047.823649128307
2026-07-23 14:25:00-04:00,4044.10009765625,370.7250061035156,4047.5231941113852
2026-07-23 14:26:00-04:00,4045.39990234375,370.8699951171875,4048.9652506090724
2026-07-23 14:27:00-04:00,4046.5,370.95001220703125,4049.9524764928965
2026-07-23 14:28:00-04:00,4047.300048828125,371.07501220703125,4051.035444164069
2026-07-23 14:29:00-04:00,4047.199951171875,371.0350036621094,4050.7668068080948
2026-07-23 14:30:00-04:00,4049.5,371.2650146484375,4053.1735068395487
2026-07-23 14:31:00-04:00,4048.800048828125,371.2200012207031,4052.5775983180065
2026-07-23 14:32:00-04:00,4047.89990234375,371.1099853515625,4051.5264483077817
2026-07-23 14:33:00-04:00,4048.300048828125,371.1300048828125,4051.835899180991
2026-07-23 14:34:00-04:00,4047.800048828125,371.06500244140625,4051.230755348558
2026-07-23 14:35:00-04:00,4048.0,371.1099853515625,4051.5764971359067
2026-07-23 14:36:00-04:00,4049.0,371.17999267578125,4052.4589853760945
2026-07-23 14:37:00-04:00,4048.300048828125,371.1499938964844,4051.9451100778188
2026-07-23 14:38:00-04:00,4047.699951171875,371.1099853515625,4051.426472721844
2026-07-23 14:39:00-04:00,4047.60009765625,371.0899963378906,4051.267335067204
2026-07-23 14:40:00-04:00,4047.699951171875,371.1099853515625,4051.426472721844
2026-07-23 14:41:00-04:00,4048.5,371.1499938964844,4052.0450856637563
2026-07-23 14:42:00-04:00,4048.5,371.1499938964844,4052.0450856637563
2026-07-23 14:43:00-04:00,4048.699951171875,371.17999267578125,4052.308960962032
2026-07-23 14:44:00-04:00,4048.89990234375,371.18499755859375,4052.436280955725
2026-07-23 14:45:00-04:00,4049.10009765625,371.25,4052.8915224444077
2026-07-23 14:46:00-04:00,4049.60009765625,371.260009765625,4053.1962112599185
2026-07-23 14:47:00-04:00,4050.300048828125,371.3550109863281,4054.065230390627
2026-07-23 14:48:00-04:00,4050.199951171875,371.3299865722656,4053.8784595237253
2026-07-23 14:49:00-04:00,4049.60009765625,371.2803039550781,4053.3070894986827
2026-07-23 14:50:00-04:00,4049.199951171875,371.2099914550781,4052.722860674371
2026-07-23 14:51:00-04:00,4049.39990234375,371.2200012207031,4052.877525075819
2026-07-23 14:52:00-04:00,4049.60009765625,371.2300109863281,4053.03231154758
2026-07-23 14:53:00-04:00,4048.89990234375,371.1839904785156,4052.4307787273356
2026-07-23 14:54:00-04:00,4048.60009765625,371.1600036621094,4052.1498233073917
2026-07-23 14:55:00-04:00,4049.300048828125,371.2300109863281,4052.8822871335174
2026-07-23 14:56:00-04:00,4049.39990234375,371.2099914550781,4052.8228362603086
2026-07-23 14:57:00-04:00,4048.199951171875,371.1099853515625,4051.676472721844
2026-07-23 14:58:00-04:00,4048.0,371.0899963378906,4051.467286239079
2026-07-23 14:59:00-04:00,4048.800048828125,371.1600036621094,4052.249798893329
2026-07-23 15:00:00-04:00,4050.5,371.30999755859375,4053.91927304096
2026-07-23 15:01:00-04:00,4050.5,371.3299865722656,4054.0284839377878
2026-07-23 15:02:00-04:00,4050.39990234375,371.30999755859375,4053.869224212835
2026-07-23 15:03:00-04:00,4049.10009765625,371.2200012207031,4052.727622732069
2026-07-23 15:04:00-04:00,4047.89990234375,371.0899963378906,4051.417237410954
2026-07-23 15:05:00-04:00,4048.5,371.1600036621094,4052.0997744792667
2026-07-23 15:06:00-04:00,4048.5,371.1600036621094,4052.0997744792667
2026-07-23 15:07:00-04:00,4048.39990234375,371.1300048828125,4051.8858259388035
2026-07-23 15:08:00-04:00,4047.89990234375,371.1000061035156,4051.4719262264643
2026-07-23 15:09:00-04:00,4046.10009765625,370.92999267578125,4049.6431476899998
2026-07-23 15:10:00-04:00,4046.0,370.9599914550781,4049.756998574214
2026-07-23 15:11:00-04:00,4046.800048828125,371.010009765625,4050.4303003316363
2026-07-23 15:12:00-04:00,4046.0,370.94000244140625,4049.6477876773856
2026-07-23 15:13:00-04:00,4045.39990234375,370.8999938964844,4049.1291503214115
2026-07-23 15:14:00-04:00,4045.60009765625,370.9100036621094,4049.283936793172
2026-07-23 15:15:00-04:00,4047.199951171875,371.05499267578125,4050.8760177049226
2026-07-23 15:16:00-04:00,4047.60009765625,371.05999755859375,4051.1034353548653
2026-07-23 15:17:00-04:00,4047.800048828125,371.0799865722656,4051.3126218376306
2026-07-23 15:18:00-04:00,4047.300048828125,371.05999755859375,4050.9534109408028
2026-07-23 15:19:00-04:00,4047.5,371.07501220703125,4051.1354197500063
2026-07-23 15:20:00-04:00,4048.39990234375,371.1700134277344,4052.1044144666525
2026-07-23 15:21:00-04:00,4049.10009765625,371.239990234375,4052.836833628897
2026-07-23 15:22:00-04:00,4048.699951171875,371.20001220703125,4052.4183385930537
2026-07-23 15:23:00-04:00,4049.60009765625,371.239990234375,4053.086833628897
2026-07-23 15:24:00-04:00,4050.10009765625,371.3362121582031,4053.8625465414134
2026-07-23 15:25:00-04:00,4050.199951171875,371.3399963378906,4053.933148339236
2026-07-23 15:26:00-04:00,4049.39990234375,371.2699890136719,4053.1506356849854
2026-07-23 15:27:00-04:00,4050.300048828125,371.3299865722656,4053.9285083518503
2026-07-23 15:28:00-04:00,4049.199951171875,371.25,4052.94144920222
2026-07-23 15:29:00-04:00,4050.10009765625,371.3399963378906,4053.8832215814236
2026-07-23 15:30:00-04:00,4052.0,371.5199890136719,4055.81657102733
2026-07-23 15:31:00-04:00,4049.800048828125,371.29998779296875,4053.5146086395116
2026-07-23 15:32:00-04:00,4049.60009765625,371.2900085449219,4053.3601109722567
2026-07-23 15:33:00-04:00,4048.5,371.20001220703125,4052.318363007116
2026-07-23 15:34:00-04:00,4049.699951171875,371.2749938964844,4053.328004506803
2026-07-23 15:35:00-04:00,4049.10009765625,371.2699890136719,4053.0007333412354
2026-07-23 15:36:00-04:00,4049.5,371.2850036621094,4053.282717736377
2026-07-23 15:37:00-04:00,4049.699951171875,371.29998779296875,4053.4645598113866
2026-07-23 15:38:00-04:00,4049.300048828125,371.2650146484375,4053.0735312536112
2026-07-23 15:39:00-04:00,4050.199951171875,371.3349914550781,4053.9058039314805
2026-07-23 15:40:00-04:00,4049.300048828125,371.2699890136719,4053.100708927173
2026-07-23 15:41:00-04:00,4049.89990234375,371.3299865722656,4053.7284351096628
2026-07-23 15:42:00-04:00,4048.800048828125,371.2449951171875,4052.71415362259
2026-07-23 15:43:00-04:00,4048.800048828125,371.17718505859375,4052.3436702443432
2026-07-23 15:44:00-04:00,4048.10009765625,371.1199951171875,4051.681234779542
2026-07-23 15:45:00-04:00,4048.10009765625,371.1449890136719,4051.8177900841256
2026-07-23 15:46:00-04:00,4047.199951171875,371.0799865722656,4051.0125730095056
2026-07-23 15:47:00-04:00,4048.5,371.20001220703125,4052.318363007116
2026-07-23 15:48:00-04:00,4047.60009765625,371.1199951171875,4051.431234779542
2026-07-23 15:49:00-04:00,4047.89990234375,371.1400146484375,4051.690514754314
2026-07-23 15:50:00-04:00,4049.39990234375,371.2699890136719,4053.1506356849854
2026-07-23 15:51:00-04:00,4051.800048828125,371.510009765625,4055.6620733600757
2026-07-23 15:52:00-04:00,4052.300048828125,371.54998779296875,4056.1304951537313
2026-07-23 15:53:00-04:00,4051.39990234375,371.4800109863281,4055.2981004055496
2026-07-23 15:54:00-04:00,4052.199951171875,371.55999755859375,4056.135135141117
2026-07-23 15:55:00-04:00,4052.10009765625,371.5199890136719,4055.866619855455
2026-07-23 15:56:00-04:00,4052.10009765625,371.5450134277344,4056.003341894232
2026-07-23 15:57:00-04:00,4052.800048828125,371.57501220703125,4056.5172171925083
2026-07-23 15:58:00-04:00,4052.699951171875,371.54998779296875,4056.3304463256063
2026-07-23 15:59:00-04:00,4052.10009765625,371.5400085449219,4055.9759974864764
2026-07-23 16:00:00-04:00,4052.699951171875,371.5400085449219,4056.275924244289
2026-07-23 16:01:00-04:00,4051.5,371.5400085449219,4055.6759486583514
2026-07-23 16:02:00-04:00,4051.60009765625,371.5400085449219,4055.7259974864764
2026-07-23 16:03:00-04:00,4051.300048828125,371.5400085449219,4055.575973072414
2026-07-23 16:04:00-04:00,4051.0,371.5400085449219,4055.4259486583514
2026-07-23 16:05:00-04:00,4050.800048828125,371.5400085449219,4055.325973072414
2026-07-23 16:06:00-04:00,4051.199951171875,371.5400085449219,4055.525924244289
2026-07-23 16:07:00-04:00,4051.5,371.5400085449219,4055.6759486583514
2026-07-23 16:08:00-04:00,4051.800048828125,371.5400085449219,4055.825973072414
2026-07-23 16:09:00-04:00,4050.60009765625,371.5400085449219,4055.2259974864764
2026-07-23 16:10:00-04:00,4051.300048828125,371.5400085449219,4055.575973072414
2026-07-23 16:11:00-04:00,4051.699951171875,371.5400085449219,4055.775924244289
2026-07-23 16:12:00-04:00,4051.800048828125,371.5400085449219,4055.825973072414
2026-07-23 16:13:00-04:00,4052.199951171875,371.5400085449219,4056.025924244289
2026-07-23 16:14:00-04:00,4051.800048828125,371.5400085449219,4055.825973072414
2026-07-23 16:15:00-04:00,4051.60009765625,371.5400085449219,4055.7259974864764
2026-07-23 16:16:00-04:00,4051.0,371.5400085449219,4055.4259486583514
2026-07-23 16:17:00-04:00,4051.0,371.5400085449219,4055.4259486583514
2026-07-23 16:18:00-04:00,4050.89990234375,371.5400085449219,4055.3758998302264
2026-07-23 16:19:00-04:00,4051.10009765625,371.5400085449219,4055.4759974864764
2026-07-23 16:20:00-04:00,4049.89990234375,371.5400085449219,4054.8758998302264
2026-07-23 16:21:00-04:00,4050.699951171875,371.5400085449219,4055.275924244289
2026-07-23 16:22:00-04:00,4051.199951171875,371.5400085449219,4055.525924244289
2026-07-23 16:23:00-04:00,4051.10009765625,371.5400085449219,4055.4759974864764
2026-07-23 16:24:00-04:00,4051.300048828125,371.5400085449219,4055.575973072414
2026-07-23 16:25:00-04:00,4051.5,371.5400085449219,4055.6759486583514
2026-07-23 16:26:00-04:00,4051.60009765625,371.5400085449219,4055.7259974864764
2026-07-23 16:27:00-04:00,4052.60009765625,371.5400085449219,4056.2259974864764
2026-07-23 16:28:00-04:00,4052.800048828125,371.5400085449219,4056.325973072414
2026-07-23 16:29:00-04:00,4052.60009765625,371.5400085449219,4056.2259974864764
2026-07-23 16:30:00-04:00,4052.0,371.5400085449219,4055.9259486583514
2026-07-23 16:31:00-04:00,4052.300048828125,371.5400085449219,4056.075973072414
2026-07-23 16:32:00-04:00,4052.300048828125,371.5400085449219,4056.075973072414
2026-07-23 16:33:00-04:00,4051.699951171875,371.5400085449219,4055.775924244289
2026-07-23 16:34:00-04:00,4052.10009765625,371.5400085449219,4055.9759974864764
2026-07-23 16:35:00-04:00,4052.300048828125,371.5400085449219,4056.075973072414
2026-07-23 16:36:00-04:00,4052.39990234375,371.5400085449219,4056.1258998302264
2026-07-23 16:37:00-04:00,4052.300048828125,371.5400085449219,4056.075973072414
2026-07-23 16:38:00-04:00,4052.699951171875,371.5400085449219,4056.275924244289
2026-07-23 16:39:00-04:00,4052.699951171875,371.5400085449219,4056.275924244289
2026-07-23 16:40:00-04:00,4052.199951171875,371.5400085449219,4056.025924244289
2026-07-23 16:41:00-04:00,4051.60009765625,371.5400085449219,4055.7259974864764
2026-07-23 16:42:00-04:00,4051.5,371.5400085449219,4055.6759486583514
2026-07-23 16:43:00-04:00,4051.800048828125,371.5400085449219,4055.825973072414
2026-07-23 16:44:00-04:00,4052.199951171875,371.5400085449219,4056.025924244289
2026-07-23 16:45:00-04:00,4051.699951171875,371.5400085449219,4055.775924244289
2026-07-23 16:46:00-04:00,4051.60009765625,371.5400085449219,4055.7259974864764
2026-07-23 16:47:00-04:00,4051.60009765625,371.5400085449219,4055.7259974864764
2026-07-23 16:48:00-04:00,4052.0,371.5400085449219,4055.9259486583514
2026-07-23 16:49:00-04:00,4052.10009765625,371.5400085449219,4055.9759974864764
2026-07-23 16:50:00-04:00,4051.5,371.5400085449219,4055.6759486583514
2026-07-23 16:51:00-04:00,4051.300048828125,371.5400085449219,4055.575973072414
2026-07-23 16:52:00-04:00,4050.10009765625,371.5400085449219,4054.9759974864764
2026-07-23 16:53:00-04:00,4050.39990234375,371.5400085449219,4055.1258998302264
2026-07-23 16:54:00-04:00,4050.5,371.5400085449219,4055.1759486583514
2026-07-23 16:55:00-04:00,4051.699951171875,371.5400085449219,4055.775924244289
2026-07-23 16:56:00-04:00,4051.39990234375,371.5400085449219,4055.6258998302264
2026-07-23 16:57:00-04:00,4051.699951171875,371.5400085449219,4055.775924244289
2026-07-23 16:58:00-04:00,4052.0,371.5400085449219,4055.9259486583514
2026-07-23 16:59:00-04:00,4052.300048828125,371.5400085449219,4056.075973072414
2026-07-23 18:00:00-04:00,4051.0,371.5400085449219,4055.4259486583514
2026-07-23 18:01:00-04:00,4051.5,371.5400085449219,4055.6759486583514
2026-07-23 18:02:00-04:00,4051.300048828125,371.5400085449219,4055.575973072414
2026-07-23 18:03:00-04:00,4051.199951171875,371.5400085449219,4055.525924244289
2026-07-23 18:04:00-04:00,4050.5,371.5400085449219,4055.1759486583514
2026-07-23 18:05:00-04:00,4050.39990234375,371.5400085449219,4055.1258998302264
2026-07-23 18:06:00-04:00,4051.10009765625,371.5400085449219,4055.4759974864764
2026-07-23 18:07:00-04:00,4052.199951171875,371.5400085449219,4056.025924244289
2026-07-23 18:08:00-04:00,4051.300048828125,371.5400085449219,4055.575973072414
2026-07-23 18:09:00-04:00,4051.10009765625,371.5400085449219,4055.4759974864764
2026-07-23 18:10:00-04:00,4051.199951171875,371.5400085449219,4055.525924244289
2026-07-23 18:11:00-04:00,4051.10009765625,371.5400085449219,4055.4759974864764
2026-07-23 18:13:00-04:00,4051.0,371.5400085449219,4055.4259486583514
2026-07-23 18:16:00-04:00,4051.89990234375,371.5400085449219,4055.8758998302264
2026-07-23 18:17:00-04:00,4051.800048828125,371.5400085449219,4055.825973072414
2026-07-23 18:19:00-04:00,4052.0,371.5400085449219,4055.9259486583514
2026-07-23 18:21:00-04:00,4052.39990234375,371.5400085449219,4056.1258998302264
2026-07-23 18:22:00-04:00,4051.699951171875,371.5400085449219,4055.775924244289
2026-07-23 18:23:00-04:00,4052.0,371.5400085449219,4055.9259486583514
2026-07-23 18:24:00-04:00,4052.5,371.5400085449219,4056.1759486583514
2026-07-23 18:25:00-04:00,4052.10009765625,371.5400085449219,4055.9759974864764
2026-07-23 18:26:00-04:00,4052.0,371.5400085449219,4055.9259486583514
2026-07-23 18:27:00-04:00,4051.699951171875,371.5400085449219,4055.775924244289
2026-07-23 18:28:00-04:00,4051.5,371.5400085449219,4055.6759486583514
2026-07-23 18:29:00-04:00,4052.300048828125,371.5400085449219,4056.075973072414
2026-07-23 18:30:00-04:00,4052.199951171875,371.5400085449219,4056.025924244289
2026-07-23 18:31:00-04:00,4052.300048828125,371.5400085449219,4056.075973072414
2026-07-23 18:32:00-04:00,4052.300048828125,371.5400085449219,4056.075973072414
2026-07-23 18:33:00-04:00,4052.39990234375,371.5400085449219,4056.1258998302264
2026-07-23 18:34:00-04:00,4052.39990234375,371.5400085449219,4056.1258998302264
2026-07-23 18:35:00-04:00,4052.39990234375,371.5400085449219,4056.1258998302264
2026-07-23 18:36:00-04:00,4052.39990234375,371.5400085449219,4056.1258998302264
2026-07-23 18:37:00-04:00,4051.89990234375,371.5400085449219,4055.8758998302264
2026-07-23 18:38:00-04:00,4052.5,371.5400085449219,4056.1759486583514
2026-07-23 18:39:00-04:00,4052.199951171875,371.5400085449219,4056.025924244289
2026-07-23 18:40:00-04:00,4052.10009765625,371.5400085449219,4055.9759974864764
2026-07-23 18:41:00-04:00,4052.300048828125,371.5400085449219,4056.075973072414
2026-07-23 18:42:00-04:00,4051.800048828125,371.5400085449219,4055.825973072414
2026-07-23 18:43:00-04:00,4051.10009765625,371.5400085449219,4055.4759974864764
2026-07-23 18:44:00-04:00,4051.60009765625,371.5400085449219,4055.7259974864764
2026-07-23 18:45:00-04:00,4051.699951171875,371.5400085449219,4055.775924244289
2026-07-23 18:46:00-04:00,4052.300048828125,371.5400085449219,4056.075973072414
2026-07-23 18:47:00-04:00,4051.800048828125,371.5400085449219,4055.825973072414
2026-07-23 18:48:00-04:00,4051.89990234375,371.5400085449219,4055.8758998302264
2026-07-23 18:49:00-04:00,4051.10009765625,371.5400085449219,4055.4759974864764
2026-07-23 18:50:00-04:00,4052.199951171875,371.5400085449219,4056.025924244289
2026-07-23 18:51:00-04:00,4051.89990234375,371.5400085449219,4055.8758998302264
2026-07-23 18:52:00-04:00,4052.39990234375,371.5400085449219,4056.1258998302264
2026-07-23 18:54:00-04:00,4052.300048828125,371.5400085449219,4056.075973072414
2026-07-23 18:55:00-04:00,4052.5,371.5400085449219,4056.1759486583514
2026-07-23 18:56:00-04:00,4052.60009765625,371.5400085449219,4056.2259974864764
2026-07-23 18:57:00-04:00,4051.199951171875,371.5400085449219,4055.525924244289
2026-07-23 18:58:00-04:00,4051.800048828125,371.5400085449219,4055.825973072414
2026-07-23 18:59:00-04:00,4052.0,371.5400085449219,4055.9259486583514
2026-07-23 19:01:00-04:00,4051.89990234375,371.5400085449219,4055.8758998302264
2026-07-23 19:02:00-04:00,4051.89990234375,371.5400085449219,4055.8758998302264
2026-07-23 19:03:00-04:00,4051.5,371.5400085449219,4055.6759486583514
2026-07-23 19:04:00-04:00,4051.10009765625,371.5400085449219,4055.4759974864764
2026-07-23 19:05:00-04:00,4051.5,371.5400085449219,4055.6759486583514
2026-07-23 19:06:00-04:00,4051.199951171875,371.5400085449219,4055.525924244289
2026-07-23 19:07:00-04:00,4050.199951171875,371.5400085449219,4055.025924244289
2026-07-23 19:08:00-04:00,4050.300048828125,371.5400085449219,4055.075973072414
2026-07-23 19:09:00-04:00,4050.39990234375,371.5400085449219,4055.1258998302264
2026-07-23 19:10:00-04:00,4050.60009765625,371.5400085449219,4055.2259974864764
2026-07-23 19:11:00-04:00,4050.0,371.5400085449219,4054.9259486583514
2026-07-23 19:12:00-04:00,4049.89990234375,371.5400085449219,4054.8758998302264
2026-07-23 19:13:00-04:00,4050.0,371.5400085449219,4054.9259486583514
2026-07-23 19:14:00-04:00,4051.10009765625,371.5400085449219,4055.4759974864764
2026-07-23 19:15:00-04:00,4051.199951171875,371.5400085449219,4055.525924244289
2026-07-23 19:16:00-04:00,4051.199951171875,371.5400085449219,4055.525924244289
2026-07-23 19:17:00-04:00,4050.5,371.5400085449219,4055.1759486583514
2026-07-23 19:18:00-04:00,4051.0,371.5400085449219,4055.4259486583514
2026-07-23 19:19:00-04:00,4049.60009765625,371.5400085449219,4054.7259974864764
2026-07-23 19:20:00-04:00,4050.89990234375,371.5400085449219,4055.3758998302264
2026-07-23 19:21:00-04:00,4051.0,371.5400085449219,4055.4259486583514
2026-07-23 19:22:00-04:00,4051.300048828125,371.5400085449219,4055.575973072414
2026-07-23 19:23:00-04:00,4051.0,371.5400085449219,4055.4259486583514
2026-07-23 19:24:00-04:00,4051.60009765625,371.5400085449219,4055.7259974864764
2026-07-23 19:25:00-04:00,4051.89990234375,371.5400085449219,4055.8758998302264
2026-07-23 19:26:00-04:00,4051.300048828125,371.5400085449219,4055.575973072414
2026-07-23 19:27:00-04:00,4051.300048828125,371.5400085449219,4055.575973072414
2026-07-23 19:28:00-04:00,4051.39990234375,371.5400085449219,4055.6258998302264
2026-07-23 19:29:00-04:00,4051.699951171875,371.5400085449219,4055.775924244289
2026-07-23 19:30:00-04:00,4051.800048828125,371.5400085449219,4055.825973072414
2026-07-23 19:31:00-04:00,4051.89990234375,371.5400085449219,4055.8758998302264
2026-07-23 19:32:00-04:00,4051.89990234375,371.5400085449219,4055.8758998302264
2026-07-23 19:33:00-04:00,4052.800048828125,371.5400085449219,4056.325973072414
2026-07-23 19:34:00-04:00,4053.0,371.5400085449219,4056.4259486583514
2026-07-23 19:35:00-04:00,4051.89990234375,371.5400085449219,4055.8758998302264
2026-07-23 19:36:00-04:00,4051.5,371.5400085449219,4055.6759486583514
2026-07-23 19:37:00-04:00,4051.89990234375,371.5400085449219,4055.8758998302264
2026-07-23 19:38:00-04:00,4052.199951171875,371.5400085449219,4056.025924244289
2026-07-23 19:39:00-04:00,4050.800048828125,371.5400085449219,4055.325973072414
2026-07-23 19:40:00-04:00,4050.0,371.5400085449219,4054.9259486583514
2026-07-23 19:41:00-04:00,4050.699951171875,371.5400085449219,4055.275924244289
2026-07-23 19:42:00-04:00,4050.39990234375,371.5400085449219,4055.1258998302264
2026-07-23 19:43:00-04:00,4050.10009765625,371.5400085449219,4054.9759974864764
2026-07-23 19:44:00-04:00,4051.0,371.5400085449219,4055.4259486583514
2026-07-23 19:45:00-04:00,4050.10009765625,371.5400085449219,4054.9759974864764
2026-07-23 19:46:00-04:00,4050.0,371.5400085449219,4054.9259486583514
2026-07-23 19:47:00-04:00,4050.699951171875,371.5400085449219,4055.275924244289
2026-07-23 19:48:00-04:00,4052.0,371.5400085449219,4055.9259486583514
2026-07-23 19:49:00-04:00,4051.300048828125,371.5400085449219,4055.575973072414
2026-07-23 19:50:00-04:00,4050.699951171875,371.5400085449219,4055.275924244289
2026-07-23 19:52:00-04:00,4051.300048828125,371.5400085449219,4055.575973072414
2026-07-23 19:53:00-04:00,4051.5,371.5400085449219,4055.6759486583514
2026-07-23 19:54:00-04:00,4050.0,371.5400085449219,4054.9259486583514
2026-07-23 19:55:00-04:00,4050.10009765625,371.5400085449219,4054.9759974864764
2026-07-23 19:56:00-04:00,4049.89990234375,371.5400085449219,4054.8758998302264
2026-07-23 19:57:00-04:00,4050.300048828125,371.5400085449219,4055.075973072414
2026-07-23 19:58:00-04:00,4050.5,371.5400085449219,4055.1759486583514
2026-07-23 19:59:00-04:00,4049.39990234375,371.5400085449219,4054.6258998302264
2026-07-23 20:00:00-04:00,4050.5,371.5400085449219,4055.1759486583514
2026-07-23 20:01:00-04:00,4051.60009765625,371.5400085449219,4055.7259974864764
2026-07-23 20:02:00-04:00,4051.39990234375,371.5400085449219,4055.6258998302264
2026-07-23 20:03:00-04:00,4051.300048828125,371.5400085449219,4055.575973072414
2026-07-23 20:04:00-04:00,4049.39990234375,371.5400085449219,4054.6258998302264
2026-07-23 20:05:00-04:00,4049.300048828125,371.5400085449219,4054.575973072414
2026-07-23 20:06:00-04:00,4048.800048828125,371.5400085449219,4054.325973072414
2026-07-23 20:07:00-04:00,4048.10009765625,371.5400085449219,4053.9759974864764
2026-07-23 20:08:00-04:00,4047.39990234375,371.5400085449219,4053.6258998302264
2026-07-23 20:09:00-04:00,4047.5,371.5400085449219,4053.6759486583514
2026-07-23 20:10:00-04:00,4046.0,371.5400085449219,4052.9259486583514
2026-07-23 20:11:00-04:00,4046.0,371.5400085449219,4052.9259486583514
2026-07-23 20:12:00-04:00,4046.10009765625,371.5400085449219,4052.9759974864764
2026-07-23 20:13:00-04:00,4045.89990234375,371.5400085449219,4052.8758998302264
2026-07-23 20:14:00-04:00,4043.5,371.5400085449219,4051.6759486583514
2026-07-23 20:15:00-04:00,4043.5,371.5400085449219,4051.6759486583514
2026-07-23 20:16:00-04:00,4046.0,371.5400085449219,4052.9259486583514
2026-07-23 20:17:00-04:00,4045.10009765625,371.5400085449219,4052.4759974864764
2026-07-23 20:18:00-04:00,4046.89990234375,371.5400085449219,4053.3758998302264
2026-07-23 20:19:00-04:00,4045.300048828125,371.5400085449219,4052.575973072414
2026-07-23 20:20:00-04:00,4046.10009765625,371.5400085449219,4052.9759974864764
2026-07-23 20:21:00-04:00,4047.199951171875,371.5400085449219,4053.525924244289
2026-07-23 20:22:00-04:00,4048.300048828125,371.5400085449219,4054.075973072414
2026-07-23 20:23:00-04:00,4049.699951171875,371.5400085449219,4054.775924244289
2026-07-23 20:24:00-04:00,4048.699951171875,371.5400085449219,4054.275924244289
2026-07-23 20:25:00-04:00,4047.800048828125,371.5400085449219,4053.825973072414
2026-07-23 20:26:00-04:00,4047.60009765625,371.5400085449219,4053.7259974864764
2026-07-23 20:27:00-04:00,4047.39990234375,371.5400085449219,4053.6258998302264
2026-07-23 20:28:00-04:00,4047.10009765625,371.5400085449219,4053.4759974864764
2026-07-23 20:29:00-04:00,4048.300048828125,371.5400085449219,4054.075973072414
2026-07-23 20:30:00-04:00,4048.699951171875,371.5400085449219,4054.275924244289
2026-07-23 20:31:00-04:00,4048.800048828125,371.5400085449219,4054.325973072414
2026-07-23 20:32:00-04:00,4048.89990234375,371.5400085449219,4054.3758998302264
2026-07-23 20:33:00-04:00,4049.800048828125,371.5400085449219,4054.825973072414
2026-07-23 20:34:00-04:00,4048.300048828125,371.5400085449219,4054.075973072414
2026-07-23 20:35:00-04:00,4048.10009765625,371.5400085449219,4053.9759974864764
2026-07-23 20:36:00-04:00,4050.800048828125,371.5400085449219,4055.325973072414
2026-07-23 20:37:00-04:00,4051.39990234375,371.5400085449219,4055.6258998302264
2026-07-23 20:38:00-04:00,4051.60009765625,371.5400085449219,4055.7259974864764
2026-07-23 20:39:00-04:00,4050.699951171875,371.5400085449219,4055.275924244289
2026-07-23 20:40:00-04:00,4050.89990234375,371.5400085449219,4055.3758998302264
2026-07-23 20:41:00-04:00,4050.300048828125,371.5400085449219,4055.075973072414
2026-07-23 20:42:00-04:00,4051.800048828125,371.5400085449219,4055.825973072414
2026-07-23 20:43:00-04:00,4051.60009765625,371.5400085449219,4055.7259974864764
2026-07-23 20:44:00-04:00,4052.199951171875,371.5400085449219,4056.025924244289
2026-07-23 20:45:00-04:00,4051.39990234375,371.5400085449219,4055.6258998302264
2026-07-23 20:46:00-04:00,4052.699951171875,371.5400085449219,4056.275924244289
2026-07-23 20:47:00-04:00,4052.800048828125,371.5400085449219,4056.325973072414
2026-07-23 20:48:00-04:00,4052.39990234375,371.5400085449219,4056.1258998302264
2026-07-23 20:49:00-04:00,4051.300048828125,371.5400085449219,4055.575973072414
2026-07-23 20:50:00-04:00,4052.0,371.5400085449219,4055.9259486583514
2026-07-23 20:51:00-04:00,4051.39990234375,371.5400085449219,4055.6258998302264
2026-07-23 20:52:00-04:00,4051.5,371.5400085449219,4055.6759486583514
2026-07-23 20:53:00-04:00,4051.199951171875,371.5400085449219,4055.525924244289
2026-07-23 20:54:00-04:00,4051.60009765625,371.5400085449219,4055.7259974864764
2026-07-23 20:55:00-04:00,4052.39990234375,371.5400085449219,4056.1258998302264
2026-07-23 20:56:00-04:00,4052.300048828125,371.5400085449219,4056.075973072414
2026-07-23 20:57:00-04:00,4052.60009765625,371.5400085449219,4056.2259974864764
2026-07-23 20:58:00-04:00,4051.5,371.5400085449219,4055.6759486583514
2026-07-23 20:59:00-04:00,4052.39990234375,371.5400085449219,4056.1258998302264
2026-07-23 21:00:00-04:00,4050.0,371.5400085449219,4054.9259486583514
2026-07-23 21:01:00-04:00,4047.199951171875,371.5400085449219,4053.525924244289
2026-07-23 21:02:00-04:00,4045.300048828125,371.5400085449219,4052.575973072414
2026-07-23 21:03:00-04:00,4044.300048828125,371.5400085449219,4052.075973072414
2026-07-23 21:04:00-04:00,4046.800048828125,371.5400085449219,4053.325973072414
2026-07-23 21:05:00-04:00,4046.39990234375,371.5400085449219,4053.1258998302264
2026-07-23 21:06:00-04:00,4045.60009765625,371.5400085449219,4052.7259974864764
2026-07-23 21:07:00-04:00,4045.39990234375,371.5400085449219,4052.6258998302264
2026-07-23 21:08:00-04:00,4046.10009765625,371.5400085449219,4052.9759974864764
2026-07-23 21:09:00-04:00,4045.60009765625,371.5400085449219,4052.7259974864764
2026-07-23 21:10:00-04:00,4044.699951171875,371.5400085449219,4052.275924244289
2026-07-23 21:11:00-04:00,4044.0,371.5400085449219,4051.9259486583514
2026-07-23 21:12:00-04:00,4044.0,371.5400085449219,4051.9259486583514
2026-07-23 21:13:00-04:00,4043.800048828125,371.5400085449219,4051.825973072414
2026-07-23 21:14:00-04:00,4044.699951171875,371.5400085449219,4052.275924244289
2026-07-23 21:15:00-04:00,4045.39990234375,371.5400085449219,4052.6258998302264
2026-07-23 21:16:00-04:00,4046.10009765625,371.5400085449219,4052.9759974864764
2026-07-23 21:17:00-04:00,4045.60009765625,371.5400085449219,4052.7259974864764
2026-07-23 21:18:00-04:00,4046.39990234375,371.5400085449219,4053.1258998302264
2026-07-23 21:19:00-04:00,4046.800048828125,371.5400085449219,4053.325973072414
2026-07-23 21:20:00-04:00,4046.10009765625,371.5400085449219,4052.9759974864764
2026-07-23 21:21:00-04:00,4044.699951171875,371.5400085449219,4052.275924244289
2026-07-23 21:22:00-04:00,4045.199951171875,371.5400085449219,4052.525924244289
2026-07-23 21:23:00-04:00,4046.10009765625,371.5400085449219,4052.9759974864764
2026-07-23 21:24:00-04:00,4047.60009765625,371.5400085449219,4053.7259974864764
2026-07-23 21:25:00-04:00,4047.89990234375,371.5400085449219,4053.8758998302264
2026-07-23 21:26:00-04:00,4046.300048828125,371.5400085449219,4053.075973072414
2026-07-23 21:27:00-04:00,4048.300048828125,371.5400085449219,4054.075973072414
2026-07-23 21:28:00-04:00,4046.5,371.5400085449219,4053.1759486583514
2026-07-23 21:29:00-04:00,4045.0,371.5400085449219,4052.4259486583514
2026-07-23 21:30:00-04:00,4044.5,371.5400085449219,4052.1759486583514
2026-07-23 21:31:00-04:00,4043.89990234375,371.5400085449219,4051.8758998302264
2026-07-23 21:32:00-04:00,4044.39990234375,371.5400085449219,4052.1258998302264
2026-07-23 21:33:00-04:00,4047.0,371.5400085449219,4053.4259486583514
2026-07-23 21:34:00-04:00,4046.699951171875,371.5400085449219,4053.275924244289
2026-07-23 21:35:00-04:00,4045.0,371.5400085449219,4052.4259486583514
2026-07-23 21:36:00-04:00,4045.60009765625,371.5400085449219,4052.7259974864764
2026-07-23 21:37:00-04:00,4046.5,371.5400085449219,4053.1759486583514
2026-07-23 21:38:00-04:00,4047.0,371.5400085449219,4053.4259486583514
2026-07-23 21:39:00-04:00,4045.699951171875,371.5400085449219,4052.775924244289
2026-07-23 21:40:00-04:00,4047.300048828125,371.5400085449219,4053.575973072414
2026-07-23 21:41:00-04:00,4048.10009765625,371.5400085449219,4053.9759974864764
2026-07-23 21:42:00-04:00,4050.0,371.5400085449219,4054.9259486583514
2026-07-23 21:43:00-04:00,4050.199951171875,371.5400085449219,4055.025924244289
2026-07-23 21:44:00-04:00,4052.60009765625,371.5400085449219,4056.2259974864764
2026-07-23 21:45:00-04:00,4051.89990234375,371.5400085449219,4055.8758998302264
2026-07-23 21:46:00-04:00,4052.199951171875,371.5400085449219,4056.025924244289
2026-07-23 21:47:00-04:00,4051.10009765625,371.5400085449219,4055.4759974864764
2026-07-23 21:48:00-04:00,4051.0,371.5400085449219,4055.4259486583514
2026-07-23 21:49:00-04:00,4050.60009765625,371.5400085449219,4055.2259974864764
2026-07-23 21:50:00-04:00,4048.39990234375,371.5400085449219,4054.1258998302264
2026-07-23 21:51:00-04:00,4048.60009765625,371.5400085449219,4054.2259974864764
2026-07-23 21:52:00-04:00,4050.0,371.5400085449219,4054.9259486583514
2026-07-23 21:53:00-04:00,4048.5,371.5400085449219,4054.1759486583514
2026-07-23 21:54:00-04:00,4049.199951171875,371.5400085449219,4054.525924244289
2026-07-23 21:55:00-04:00,4047.300048828125,371.5400085449219,4053.575973072414
2026-07-23 21:56:00-04:00,4046.60009765625,371.5400085449219,4053.2259974864764
2026-07-23 21:57:00-04:00,4045.89990234375,371.5400085449219,4052.8758998302264
2026-07-23 21:58:00-04:00,4044.800048828125,371.5400085449219,4052.325973072414
2026-07-23 21:59:00-04:00,4046.0,371.5400085449219,4052.9259486583514
2026-07-23 22:00:00-04:00,4047.199951171875,371.5400085449219,4053.525924244289
2026-07-23 22:01:00-04:00,4047.10009765625,371.5400085449219,4053.4759974864764
2026-07-23 22:02:00-04:00,4047.199951171875,371.5400085449219,4053.525924244289
2026-07-23 22:03:00-04:00,4047.300048828125,371.5400085449219,4053.575973072414
2026-07-23 22:04:00-04:00,4045.10009765625,371.5400085449219,4052.4759974864764
2026-07-23 22:05:00-04:00,4044.800048828125,371.5400085449219,4052.325973072414
2026-07-23 22:06:00-04:00,4045.39990234375,371.5400085449219,4052.6258998302264
2026-07-23 22:07:00-04:00,4046.60009765625,371.5400085449219,4053.2259974864764
2026-07-23 22:08:00-04:00,4045.199951171875,371.5400085449219,4052.525924244289
2026-07-23 22:09:00-04:00,4047.199951171875,371.5400085449219,4053.525924244289
2026-07-23 22:10:00-04:00,4047.39990234375,371.5400085449219,4053.6258998302264
2026-07-23 22:11:00-04:00,4047.10009765625,371.5400085449219,4053.4759974864764
2026-07-23 22:12:00-04:00,4047.199951171875,371.5400085449219,4053.525924244289
2026-07-23 22:13:00-04:00,4047.699951171875,371.5400085449219,4053.775924244289
2026-07-23 22:14:00-04:00,4047.699951171875,371.5400085449219,4053.775924244289
2026-07-23 22:15:00-04:00,4047.699951171875,371.5400085449219,4053.775924244289
2026-07-23 22:16:00-04:00,4047.60009765625,371.5400085449219,4053.7259974864764
2026-07-23 22:17:00-04:00,4048.199951171875,371.5400085449219,4054.025924244289
2026-07-23 22:18:00-04:00,4047.300048828125,371.5400085449219,4053.575973072414
2026-07-23 22:19:00-04:00,4047.10009765625,371.5400085449219,4053.4759974864764
2026-07-23 22:20:00-04:00,4047.5,371.5400085449219,4053.6759486583514
2026-07-23 22:21:00-04:00,4046.800048828125,371.5400085449219,4053.325973072414
2026-07-23 22:22:00-04:00,4044.800048828125,371.5400085449219,4052.325973072414
2026-07-23 22:23:00-04:00,4047.5,371.5400085449219,4053.6759486583514
2026-07-23 22:24:00-04:00,4048.60009765625,371.5400085449219,4054.2259974864764
2026-07-23 22:25:00-04:00,4048.300048828125,371.5400085449219,4054.075973072414
2026-07-23 22:26:00-04:00,4048.0,371.5400085449219,4053.9259486583514
2026-07-23 22:27:00-04:00,4050.199951171875,371.5400085449219,4055.025924244289
2026-07-23 22:28:00-04:00,4049.60009765625,371.5400085449219,4054.7259974864764
2026-07-23 22:29:00-04:00,4048.800048828125,371.5400085449219,4054.325973072414
2026-07-23 22:30:00-04:00,4049.0,371.5400085449219,4054.4259486583514
2026-07-23 22:31:00-04:00,4049.800048828125,371.5400085449219,4054.825973072414
2026-07-23 22:32:00-04:00,4049.300048828125,371.5400085449219,4054.575973072414
2026-07-23 22:33:00-04:00,4047.10009765625,371.5400085449219,4053.4759974864764
2026-07-23 22:34:00-04:00,4046.300048828125,371.5400085449219,4053.075973072414
2026-07-23 22:35:00-04:00,4046.300048828125,371.5400085449219,4053.075973072414
2026-07-23 22:36:00-04:00,4045.39990234375,371.5400085449219,4052.6258998302264
2026-07-23 22:37:00-04:00,4045.199951171875,371.5400085449219,4052.525924244289
2026-07-23 22:38:00-04:00,4044.39990234375,371.5400085449219,4052.1258998302264
2026-07-23 22:39:00-04:00,4044.39990234375,371.5400085449219,4052.1258998302264
2026-07-23 22:40:00-04:00,4045.5,371.5400085449219,4052.6759486583514
2026-07-23 22:41:00-04:00,4044.5,371.5400085449219,4052.1759486583514
2026-07-23 22:42:00-04:00,4043.5,371.5400085449219,4051.6759486583514
2026-07-23 22:43:00-04:00,4043.60009765625,371.5400085449219,4051.7259974864764
2026-07-23 22:44:00-04:00,4043.60009765625,371.5400085449219,4051.7259974864764
2026-07-23 22:45:00-04:00,4042.39990234375,371.5400085449219,4051.1258998302264
2026-07-23 22:46:00-04:00,4043.0,371.5400085449219,4051.4259486583514
2026-07-23 22:47:00-04:00,4037.300048828125,371.5400085449219,4048.575973072414
2026-07-23 22:48:00-04:00,4032.699951171875,371.5400085449219,4046.275924244289
2026-07-23 22:49:00-04:00,4028.800048828125,371.5400085449219,4044.325973072414
2026-07-23 22:50:00-04:00,4031.10009765625,371.5400085449219,4045.4759974864764
2026-07-23 22:51:00-04:00,4031.300048828125,371.5400085449219,4045.575973072414
2026-07-23 22:52:00-04:00,4030.39990234375,371.5400085449219,4045.1258998302264
2026-07-23 22:53:00-04:00,4031.10009765625,371.5400085449219,4045.4759974864764
2026-07-23 22:54:00-04:00,4027.699951171875,371.5400085449219,4043.775924244289
2026-07-23 22:55:00-04:00,4026.39990234375,371.5400085449219,4043.1258998302264
2026-07-23 22:56:00-04:00,4028.699951171875,371.5400085449219,4044.275924244289
2026-07-23 22:57:00-04:00,4027.89990234375,371.5400085449219,4043.8758998302264
2026-07-23 22:58:00-04:00,4026.199951171875,371.5400085449219,4043.025924244289
2026-07-23 22:59:00-04:00,4026.699951171875,371.5400085449219,4043.275924244289
2026-07-23 23:00:00-04:00,4027.39990234375,371.5400085449219,4043.6258998302264
2026-07-23 23:01:00-04:00,4026.300048828125,371.5400085449219,4043.075973072414
2026-07-23 23:02:00-04:00,4026.5,371.5400085449219,4043.1759486583514
2026-07-23 23:03:00-04:00,4028.0,371.5400085449219,4043.9259486583514
2026-07-23 23:04:00-04:00,4029.10009765625,371.5400085449219,4044.4759974864764
2026-07-23 23:05:00-04:00,4030.0,371.5400085449219,4044.9259486583514
2026-07-23 23:06:00-04:00,4029.800048828125,371.5400085449219,4044.825973072414
2026-07-23 23:07:00-04:00,4030.300048828125,371.5400085449219,4045.075973072414
2026-07-23 23:08:00-04:00,4031.0,371.5400085449219,4045.4259486583514
2026-07-23 23:09:00-04:00,4029.0,371.5400085449219,4044.4259486583514
2026-07-23 23:10:00-04:00,4029.0,371.5400085449219,4044.4259486583514
2026-07-23 23:11:00-04:00,4030.699951171875,371.5400085449219,4045.275924244289
2026-07-23 23:12:00-04:00,4032.300048828125,371.5400085449219,4046.075973072414
2026-07-23 23:13:00-04:00,4033.60009765625,371.5400085449219,4046.7259974864764
2026-07-23 23:14:00-04:00,4034.60009765625,371.5400085449219,4047.2259974864764
2026-07-23 23:15:00-04:00,4034.5,371.5400085449219,4047.1759486583514
2026-07-23 23:16:00-04:00,4034.60009765625,371.5400085449219,4047.2259974864764
2026-07-23 23:17:00-04:00,4034.300048828125,371.5400085449219,4047.075973072414
2026-07-23 23:18:00-04:00,4034.5,371.5400085449219,4047.1759486583514
2026-07-23 23:19:00-04:00,4031.60009765625,371.5400085449219,4045.7259974864764
2026-07-23 23:20:00-04:00,4031.0,371.5400085449219,4045.4259486583514
2026-07-23 23:21:00-04:00,4033.699951171875,371.5400085449219,4046.775924244289
2026-07-23 23:22:00-04:00,4032.5,371.5400085449219,4046.1759486583514
2026-07-23 23:23:00-04:00,4032.199951171875,371.5400085449219,4046.025924244289
2026-07-23 23:24:00-04:00,4032.699951171875,371.5400085449219,4046.275924244289
2026-07-23 23:25:00-04:00,4032.39990234375,371.5400085449219,4046.1258998302264
2026-07-23 23:26:00-04:00,4032.0,371.5400085449219,4045.9259486583514
2026-07-23 23:27:00-04:00,4032.89990234375,371.5400085449219,4046.3758998302264
2026-07-23 23:28:00-04:00,4031.800048828125,371.5400085449219,4045.825973072414
2026-07-23 23:29:00-04:00,4032.5,371.5400085449219,4046.1759486583514
2026-07-23 23:30:00-04:00,4035.10009765625,371.5400085449219,4047.4759974864764
2026-07-23 23:31:00-04:00,4035.300048828125,371.5400085449219,4047.575973072414
2026-07-23 23:32:00-04:00,4033.60009765625,371.5400085449219,4046.7259974864764
2026-07-23 23:33:00-04:00,4033.60009765625,371.5400085449219,4046.7259974864764
2026-07-23 23:34:00-04:00,4033.89990234375,371.5400085449219,4046.8758998302264
2026-07-23 23:35:00-04:00,4034.699951171875,371.5400085449219,4047.275924244289
2026-07-23 23:36:00-04:00,4034.10009765625,371.5400085449219,4046.9759974864764
2026-07-23 23:37:00-04:00,4033.89990234375,371.5400085449219,4046.8758998302264
2026-07-23 23:38:00-04:00,4034.199951171875,371.5400085449219,4047.025924244289
2026-07-23 23:39:00-04:00,4033.89990234375,371.5400085449219,4046.8758998302264
2026-07-23 23:40:00-04:00,4035.0,371.5400085449219,4047.4259486583514
2026-07-23 23:41:00-04:00,4034.89990234375,371.5400085449219,4047.3758998302264
2026-07-23 23:42:00-04:00,4034.699951171875,371.5400085449219,4047.275924244289
2026-07-23 23:43:00-04:00,4033.300048828125,371.5400085449219,4046.575973072414
2026-07-23 23:44:00-04:00,4034.10009765625,371.5400085449219,4046.9759974864764
2026-07-23 23:45:00-04:00,4032.60009765625,371.5400085449219,4046.2259974864764
2026-07-23 23:46:00-04:00,4033.300048828125,371.5400085449219,4046.575973072414
2026-07-23 23:47:00-04:00,4033.5,371.5400085449219,4046.6759486583514
2026-07-23 23:48:00-04:00,4034.0,371.5400085449219,4046.9259486583514
2026-07-23 23:49:00-04:00,4034.5,371.5400085449219,4047.1759486583514
2026-07-23 23:50:00-04:00,4033.199951171875,371.5400085449219,4046.525924244289
2026-07-23 23:51:00-04:00,4034.10009765625,371.5400085449219,4046.9759974864764
2026-07-23 23:52:00-04:00,4033.5,371.5400085449219,4046.6759486583514
2026-07-23 23:53:00-04:00,4033.10009765625,371.5400085449219,4046.4759974864764
2026-07-23 23:54:00-04:00,4032.89990234375,371.5400085449219,4046.3758998302264
2026-07-23 23:55:00-04:00,4031.39990234375,371.5400085449219,4045.6258998302264
2026-07-23 23:56:00-04:00,4031.0,371.5400085449219,4045.4259486583514
2026-07-23 23:57:00-04:00,4030.89990234375,371.5400085449219,4045.3758998302264
2026-07-23 23:58:00-04:00,4031.10009765625,371.5400085449219,4045.4759974864764
2026-07-24 00:00:00-04:00,4030.699951171875,371.5400085449219,4045.275924244289
2026-07-24 00:01:00-04:00,4029.89990234375,371.5400085449219,4044.8758998302264
2026-07-24 00:02:00-04:00,4031.300048828125,371.5400085449219,4045.575973072414
2026-07-24 00:03:00-04:00,4031.89990234375,371.5400085449219,4045.8758998302264
2026-07-24 00:04:00-04:00,4031.39990234375,371.5400085449219,4045.6258998302264
2026-07-24 00:05:00-04:00,4031.5,371.5400085449219,4045.6759486583514
2026-07-24 00:06:00-04:00,4031.300048828125,371.5400085449219,4045.575973072414
2026-07-24 00:07:00-04:00,4031.300048828125,371.5400085449219,4045.575973072414
2026-07-24 00:08:00-04:00,4030.5,371.5400085449219,4045.1759486583514
2026-07-24 00:09:00-04:00,4031.5,371.5400085449219,4045.6759486583514
2026-07-24 00:10:00-04:00,4030.5,371.5400085449219,4045.1759486583514
2026-07-24 00:11:00-04:00,4029.699951171875,371.5400085449219,4044.775924244289
2026-07-24 00:12:00-04:00,4030.5,371.5400085449219,4045.1759486583514
2026-07-24 00:13:00-04:00,4030.60009765625,371.5400085449219,4045.2259974864764
2026-07-24 00:14:00-04:00,4030.5,371.5400085449219,4045.1759486583514
2026-07-24 00:15:00-04:00,4031.10009765625,371.5400085449219,4045.4759974864764
2026-07-24 00:16:00-04:00,4031.199951171875,371.5400085449219,4045.525924244289
2026-07-24 00:17:00-04:00,4030.199951171875,371.5400085449219,4045.025924244289
2026-07-24 00:18:00-04:00,4030.199951171875,371.5400085449219,4045.025924244289
2026-07-24 00:19:00-04:00,4030.199951171875,371.5400085449219,4045.025924244289
2026-07-24 00:20:00-04:00,4030.60009765625,371.5400085449219,4045.2259974864764
2026-07-24 00:21:00-04:00,4031.10009765625,371.5400085449219,4045.4759974864764
2026-07-24 00:22:00-04:00,4031.89990234375,371.5400085449219,4045.8758998302264
2026-07-24 00:23:00-04:00,4031.699951171875,371.5400085449219,4045.775924244289
2026-07-24 00:24:00-04:00,4031.300048828125,371.5400085449219,4045.575973072414
2026-07-24 00:25:00-04:00,4031.5,371.5400085449219,4045.6759486583514
2026-07-24 00:26:00-04:00,4032.0,371.5400085449219,4045.9259486583514
2026-07-24 00:27:00-04:00,4032.39990234375,371.5400085449219,4046.1258998302264
2026-07-24 00:28:00-04:00,4031.699951171875,371.5400085449219,4045.775924244289
2026-07-24 00:29:00-04:00,4032.10009765625,371.5400085449219,4045.9759974864764
2026-07-24 00:30:00-04:00,4032.39990234375,371.5400085449219,4046.1258998302264
2026-07-24 00:31:00-04:00,4032.60009765625,371.5400085449219,4046.2259974864764
2026-07-24 00:32:00-04:00,4032.300048828125,371.5400085449219,4046.075973072414
2026-07-24 00:33:00-04:00,4031.800048828125,371.5400085449219,4045.825973072414
2026-07-24 00:34:00-04:00,4031.300048828125,371.5400085449219,4045.575973072414
2026-07-24 00:35:00-04:00,4031.0,371.5400085449219,4045.4259486583514
2026-07-24 00:36:00-04:00,4030.199951171875,371.5400085449219,4045.025924244289
2026-07-24 00:37:00-04:00,4030.39990234375,371.5400085449219,4045.1258998302264
2026-07-24 00:38:00-04:00,4029.800048828125,371.5400085449219,4044.825973072414
2026-07-24 00:39:00-04:00,4029.39990234375,371.5400085449219,4044.6258998302264
2026-07-24 00:40:00-04:00,4028.699951171875,371.5400085449219,4044.275924244289
2026-07-24 00:41:00-04:00,4029.10009765625,371.5400085449219,4044.4759974864764
2026-07-24 00:42:00-04:00,4029.0,371.5400085449219,4044.4259486583514
2026-07-24 00:44:00-04:00,4029.0,371.5400085449219,4044.4259486583514
2026-07-24 00:45:00-04:00,4029.5,371.5400085449219,4044.6759486583514
2026-07-24 00:46:00-04:00,4027.800048828125,371.5400085449219,4043.825973072414
2026-07-24 00:47:00-04:00,4028.60009765625,371.5400085449219,4044.2259974864764
2026-07-24 00:48:00-04:00,4029.300048828125,371.5400085449219,4044.575973072414
2026-07-24 00:49:00-04:00,4029.300048828125,371.5400085449219,4044.575973072414
2026-07-24 00:50:00-04:00,4028.5,371.5400085449219,4044.1759486583514
2026-07-24 00:51:00-04:00,4028.199951171875,371.5400085449219,4044.025924244289
2026-07-24 00:52:00-04:00,4028.39990234375,371.5400085449219,4044.1258998302264
2026-07-24 00:54:00-04:00,4029.0,371.5400085449219,4044.4259486583514
2026-07-24 00:55:00-04:00,4028.89990234375,371.5400085449219,4044.3758998302264
2026-07-24 00:56:00-04:00,4029.39990234375,371.5400085449219,4044.6258998302264
2026-07-24 00:57:00-04:00,4030.5,371.5400085449219,4045.1759486583514
2026-07-24 00:58:00-04:00,4029.699951171875,371.5400085449219,4044.775924244289
2026-07-24 00:59:00-04:00,4029.800048828125,371.5400085449219,4044.825973072414
2026-07-24 01:00:00-04:00,4029.10009765625,371.5400085449219,4044.4759974864764
2026-07-24 01:01:00-04:00,4029.39990234375,371.5400085449219,4044.6258998302264
2026-07-24 01:02:00-04:00,4028.39990234375,371.5400085449219,4044.1258998302264
2026-07-24 01:03:00-04:00,4030.199951171875,371.5400085449219,4045.025924244289
2026-07-24 01:04:00-04:00,4031.10009765625,371.5400085449219,4045.4759974864764
2026-07-24 01:05:00-04:00,4032.10009765625,371.5400085449219,4045.9759974864764
2026-07-24 01:06:00-04:00,4031.300048828125,371.5400085449219,4045.575973072414
2026-07-24 01:07:00-04:00,4030.300048828125,371.5400085449219,4045.075973072414
2026-07-24 01:08:00-04:00,4030.39990234375,371.5400085449219,4045.1258998302264
2026-07-24 01:09:00-04:00,4030.89990234375,371.5400085449219,4045.3758998302264
2026-07-24 01:10:00-04:00,4033.699951171875,371.5400085449219,4046.775924244289
2026-07-24 01:11:00-04:00,4032.89990234375,371.5400085449219,4046.3758998302264
2026-07-24 01:12:00-04:00,4032.39990234375,371.5400085449219,4046.1258998302264
2026-07-24 01:13:00-04:00,4032.199951171875,371.5400085449219,4046.025924244289
2026-07-24 01:14:00-04:00,4030.0,371.5400085449219,4044.9259486583514
2026-07-24 01:15:00-04:00,4029.800048828125,371.5400085449219,4044.825973072414
2026-07-24 01:16:00-04:00,4028.89990234375,371.5400085449219,4044.3758998302264
2026-07-24 01:17:00-04:00,4029.10009765625,371.5400085449219,4044.4759974864764
2026-07-24 01:18:00-04:00,4024.800048828125,371.5400085449219,4042.325973072414
2026-07-24 01:19:00-04:00,4026.39990234375,371.5400085449219,4043.1258998302264
2026-07-24 01:20:00-04:00,4026.699951171875,371.5400085449219,4043.275924244289
2026-07-24 01:21:00-04:00,4028.60009765625,371.5400085449219,4044.2259974864764
2026-07-24 01:22:00-04:00,4029.699951171875,371.5400085449219,4044.775924244289
2026-07-24 01:23:00-04:00,4031.199951171875,371.5400085449219,4045.525924244289
2026-07-24 01:24:00-04:00,4029.199951171875,371.5400085449219,4044.525924244289
2026-07-24 01:25:00-04:00,4029.10009765625,371.5400085449219,4044.4759974864764
2026-07-24 01:26:00-04:00,4029.39990234375,371.5400085449219,4044.6258998302264
2026-07-24 01:27:00-04:00,4027.699951171875,371.5400085449219,4043.775924244289
2026-07-24 01:28:00-04:00,4028.0,371.5400085449219,4043.9259486583514
2026-07-24 01:29:00-04:00,4028.300048828125,371.5400085449219,4044.075973072414
2026-07-24 01:30:00-04:00,4029.699951171875,371.5400085449219,4044.775924244289
2026-07-24 01:31:00-04:00,4031.199951171875,371.5400085449219,4045.525924244289
2026-07-24 01:32:00-04:00,4030.699951171875,371.5400085449219,4045.275924244289
2026-07-24 01:33:00-04:00,4030.300048828125,371.5400085449219,4045.075973072414
2026-07-24 01:34:00-04:00,4033.39990234375,371.5400085449219,4046.6258998302264
2026-07-24 01:35:00-04:00,4032.199951171875,371.5400085449219,4046.025924244289
2026-07-24 01:36:00-04:00,4031.5,371.5400085449219,4045.6759486583514
2026-07-24 01:37:00-04:00,4030.10009765625,371.5400085449219,4044.9759974864764
2026-07-24 01:38:00-04:00,4029.5,371.5400085449219,4044.6759486583514
2026-07-24 01:39:00-04:00,4028.300048828125,371.5400085449219,4044.075973072414
2026-07-24 01:40:00-04:00,4027.89990234375,371.5400085449219,4043.8758998302264
2026-07-24 01:41:00-04:00,4030.0,371.5400085449219,4044.9259486583514
2026-07-24 01:42:00-04:00,4028.39990234375,371.5400085449219,4044.1258998302264
2026-07-24 01:43:00-04:00,4027.60009765625,371.5400085449219,4043.7259974864764
2026-07-24 01:44:00-04:00,4026.699951171875,371.5400085449219,4043.275924244289
2026-07-24 01:45:00-04:00,4029.199951171875,371.5400085449219,4044.525924244289
2026-07-24 01:46:00-04:00,4028.60009765625,371.5400085449219,4044.2259974864764
2026-07-24 01:47:00-04:00,4030.5,371.5400085449219,4045.1759486583514
2026-07-24 01:48:00-04:00,4030.39990234375,371.5400085449219,4045.1258998302264
2026-07-24 01:49:00-04:00,4030.0,371.5400085449219,4044.9259486583514
2026-07-24 01:50:00-04:00,4029.5,371.5400085449219,4044.6759486583514
2026-07-24 01:51:00-04:00,4028.0,371.5400085449219,4043.9259486583514
2026-07-24 01:52:00-04:00,4027.39990234375,371.5400085449219,4043.6258998302264
2026-07-24 01:53:00-04:00,4027.0,371.5400085449219,4043.4259486583514
2026-07-24 01:54:00-04:00,4025.39990234375,371.5400085449219,4042.6258998302264
2026-07-24 01:55:00-04:00,4024.5,371.5400085449219,4042.1759486583514
2026-07-24 01:56:00-04:00,4025.39990234375,371.5400085449219,4042.6258998302264
2026-07-24 01:57:00-04:00,4025.0,371.5400085449219,4042.4259486583514
2026-07-24 01:58:00-04:00,4024.800048828125,371.5400085449219,4042.325973072414
2026-07-24 01:59:00-04:00,4025.0,371.5400085449219,4042.4259486583514
2026-07-24 02:00:00-04:00,4026.5,371.5400085449219,4043.1759486583514
2026-07-24 02:01:00-04:00,4027.199951171875,371.5400085449219,4043.525924244289
2026-07-24 02:02:00-04:00,4027.5,371.5400085449219,4043.6759486583514
2026-07-24 02:03:00-04:00,4025.800048828125,371.5400085449219,4042.825973072414
2026-07-24 02:04:00-04:00,4027.300048828125,371.5400085449219,4043.575973072414
2026-07-24 02:05:00-04:00,4027.699951171875,371.5400085449219,4043.775924244289
2026-07-24 02:06:00-04:00,4028.199951171875,371.5400085449219,4044.025924244289
2026-07-24 02:07:00-04:00,4027.89990234375,371.5400085449219,4043.8758998302264
2026-07-24 02:08:00-04:00,4029.10009765625,371.5400085449219,4044.4759974864764
2026-07-24 02:09:00-04:00,4029.199951171875,371.5400085449219,4044.525924244289
2026-07-24 02:10:00-04:00,4029.60009765625,371.5400085449219,4044.7259974864764
2026-07-24 02:11:00-04:00,4029.800048828125,371.5400085449219,4044.825973072414
2026-07-24 02:12:00-04:00,4032.60009765625,371.5400085449219,4046.2259974864764
2026-07-24 02:13:00-04:00,4032.89990234375,371.5400085449219,4046.3758998302264
2026-07-24 02:14:00-04:00,4033.10009765625,371.5400085449219,4046.4759974864764
2026-07-24 02:15:00-04:00,4032.699951171875,371.5400085449219,4046.275924244289
2026-07-24 02:16:00-04:00,4032.60009765625,371.5400085449219,4046.2259974864764
2026-07-24 02:17:00-04:00,4032.5,371.5400085449219,4046.1759486583514
2026-07-24 02:18:00-04:00,4032.5,371.5400085449219,4046.1759486583514
2026-07-24 02:19:00-04:00,4036.10009765625,371.5400085449219,4047.9759974864764
2026-07-24 02:20:00-04:00,4037.60009765625,371.5400085449219,4048.7259974864764
2026-07-24 02:21:00-04:00,4037.300048828125,371.5400085449219,4048.575973072414
2026-07-24 02:22:00-04:00,4037.89990234375,371.5400085449219,4048.8758998302264
2026-07-24 02:23:00-04:00,4038.199951171875,371.5400085449219,4049.025924244289
2026-07-24 02:24:00-04:00,4038.5,371.5400085449219,4049.1759486583514
2026-07-24 02:25:00-04:00,4039.300048828125,371.5400085449219,4049.575973072414
2026-07-24 02:26:00-04:00,4041.300048828125,371.5400085449219,4050.575973072414
2026-07-24 02:27:00-04:00,4039.0,371.5400085449219,4049.4259486583514
2026-07-24 02:28:00-04:00,4038.0,371.5400085449219,4048.9259486583514
2026-07-24 02:29:00-04:00,4038.800048828125,371.5400085449219,4049.325973072414
2026-07-24 02:30:00-04:00,4035.800048828125,371.5400085449219,4047.825973072414
2026-07-24 02:31:00-04:00,4037.300048828125,371.5400085449219,4048.575973072414
2026-07-24 02:32:00-04:00,4037.300048828125,371.5400085449219,4048.575973072414
2026-07-24 02:33:00-04:00,4037.5,371.5400085449219,4048.6759486583514
2026-07-24 02:34:00-04:00,4036.89990234375,371.5400085449219,4048.3758998302264
2026-07-24 02:35:00-04:00,4037.699951171875,371.5400085449219,4048.775924244289
2026-07-24 02:36:00-04:00,4038.0,371.5400085449219,4048.9259486583514
2026-07-24 02:37:00-04:00,4037.39990234375,371.5400085449219,4048.6258998302264
2026-07-24 02:38:00-04:00,4038.39990234375,371.5400085449219,4049.1258998302264
2026-07-24 02:39:00-04:00,4037.699951171875,371.5400085449219,4048.775924244289
2026-07-24 02:40:00-04:00,4037.0,371.5400085449219,4048.4259486583514
2026-07-24 02:41:00-04:00,4038.0,371.5400085449219,4048.9259486583514
2026-07-24 02:42:00-04:00,4037.60009765625,371.5400085449219,4048.7259974864764
2026-07-24 02:43:00-04:00,4036.199951171875,371.5400085449219,4048.025924244289
2026-07-24 02:44:00-04:00,4035.89990234375,371.5400085449219,4047.8758998302264
2026-07-24 02:45:00-04:00,4038.5,371.5400085449219,4049.1759486583514
2026-07-24 02:46:00-04:00,4038.39990234375,371.5400085449219,4049.1258998302264
2026-07-24 02:47:00-04:00,4038.699951171875,371.5400085449219,4049.275924244289
2026-07-24 02:48:00-04:00,4036.800048828125,371.5400085449219,4048.325973072414
2026-07-24 02:49:00-04:00,4036.39990234375,371.5400085449219,4048.1258998302264
2026-07-24 02:50:00-04:00,4036.10009765625,371.5400085449219,4047.9759974864764
2026-07-24 02:51:00-04:00,4035.0,371.5400085449219,4047.4259486583514
2026-07-24 02:52:00-04:00,4034.699951171875,371.5400085449219,4047.275924244289
2026-07-24 02:53:00-04:00,4035.60009765625,371.5400085449219,4047.7259974864764
2026-07-24 02:54:00-04:00,4037.89990234375,371.5400085449219,4048.8758998302264
2026-07-24 02:55:00-04:00,4038.89990234375,371.5400085449219,4049.3758998302264
2026-07-24 02:56:00-04:00,4039.60009765625,371.5400085449219,4049.7259974864764
2026-07-24 02:57:00-04:00,4038.89990234375,371.5400085449219,4049.3758998302264
2026-07-24 02:58:00-04:00,4039.699951171875,371.5400085449219,4049.775924244289
2026-07-24 02:59:00-04:00,4038.39990234375,371.5400085449219,4049.1258998302264
2026-07-24 03:00:00-04:00,4040.39990234375,371.5400085449219,4050.1258998302264
2026-07-24 03:01:00-04:00,4040.300048828125,371.5400085449219,4050.075973072414
2026-07-24 03:02:00-04:00,4042.10009765625,371.5400085449219,4050.9759974864764
2026-07-24 03:03:00-04:00,4040.89990234375,371.5400085449219,4050.3758998302264
2026-07-24 03:04:00-04:00,4041.0,371.5400085449219,4050.4259486583514
2026-07-24 03:05:00-04:00,4042.60009765625,371.5400085449219,4051.2259974864764
2026-07-24 03:06:00-04:00,4044.5,371.5400085449219,4052.1759486583514
2026-07-24 03:07:00-04:00,4044.5,371.5400085449219,4052.1759486583514
2026-07-24 03:08:00-04:00,4045.89990234375,371.5400085449219,4052.8758998302264
2026-07-24 03:09:00-04:00,4048.199951171875,371.5400085449219,4054.025924244289
2026-07-24 03:10:00-04:00,4049.199951171875,371.5400085449219,4054.525924244289
2026-07-24 03:11:00-04:00,4047.699951171875,371.5400085449219,4053.775924244289
2026-07-24 03:12:00-04:00,4048.60009765625,371.5400085449219,4054.2259974864764
2026-07-24 03:13:00-04:00,4049.10009765625,371.5400085449219,4054.4759974864764
2026-07-24 03:14:00-04:00,4047.699951171875,371.5400085449219,4053.775924244289
2026-07-24 03:15:00-04:00,4047.5,371.5400085449219,4053.6759486583514
2026-07-24 03:16:00-04:00,4048.699951171875,371.5400085449219,4054.275924244289
2026-07-24 03:17:00-04:00,4048.10009765625,371.5400085449219,4053.9759974864764
2026-07-24 03:18:00-04:00,4048.5,371.5400085449219,4054.1759486583514
2026-07-24 03:19:00-04:00,4049.5,371.5400085449219,4054.6759486583514
2026-07-24 03:20:00-04:00,4049.60009765625,371.5400085449219,4054.7259974864764
2026-07-24 03:21:00-04:00,4051.300048828125,371.5400085449219,4055.575973072414
2026-07-24 03:22:00-04:00,4051.39990234375,371.5400085449219,4055.6258998302264
2026-07-24 03:23:00-04:00,4050.0,371.5400085449219,4054.9259486583514
2026-07-24 03:24:00-04:00,4050.800048828125,371.5400085449219,4055.325973072414
2026-07-24 03:25:00-04:00,4052.0,371.5400085449219,4055.9259486583514
2026-07-24 03:26:00-04:00,4051.5,371.5400085449219,4055.6759486583514
2026-07-24 03:27:00-04:00,4052.800048828125,371.5400085449219,4056.325973072414
2026-07-24 03:28:00-04:00,4052.800048828125,371.5400085449219,4056.325973072414
2026-07-24 03:29:00-04:00,4051.10009765625,371.5400085449219,4055.4759974864764
2026-07-24 03:30:00-04:00,4052.39990234375,371.5400085449219,4056.1258998302264
2026-07-24 03:31:00-04:00,4051.800048828125,371.5400085449219,4055.825973072414
2026-07-24 03:32:00-04:00,4051.199951171875,371.5400085449219,4055.525924244289
2026-07-24 03:33:00-04:00,4053.199951171875,371.5400085449219,4056.525924244289
2026-07-24 03:34:00-04:00,4055.800048828125,371.5400085449219,4057.825973072414
2026-07-24 03:35:00-04:00,4053.699951171875,371.5400085449219,4056.775924244289
2026-07-24 03:36:00-04:00,4053.300048828125,371.5400085449219,4056.575973072414
2026-07-24 03:37:00-04:00,4052.199951171875,371.5400085449219,4056.025924244289
2026-07-24 03:38:00-04:00,4051.39990234375,371.5400085449219,4055.6258998302264
2026-07-24 03:39:00-04:00,4049.300048828125,371.5400085449219,4054.575973072414
2026-07-24 03:40:00-04:00,4049.699951171875,371.5400085449219,4054.775924244289
2026-07-24 03:41:00-04:00,4049.5,371.5400085449219,4054.6759486583514
2026-07-24 03:42:00-04:00,4048.800048828125,371.5400085449219,4054.325973072414
2026-07-24 03:43:00-04:00,4048.800048828125,371.5400085449219,4054.325973072414
2026-07-24 03:44:00-04:00,4050.800048828125,371.5400085449219,4055.325973072414
2026-07-24 03:45:00-04:00,4050.300048828125,371.5400085449219,4055.075973072414
2026-07-24 03:46:00-04:00,4050.800048828125,371.5400085449219,4055.325973072414
2026-07-24 03:47:00-04:00,4050.300048828125,371.5400085449219,4055.075973072414
2026-07-24 03:48:00-04:00,4049.300048828125,371.5400085449219,4054.575973072414
2026-07-24 03:49:00-04:00,4050.0,371.5400085449219,4054.9259486583514
2026-07-24 03:50:00-04:00,4049.89990234375,371.5400085449219,4054.8758998302264
2026-07-24 03:51:00-04:00,4050.199951171875,371.5400085449219,4055.025924244289
2026-07-24 03:52:00-04:00,4050.699951171875,371.5400085449219,4055.275924244289
2026-07-24 03:53:00-04:00,4050.5,371.5400085449219,4055.1759486583514
2026-07-24 03:54:00-04:00,4050.39990234375,371.5400085449219,4055.1258998302264
2026-07-24 03:55:00-04:00,4051.10009765625,371.5400085449219,4055.4759974864764
2026-07-24 03:56:00-04:00,4050.699951171875,371.5400085449219,4055.275924244289
2026-07-24 03:57:00-04:00,4052.199951171875,371.5400085449219,4056.025924244289
2026-07-24 03:58:00-04:00,4051.10009765625,371.5400085449219,4055.4759974864764
2026-07-24 03:59:00-04:00,4051.10009765625,371.5400085449219,4055.4759974864764
2026-07-24 04:00:00-04:00,4051.300048828125,371.5400085449219,4055.575973072414
2026-07-24 04:01:00-04:00,4050.699951171875,371.5400085449219,4055.275924244289
2026-07-24 04:02:00-04:00,4049.60009765625,371.5400085449219,4054.7259974864764
2026-07-24 04:03:00-04:00,4049.39990234375,371.5400085449219,4054.6258998302264
2026-07-24 04:04:00-04:00,4049.89990234375,371.5400085449219,4054.8758998302264
2026-07-24 04:05:00-04:00,4047.89990234375,371.5400085449219,4053.8758998302264
2026-07-24 04:06:00-04:00,4048.39990234375,371.5400085449219,4054.1258998302264
2026-07-24 04:07:00-04:00,4049.10009765625,371.5400085449219,4054.4759974864764
2026-07-24 04:08:00-04:00,4048.699951171875,371.5400085449219,4054.275924244289
2026-07-24 04:09:00-04:00,4050.0,371.5400085449219,4054.9259486583514
2026-07-24 04:10:00-04:00,4049.800048828125,371.5400085449219,4054.825973072414
2026-07-24 04:11:00-04:00,4049.60009765625,371.5400085449219,4054.7259974864764
2026-07-24 04:12:00-04:00,4048.300048828125,371.5400085449219,4054.075973072414
2026-07-24 04:13:00-04:00,4048.699951171875,371.5400085449219,4054.275924244289
2026-07-24 04:14:00-04:00,4049.5,371.5400085449219,4054.6759486583514
2026-07-24 04:15:00-04:00,4048.800048828125,371.5400085449219,4054.325973072414
2026-07-24 04:16:00-04:00,4049.5,371.5400085449219,4054.6759486583514
2026-07-24 04:17:00-04:00,4048.60009765625,371.5400085449219,4054.2259974864764
2026-07-24 04:18:00-04:00,4047.5,371.5400085449219,4053.6759486583514
2026-07-24 04:19:00-04:00,4049.300048828125,371.5400085449219,4054.575973072414
2026-07-24 04:20:00-04:00,4050.0,371.5400085449219,4054.9259486583514
2026-07-24 04:21:00-04:00,4049.199951171875,371.5400085449219,4054.525924244289
2026-07-24 04:22:00-04:00,4050.10009765625,371.5400085449219,4054.9759974864764
2026-07-24 04:23:00-04:00,4049.5,371.5400085449219,4054.6759486583514
2026-07-24 04:24:00-04:00,4049.300048828125,371.5400085449219,4054.575973072414
2026-07-24 04:25:00-04:00,4049.199951171875,371.5400085449219,4054.525924244289
2026-07-24 04:26:00-04:00,4051.0,371.5400085449219,4055.4259486583514
2026-07-24 04:27:00-04:00,4051.199951171875,371.5400085449219,4055.525924244289
2026-07-24 04:28:00-04:00,4051.199951171875,371.5400085449219,4055.525924244289
2026-07-24 04:29:00-04:00,4054.89990234375,371.5400085449219,4057.3758998302264
2026-07-24 04:30:00-04:00,4054.800048828125,371.5400085449219,4057.325973072414
2026-07-24 04:31:00-04:00,4053.699951171875,371.5400085449219,4056.775924244289
2026-07-24 04:32:00-04:00,4053.39990234375,371.5400085449219,4056.6258998302264
2026-07-24 04:33:00-04:00,4054.199951171875,371.5400085449219,4057.025924244289
2026-07-24 04:34:00-04:00,4052.5,371.5400085449219,4056.1759486583514
2026-07-24 04:35:00-04:00,4052.300048828125,371.5400085449219,4056.075973072414
2026-07-24 04:36:00-04:00,4054.10009765625,371.5400085449219,4056.9759974864764
2026-07-24 04:37:00-04:00,4054.60009765625,371.5400085449219,4057.2259974864764
2026-07-24 04:38:00-04:00,4054.39990234375,371.5400085449219,4057.1258998302264
2026-07-24 04:39:00-04:00,4055.39990234375,371.5400085449219,4057.6258998302264
2026-07-24 04:40:00-04:00,4056.39990234375,371.5400085449219,4058.1258998302264
2026-07-24 04:41:00-04:00,4055.89990234375,371.5400085449219,4057.8758998302264
2026-07-24 04:42:00-04:00,4057.199951171875,371.5400085449219,4058.525924244289
2026-07-24 04:43:00-04:00,4057.800048828125,371.5400085449219,4058.825973072414
2026-07-24 04:44:00-04:00,4057.199951171875,371.5400085449219,4058.525924244289
2026-07-24 04:45:00-04:00,4056.199951171875,371.5400085449219,4058.025924244289
2026-07-24 04:46:00-04:00,4056.10009765625,371.5400085449219,4057.9759974864764
2026-07-24 04:47:00-04:00,4055.0,371.5400085449219,4057.4259486583514
2026-07-24 04:48:00-04:00,4055.5,371.5400085449219,4057.6759486583514
2026-07-24 04:49:00-04:00,4057.60009765625,371.5400085449219,4058.7259974864764
2026-07-24 04:50:00-04:00,4057.5,371.5400085449219,4058.6759486583514
2026-07-24 04:51:00-04:00,4058.699951171875,371.5400085449219,4059.275924244289
2026-07-24 04:52:00-04:00,4059.0,371.5400085449219,4059.4259486583514
2026-07-24 04:53:00-04:00,4059.39990234375,371.5400085449219,4059.6258998302264
2026-07-24 04:54:00-04:00,4059.199951171875,371.5400085449219,4059.525924244289
2026-07-24 04:55:00-04:00,4059.5,371.5400085449219,4059.6759486583514
2026-07-24 04:56:00-04:00,4059.39990234375,371.5400085449219,4059.6258998302264
2026-07-24 04:57:00-04:00,4059.39990234375,371.5400085449219,4059.6258998302264
2026-07-24 04:58:00-04:00,4059.10009765625,371.5400085449219,4059.4759974864764
2026-07-24 04:59:00-04:00,4060.0,371.5400085449219,4059.9259486583514
2026-07-24 05:00:00-04:00,4061.5,371.5400085449219,4060.6759486583514
2026-07-24 05:01:00-04:00,4061.800048828125,371.5400085449219,4060.825973072414
2026-07-24 05:02:00-04:00,4062.5,371.5400085449219,4061.1759486583514
2026-07-24 05:03:00-04:00,4060.89990234375,371.5400085449219,4060.3758998302264
2026-07-24 05:04:00-04:00,4059.300048828125,371.5400085449219,4059.575973072414
2026-07-24 05:05:00-04:00,4058.39990234375,371.5400085449219,4059.1258998302264
2026-07-24 05:06:00-04:00,4058.5,371.5400085449219,4059.1759486583514
2026-07-24 05:07:00-04:00,4059.300048828125,371.5400085449219,4059.575973072414
2026-07-24 05:08:00-04:00,4059.0,371.5400085449219,4059.4259486583514
2026-07-24 05:09:00-04:00,4060.199951171875,371.5400085449219,4060.025924244289
2026-07-24 05:10:00-04:00,4059.0,371.5400085449219,4059.4259486583514
2026-07-24 05:11:00-04:00,4057.60009765625,371.5400085449219,4058.7259974864764
2026-07-24 05:12:00-04:00,4056.5,371.5400085449219,4058.1759486583514
2026-07-24 05:13:00-04:00,4057.0,371.5400085449219,4058.4259486583514
2026-07-24 05:14:00-04:00,4056.89990234375,371.5400085449219,4058.3758998302264
2026-07-24 05:15:00-04:00,4056.199951171875,371.5400085449219,4058.025924244289
2026-07-24 05:16:00-04:00,4057.39990234375,371.5400085449219,4058.6258998302264
2026-07-24 05:17:00-04:00,4057.39990234375,371.5400085449219,4058.6258998302264
2026-07-24 05:18:00-04:00,4057.39990234375,371.5400085449219,4058.6258998302264
2026-07-24 05:19:00-04:00,4057.89990234375,371.5400085449219,4058.8758998302264
2026-07-24 05:20:00-04:00,4056.699951171875,371.5400085449219,4058.275924244289
2026-07-24 05:21:00-04:00,4057.39990234375,371.5400085449219,4058.6258998302264
2026-07-24 05:22:00-04:00,4056.39990234375,371.5400085449219,4058.1258998302264
2026-07-24 05:23:00-04:00,4057.699951171875,371.5400085449219,4058.775924244289
2026-07-24 05:24:00-04:00,4057.39990234375,371.5400085449219,4058.6258998302264
2026-07-24 05:25:00-04:00,4058.10009765625,371.5400085449219,4058.9759974864764
2026-07-24 05:26:00-04:00,4058.199951171875,371.5400085449219,4059.025924244289
2026-07-24 05:27:00-04:00,4057.5,371.5400085449219,4058.6759486583514
2026-07-24 05:28:00-04:00,4056.89990234375,371.5400085449219,4058.3758998302264
2026-07-24 05:29:00-04:00,4055.60009765625,371.5400085449219,4057.7259974864764
2026-07-24 05:30:00-04:00,4055.10009765625,371.5400085449219,4057.4759974864764
2026-07-24 05:31:00-04:00,4055.10009765625,371.5400085449219,4057.4759974864764
2026-07-24 05:32:00-04:00,4055.800048828125,371.5400085449219,4057.825973072414
2026-07-24 05:33:00-04:00,4056.800048828125,371.5400085449219,4058.325973072414
2026-07-24 05:34:00-04:00,4056.39990234375,371.5400085449219,4058.1258998302264
2026-07-24 05:35:00-04:00,4056.39990234375,371.5400085449219,4058.1258998302264
2026-07-24 05:36:00-04:00,4056.89990234375,371.5400085449219,4058.3758998302264
2026-07-24 05:37:00-04:00,4057.5,371.5400085449219,4058.6759486583514
2026-07-24 05:38:00-04:00,4056.89990234375,371.5400085449219,4058.3758998302264
2026-07-24 05:39:00-04:00,4057.89990234375,371.5400085449219,4058.8758998302264
2026-07-24 05:40:00-04:00,4057.39990234375,371.5400085449219,4058.6258998302264
2026-07-24 05:41:00-04:00,4058.10009765625,371.5400085449219,4058.9759974864764
2026-07-24 05:42:00-04:00,4058.800048828125,371.5400085449219,4059.325973072414
2026-07-24 05:43:00-04:00,4057.39990234375,371.5400085449219,4058.6258998302264
2026-07-24 05:44:00-04:00,4058.5,371.5400085449219,4059.1759486583514
2026-07-24 05:45:00-04:00,4058.60009765625,371.5400085449219,4059.2259974864764
2026-07-24 05:46:00-04:00,4057.89990234375,371.5400085449219,4058.8758998302264
2026-07-24 05:47:00-04:00,4058.39990234375,371.5400085449219,4059.1258998302264
2026-07-24 05:48:00-04:00,4057.89990234375,371.5400085449219,4058.8758998302264
2026-07-24 05:49:00-04:00,4058.10009765625,371.5400085449219,4058.9759974864764
2026-07-24 05:50:00-04:00,4057.699951171875,371.5400085449219,4058.775924244289
2026-07-24 05:51:00-04:00,4057.699951171875,371.5400085449219,4058.775924244289
2026-07-24 05:52:00-04:00,4059.699951171875,371.5400085449219,4059.775924244289
2026-07-24 05:53:00-04:00,4061.0,371.5400085449219,4060.4259486583514
2026-07-24 05:54:00-04:00,4060.89990234375,371.5400085449219,4060.3758998302264
2026-07-24 05:55:00-04:00,4061.300048828125,371.5400085449219,4060.575973072414
2026-07-24 05:56:00-04:00,4062.10009765625,371.5400085449219,4060.9759974864764
2026-07-24 05:57:00-04:00,4061.5,371.5400085449219,4060.6759486583514
2026-07-24 05:58:00-04:00,4062.10009765625,371.5400085449219,4060.9759974864764
2026-07-24 05:59:00-04:00,4062.60009765625,371.5400085449219,4061.2259974864764
2026-07-24 06:00:00-04:00,4062.199951171875,371.5400085449219,4061.025924244289
2026-07-24 06:01:00-04:00,4061.800048828125,371.5400085449219,4060.825973072414
2026-07-24 06:02:00-04:00,4061.89990234375,371.5400085449219,4060.8758998302264
2026-07-24 06:03:00-04:00,4062.699951171875,371.5400085449219,4061.275924244289
2026-07-24 06:04:00-04:00,4062.5,371.5400085449219,4061.1759486583514
2026-07-24 06:05:00-04:00,4062.5,371.5400085449219,4061.1759486583514
2026-07-24 06:06:00-04:00,4062.199951171875,371.5400085449219,4061.025924244289
2026-07-24 06:07:00-04:00,4062.0,371.5400085449219,4060.9259486583514
2026-07-24 06:08:00-04:00,4062.60009765625,371.5400085449219,4061.2259974864764
2026-07-24 06:09:00-04:00,4063.0,371.5400085449219,4061.4259486583514
2026-07-24 06:10:00-04:00,4061.699951171875,371.5400085449219,4060.775924244289
2026-07-24 06:11:00-04:00,4062.10009765625,371.5400085449219,4060.9759974864764
2026-07-24 06:12:00-04:00,4061.199951171875,371.5400085449219,4060.525924244289
2026-07-24 06:13:00-04:00,4061.300048828125,371.5400085449219,4060.575973072414
2026-07-24 06:14:00-04:00,4061.10009765625,371.5400085449219,4060.4759974864764
2026-07-24 06:15:00-04:00,4062.0,371.5400085449219,4060.9259486583514
2026-07-24 06:16:00-04:00,4062.199951171875,371.5400085449219,4061.025924244289
2026-07-24 06:17:00-04:00,4063.5,371.5400085449219,4061.6759486583514
2026-07-24 06:18:00-04:00,4063.10009765625,371.5400085449219,4061.4759974864764
2026-07-24 06:19:00-04:00,4062.199951171875,371.5400085449219,4061.025924244289
2026-07-24 06:20:00-04:00,4062.300048828125,371.5400085449219,4061.075973072414
2026-07-24 06:21:00-04:00,4062.0,371.5400085449219,4060.9259486583514
2026-07-24 06:22:00-04:00,4063.300048828125,371.5400085449219,4061.575973072414
2026-07-24 06:23:00-04:00,4063.800048828125,371.5400085449219,4061.825973072414
2026-07-24 06:24:00-04:00,4063.10009765625,371.5400085449219,4061.4759974864764
2026-07-24 06:25:00-04:00,4062.60009765625,371.5400085449219,4061.2259974864764
2026-07-24 06:26:00-04:00,4063.5,371.5400085449219,4061.6759486583514
2026-07-24 06:27:00-04:00,4066.199951171875,371.5400085449219,4063.025924244289
2026-07-24 06:28:00-04:00,4066.10009765625,371.5400085449219,4062.9759974864764
2026-07-24 06:29:00-04:00,4064.5,371.5400085449219,4062.1759486583514
2026-07-24 06:30:00-04:00,4066.199951171875,371.5400085449219,4063.025924244289
2026-07-24 06:31:00-04:00,4066.39990234375,371.5400085449219,4063.1258998302264
2026-07-24 06:32:00-04:00,4066.199951171875,371.5400085449219,4063.025924244289
2026-07-24 06:33:00-04:00,4065.10009765625,371.5400085449219,4062.4759974864764
2026-07-24 06:34:00-04:00,4064.199951171875,371.5400085449219,4062.025924244289
2026-07-24 06:35:00-04:00,4063.89990234375,371.5400085449219,4061.8758998302264
2026-07-24 06:36:00-04:00,4063.89990234375,371.5400085449219,4061.8758998302264
2026-07-24 06:37:00-04:00,4064.199951171875,371.5400085449219,4062.025924244289
2026-07-24 06:38:00-04:00,4063.699951171875,371.5400085449219,4061.775924244289
2026-07-24 06:39:00-04:00,4062.5,371.5400085449219,4061.1759486583514
2026-07-24 06:40:00-04:00,4062.10009765625,371.5400085449219,4060.9759974864764
2026-07-24 06:41:00-04:00,4062.10009765625,371.5400085449219,4060.9759974864764
2026-07-24 06:42:00-04:00,4061.800048828125,371.5400085449219,4060.825973072414
2026-07-24 06:43:00-04:00,4061.60009765625,371.5400085449219,4060.7259974864764
2026-07-24 06:44:00-04:00,4061.10009765625,371.5400085449219,4060.4759974864764
2026-07-24 06:45:00-04:00,4061.800048828125,371.5400085449219,4060.825973072414
2026-07-24 06:46:00-04:00,4061.10009765625,371.5400085449219,4060.4759974864764
2026-07-24 06:47:00-04:00,4061.800048828125,371.5400085449219,4060.825973072414
2026-07-24 06:48:00-04:00,4060.60009765625,371.5400085449219,4060.2259974864764
2026-07-24 06:49:00-04:00,4061.60009765625,371.5400085449219,4060.7259974864764
2026-07-24 06:50:00-04:00,4061.39990234375,371.5400085449219,4060.6258998302264
2026-07-24 06:51:00-04:00,4061.699951171875,371.5400085449219,4060.775924244289
2026-07-24 06:52:00-04:00,4061.5,371.5400085449219,4060.6759486583514
2026-07-24 06:53:00-04:00,4059.60009765625,371.5400085449219,4059.7259974864764
2026-07-24 06:54:00-04:00,4060.199951171875,371.5400085449219,4060.025924244289
2026-07-24 06:55:00-04:00,4061.0,371.5400085449219,4060.4259486583514
2026-07-24 06:56:00-04:00,4061.0,371.5400085449219,4060.4259486583514
2026-07-24 06:57:00-04:00,4061.89990234375,371.5400085449219,4060.8758998302264
2026-07-24 06:58:00-04:00,4062.5,371.5400085449219,4061.1759486583514
2026-07-24 06:59:00-04:00,4062.199951171875,371.5400085449219,4061.025924244289
2026-07-24 07:00:00-04:00,4061.10009765625,371.5400085449219,4060.4759974864764
2026-07-24 07:01:00-04:00,4063.0,371.5400085449219,4061.4259486583514
2026-07-24 07:02:00-04:00,4061.800048828125,371.5400085449219,4060.825973072414
2026-07-24 07:03:00-04:00,4064.800048828125,371.5400085449219,4062.325973072414
2026-07-24 07:04:00-04:00,4064.60009765625,371.5400085449219,4062.2259974864764
2026-07-24 07:05:00-04:00,4065.0,371.5400085449219,4062.4259486583514
2026-07-24 07:06:00-04:00,4064.10009765625,371.5400085449219,4061.9759974864764
2026-07-24 07:07:00-04:00,4063.60009765625,371.5400085449219,4061.7259974864764
2026-07-24 07:08:00-04:00,4063.300048828125,371.5400085449219,4061.575973072414
2026-07-24 07:09:00-04:00,4063.60009765625,371.5400085449219,4061.7259974864764
2026-07-24 07:10:00-04:00,4063.0,371.5400085449219,4061.4259486583514
2026-07-24 07:11:00-04:00,4063.199951171875,371.5400085449219,4061.525924244289
2026-07-24 07:12:00-04:00,4063.10009765625,371.5400085449219,4061.4759974864764
2026-07-24 07:13:00-04:00,4062.89990234375,371.5400085449219,4061.3758998302264
2026-07-24 07:14:00-04:00,4063.5,371.5400085449219,4061.6759486583514
2026-07-24 07:15:00-04:00,4064.0,371.5400085449219,4061.9259486583514
2026-07-24 07:16:00-04:00,4063.60009765625,371.5400085449219,4061.7259974864764
2026-07-24 07:17:00-04:00,4063.300048828125,371.5400085449219,4061.575973072414
2026-07-24 07:18:00-04:00,4063.199951171875,371.5400085449219,4061.525924244289
2026-07-24 07:19:00-04:00,4063.800048828125,371.5400085449219,4061.825973072414
2026-07-24 07:20:00-04:00,4062.800048828125,371.5400085449219,4061.325973072414
2026-07-24 07:21:00-04:00,4063.10009765625,371.5400085449219,4061.4759974864764
2026-07-24 07:22:00-04:00,4063.10009765625,371.5400085449219,4061.4759974864764
2026-07-24 07:23:00-04:00,4064.0,371.5400085449219,4061.9259486583514
2026-07-24 07:24:00-04:00,4063.89990234375,371.5400085449219,4061.8758998302264
2026-07-24 07:25:00-04:00,4063.199951171875,371.5400085449219,4061.525924244289
2026-07-24 07:26:00-04:00,4061.699951171875,371.5400085449219,4060.775924244289
2026-07-24 07:27:00-04:00,4061.699951171875,371.5400085449219,4060.775924244289
2026-07-24 07:28:00-04:00,4061.800048828125,371.5400085449219,4060.825973072414
2026-07-24 07:29:00-04:00,4061.60009765625,371.5400085449219,4060.7259974864764
2026-07-24 07:30:00-04:00,4060.800048828125,371.5400085449219,4060.325973072414
2026-07-24 07:31:00-04:00,4060.89990234375,371.5400085449219,4060.3758998302264
2026-07-24 07:32:00-04:00,4062.5,371.5400085449219,4061.1759486583514
2026-07-24 07:33:00-04:00,4062.199951171875,371.5400085449219,4061.025924244289
2026-07-24 07:34:00-04:00,4062.0,371.5400085449219,4060.9259486583514
2026-07-24 07:35:00-04:00,4060.699951171875,371.5400085449219,4060.275924244289
2026-07-24 07:36:00-04:00,4062.0,371.5400085449219,4060.9259486583514
2026-07-24 07:37:00-04:00,4060.699951171875,371.5400085449219,4060.275924244289
2026-07-24 07:38:00-04:00,4059.60009765625,371.5400085449219,4059.7259974864764
2026-07-24 07:39:00-04:00,4059.39990234375,371.5400085449219,4059.6258998302264
2026-07-24 07:40:00-04:00,4059.199951171875,371.5400085449219,4059.525924244289
2026-07-24 07:41:00-04:00,4059.5,371.5400085449219,4059.6759486583514
2026-07-24 07:42:00-04:00,4058.800048828125,371.5400085449219,4059.325973072414
2026-07-24 07:43:00-04:00,4057.800048828125,371.5400085449219,4058.825973072414
2026-07-24 07:44:00-04:00,4057.5,371.5400085449219,4058.6759486583514
2026-07-24 07:45:00-04:00,4058.800048828125,371.5400085449219,4059.325973072414
2026-07-24 07:46:00-04:00,4057.5,371.5400085449219,4058.6759486583514
2026-07-24 07:47:00-04:00,4057.699951171875,371.5400085449219,4058.775924244289
2026-07-24 07:48:00-04:00,4056.300048828125,371.5400085449219,4058.075973072414
2026-07-24 07:49:00-04:00,4057.39990234375,371.5400085449219,4058.6258998302264
2026-07-24 07:50:00-04:00,4056.199951171875,371.5400085449219,4058.025924244289
2026-07-24 07:51:00-04:00,4056.699951171875,371.5400085449219,4058.275924244289
2026-07-24 07:52:00-04:00,4055.699951171875,371.5400085449219,4057.775924244289
2026-07-24 07:53:00-04:00,4055.199951171875,371.5400085449219,4057.525924244289
2026-07-24 07:54:00-04:00,4054.60009765625,371.5400085449219,4057.2259974864764
2026-07-24 07:55:00-04:00,4054.800048828125,371.5400085449219,4057.325973072414
2026-07-24 07:56:00-04:00,4054.300048828125,371.5400085449219,4057.075973072414
2026-07-24 07:57:00-04:00,4053.699951171875,371.5400085449219,4056.775924244289
2026-07-24 07:58:00-04:00,4059.800048828125,371.5400085449219,4059.825973072414
2026-07-24 07:59:00-04:00,4060.199951171875,371.5400085449219,4060.025924244289
2026-07-24 08:00:00-04:00,4059.60009765625,371.5400085449219,4059.7259974864764
2026-07-24 08:01:00-04:00,4056.10009765625,371.5400085449219,4057.9759974864764
2026-07-24 08:02:00-04:00,4055.60009765625,371.5400085449219,4057.7259974864764
2026-07-24 08:03:00-04:00,4056.699951171875,371.5400085449219,4058.275924244289
2026-07-24 08:04:00-04:00,4056.10009765625,371.5400085449219,4057.9759974864764
2026-07-24 08:05:00-04:00,4055.800048828125,371.5400085449219,4057.825973072414
2026-07-24 08:06:00-04:00,4057.10009765625,371.5400085449219,4058.4759974864764
2026-07-24 08:07:00-04:00,4057.89990234375,371.5400085449219,4058.8758998302264
2026-07-24 08:08:00-04:00,4058.699951171875,371.5400085449219,4059.275924244289
2026-07-24 08:09:00-04:00,4059.5,371.5400085449219,4059.6759486583514
2026-07-24 08:10:00-04:00,4058.5,371.5400085449219,4059.1759486583514
2026-07-24 08:11:00-04:00,4059.10009765625,371.5400085449219,4059.4759974864764
2026-07-24 08:12:00-04:00,4058.60009765625,371.5400085449219,4059.2259974864764
2026-07-24 08:13:00-04:00,4058.300048828125,371.5400085449219,4059.075973072414
2026-07-24 08:14:00-04:00,4059.300048828125,371.5400085449219,4059.575973072414
2026-07-24 08:15:00-04:00,4058.699951171875,371.5400085449219,4059.275924244289
2026-07-24 08:16:00-04:00,4059.800048828125,371.5400085449219,4059.825973072414
2026-07-24 08:17:00-04:00,4059.300048828125,371.5400085449219,4059.575973072414
2026-07-24 08:18:00-04:00,4059.199951171875,371.5400085449219,4059.525924244289
2026-07-24 08:19:00-04:00,4059.5,371.5400085449219,4059.6759486583514
2026-07-24 08:20:00-04:00,4058.199951171875,371.5400085449219,4059.025924244289
2026-07-24 08:21:00-04:00,4058.10009765625,371.5400085449219,4058.9759974864764
2026-07-24 08:22:00-04:00,4058.39990234375,371.5400085449219,4059.1258998302264
2026-07-24 08:23:00-04:00,4060.199951171875,371.5400085449219,4060.025924244289
2026-07-24 08:24:00-04:00,4060.89990234375,371.5400085449219,4060.3758998302264
2026-07-24 08:25:00-04:00,4060.89990234375,371.5400085449219,4060.3758998302264
2026-07-24 08:26:00-04:00,4060.5,371.5400085449219,4060.1759486583514
2026-07-24 08:27:00-04:00,4062.300048828125,371.5400085449219,4061.075973072414
2026-07-24 08:28:00-04:00,4062.0,371.5400085449219,4060.9259486583514
2026-07-24 08:29:00-04:00,4062.10009765625,371.5400085449219,4060.9759974864764
2026-07-24 08:30:00-04:00,4061.699951171875,371.5400085449219,4060.775924244289
2026-07-24 08:31:00-04:00,4059.199951171875,371.5400085449219,4059.525924244289
2026-07-24 08:32:00-04:00,4060.199951171875,371.5400085449219,4060.025924244289
2026-07-24 08:33:00-04:00,4060.199951171875,371.5400085449219,4060.025924244289
2026-07-24 08:34:00-04:00,4060.0,371.5400085449219,4059.9259486583514
2026-07-24 08:35:00-04:00,4060.800048828125,371.5400085449219,4060.325973072414
2026-07-24 08:36:00-04:00,4059.5,371.5400085449219,4059.6759486583514
2026-07-24 08:37:00-04:00,4059.60009765625,371.5400085449219,4059.7259974864764
2026-07-24 08:38:00-04:00,4058.199951171875,371.5400085449219,4059.025924244289
2026-07-24 08:39:00-04:00,4058.199951171875,371.5400085449219,4059.025924244289
2026-07-24 08:40:00-04:00,4058.699951171875,371.5400085449219,4059.275924244289
2026-07-24 08:41:00-04:00,4055.5,371.5400085449219,4057.6759486583514
2026-07-24 08:42:00-04:00,4055.699951171875,371.5400085449219,4057.775924244289
2026-07-24 08:43:00-04:00,4056.199951171875,371.5400085449219,4058.025924244289
2026-07-24 08:44:00-04:00,4057.60009765625,371.5400085449219,4058.7259974864764
2026-07-24 08:45:00-04:00,4058.5,371.5400085449219,4059.1759486583514
2026-07-24 08:46:00-04:00,4056.0,371.5400085449219,4057.9259486583514
2026-07-24 08:47:00-04:00,4054.800048828125,371.5400085449219,4057.325973072414
2026-07-24 08:48:00-04:00,4056.199951171875,371.5400085449219,4058.025924244289
2026-07-24 08:49:00-04:00,4056.699951171875,371.5400085449219,4058.275924244289
2026-07-24 08:50:00-04:00,4056.89990234375,371.5400085449219,4058.3758998302264
2026-07-24 08:51:00-04:00,4057.199951171875,371.5400085449219,4058.525924244289
2026-07-24 08:52:00-04:00,4057.699951171875,371.5400085449219,4058.775924244289
2026-07-24 08:53:00-04:00,4058.0,371.5400085449219,4058.9259486583514
2026-07-24 08:54:00-04:00,4057.60009765625,371.5400085449219,4058.7259974864764
2026-07-24 08:55:00-04:00,4056.699951171875,371.5400085449219,4058.275924244289
2026-07-24 08:56:00-04:00,4054.800048828125,371.5400085449219,4057.325973072414
2026-07-24 08:57:00-04:00,4055.0,371.5400085449219,4057.4259486583514
2026-07-24 08:58:00-04:00,4055.699951171875,371.5400085449219,4057.775924244289
2026-07-24 08:59:00-04:00,4058.5,371.5400085449219,4059.1759486583514
2026-07-24 09:00:00-04:00,4058.5,371.5400085449219,4059.1759486583514
2026-07-24 09:01:00-04:00,4055.89990234375,371.5400085449219,4057.8758998302264
2026-07-24 09:02:00-04:00,4056.60009765625,371.5400085449219,4058.2259974864764
2026-07-24 09:03:00-04:00,4055.60009765625,371.5400085449219,4057.7259974864764
2026-07-24 09:04:00-04:00,4054.800048828125,371.5400085449219,4057.325973072414
2026-07-24 09:05:00-04:00,4053.10009765625,371.5400085449219,4056.4759974864764
2026-07-24 09:06:00-04:00,4051.5,371.5400085449219,4055.6759486583514
2026-07-24 09:07:00-04:00,4050.60009765625,371.5400085449219,4055.2259974864764
2026-07-24 09:08:00-04:00,4050.10009765625,371.5400085449219,4054.9759974864764
2026-07-24 09:09:00-04:00,4049.0,371.5400085449219,4054.4259486583514
2026-07-24 09:10:00-04:00,4049.60009765625,371.5400085449219,4054.7259974864764
2026-07-24 09:11:00-04:00,4049.60009765625,371.5400085449219,4054.7259974864764
2026-07-24 09:12:00-04:00,4051.800048828125,371.5400085449219,4055.825973072414
2026-07-24 09:13:00-04:00,4050.39990234375,371.5400085449219,4055.1258998302264
2026-07-24 09:14:00-04:00,4050.60009765625,371.5400085449219,4055.2259974864764
2026-07-24 09:15:00-04:00,4048.60009765625,371.5400085449219,4054.2259974864764
2026-07-24 09:16:00-04:00,4048.60009765625,371.5400085449219,4054.2259974864764
2026-07-24 09:17:00-04:00,4048.60009765625,371.5400085449219,4054.2259974864764
2026-07-24 09:18:00-04:00,4047.39990234375,371.5400085449219,4053.6258998302264
2026-07-24 09:19:00-04:00,4048.300048828125,371.5400085449219,4054.075973072414
2026-07-24 09:20:00-04:00,4048.699951171875,371.5400085449219,4054.275924244289
2026-07-24 09:21:00-04:00,4050.199951171875,371.5400085449219,4055.025924244289
2026-07-24 09:22:00-04:00,4049.699951171875,371.5400085449219,4054.775924244289
2026-07-24 09:23:00-04:00,4050.199951171875,371.5400085449219,4055.025924244289
2026-07-24 09:24:00-04:00,4048.800048828125,371.5400085449219,4054.325973072414
2026-07-24 09:25:00-04:00,4049.0,371.5400085449219,4054.4259486583514
2026-07-24 09:26:00-04:00,4049.10009765625,371.5400085449219,4054.4759974864764
2026-07-24 09:27:00-04:00,4050.800048828125,371.5400085449219,4055.325973072414
2026-07-24 09:28:00-04:00,4050.300048828125,371.5400085449219,4055.075973072414
2026-07-24 09:29:00-04:00,4048.800048828125,371.5400085449219,4054.325973072414
2026-07-24 09:30:00-04:00,4049.10009765625,371.239990234375,4052.836833628897
2026-07-24 09:31:00-04:00,4051.800048828125,371.46270751953125,4055.4036353599486
2026-07-24 09:32:00-04:00,4050.0,371.2950134277344,4053.5874065518874
2026-07-24 09:33:00-04:00,4052.199951171875,371.489990234375,4055.752646900929
2026-07-24 09:34:00-04:00,4051.60009765625,371.4700012207031,4055.3435092462887
2026-07-24 09:35:00-04:00,4054.5,371.7099914550781,4058.104658116873
2026-07-24 09:36:00-04:00,4054.0,371.67999267578125,4057.690758404534
2026-07-24 09:37:00-04:00,4057.300048828125,371.9800109863281,4060.9799466761765
2026-07-24 09:38:00-04:00,4057.800048828125,372.07000732421875,4061.7216458131925
2026-07-24 09:39:00-04:00,4058.60009765625,372.125,4062.4221252441766
2026-07-24 09:40:00-04:00,4056.800048828125,371.94000244140625,4060.511358148327
2026-07-24 09:41:00-04:00,4056.199951171875,371.9200134277344,4060.102098423374
2026-07-24 09:42:00-04:00,4053.89990234375,371.7099914550781,4057.804609288748
2026-07-24 09:43:00-04:00,4054.0,371.7099914550781,4057.854658116873
2026-07-24 09:44:00-04:00,4054.39990234375,371.71099853515625,4058.0601115171376
2026-07-24 09:45:00-04:00,4054.89990234375,371.7900085449219,4058.741786344446
2026-07-24 09:46:00-04:00,4058.199951171875,372.010009765625,4061.59379756039
2026-07-24 09:47:00-04:00,4058.39990234375,372.05999755859375,4061.966883755494
2026-07-24 09:48:00-04:00,4061.89990234375,372.42999267578125,4065.738369119068
2026-07-24 09:49:00-04:00,4060.800048828125,372.2749938964844,4064.341599391807
2026-07-24 09:50:00-04:00,4061.199951171875,372.30999755859375,4064.7327946837763
2026-07-24 09:51:00-04:00,4058.800048828125,372.1199951171875,4062.4947564223585
2026-07-24 09:52:00-04:00,4061.10009765625,372.29998779296875,4064.628179110453
2026-07-24 09:53:00-04:00,4060.5,372.239990234375,4064.0003308576506
2026-07-24 09:54:00-04:00,4062.300048828125,372.44989013671875,4066.047153055503
2026-07-24 09:55:00-04:00,4060.699951171875,372.260009765625,4064.20968407461
2026-07-24 09:56:00-04:00,4062.89990234375,372.4700012207031,4066.4569576469175
2026-07-24 09:57:00-04:00,4062.39990234375,372.4100036621094,4065.87915822224
2026-07-24 09:58:00-04:00,4069.0,373.0199890136719,4072.511890112649
2026-07-24 09:59:00-04:00,4070.0,373.1199951171875,4073.5582780651753
2026-07-24 10:00:00-04:00,4073.0,373.3800048828125,4076.478853394906
2026-07-24 10:01:00-04:00,4069.0,372.94500732421875,4072.1022241988985
2026-07-24 10:02:00-04:00,4069.300048828125,373.07000732421875,4072.9351918700713
2026-07-24 10:03:00-04:00,4067.89990234375,372.9599914550781,4071.6340418598465
2026-07-24 10:04:00-04:00,4065.5,372.7300109863281,4069.177581804773
2026-07-24 10:05:00-04:00,4066.5,372.79998779296875,4070.0599033107674
2026-07-24 10:06:00-04:00,4063.39990234375,372.5199890136719,4066.9800682560845
2026-07-24 10:07:00-04:00,4061.0,372.32000732421875,4064.6875079133497
2026-07-24 10:08:00-04:00,4062.0,372.385009765625,4065.542651745782
2026-07-24 10:09:00-04:00,4065.5,372.70880126953125,4069.0617015402
2026-07-24 10:10:00-04:00,4064.89990234375,372.70880126953125,4068.761652712075
2026-07-24 10:11:00-04:00,4064.199951171875,372.6199951171875,4067.926480622673
2026-07-24 10:12:00-04:00,4062.300048828125,372.42999267578125,4065.9384423612555
2026-07-24 10:13:00-04:00,4063.10009765625,372.4800109863281,4066.6117441186784
2026-07-24 10:14:00-04:00,4061.699951171875,372.3800048828125,4065.3652829239645
2026-07-24 10:15:00-04:00,4061.699951171875,372.3699951171875,4065.310594108453
2026-07-24 10:16:00-04:00,4061.699951171875,372.3699951171875,4065.310594108453
2026-07-24 10:17:00-04:00,4061.699951171875,372.2349853515625,4064.572962035833
2026-07-24 10:18:00-04:00,4061.699951171875,372.19000244140625,4064.327195834422
2026-07-24 10:19:00-04:00,4061.699951171875,372.2799987792969,4064.8188949714377
2026-07-24 10:20:00-04:00,4061.699951171875,372.3699035644531,4065.3100939058727
2026-07-24 10:21:00-04:00,4063.800048828125,372.5899963378906,4067.5626297384597
2026-07-24 10:22:00-04:00,4064.300048828125,372.6700134277344,4068.2498067941583
2026-07-24 10:23:00-04:00,4065.199951171875,372.7200012207031,4068.9728685751998
2026-07-24 10:24:00-04:00,4067.39990234375,372.8299865722656,4070.673754194981
2026-07-24 10:25:00-04:00,4069.0,373.0299987792969,4072.5665789281593
2026-07-24 10:26:00-04:00,4071.39990234375,373.2749938964844,4075.1050722064983
2026-07-24 10:27:00-04:00,4068.60009765625,372.989990234375,4072.1480392284348
2026-07-24 10:28:00-04:00,4068.60009765625,372.989990234375,4072.1480392284348
2026-07-24 10:29:00-04:00,4068.89990234375,373.04998779296875,4072.625740996862
2026-07-24 10:30:00-04:00,4068.5,373.0,4072.1526792158206
2026-07-24 10:31:00-04:00,4069.800048828125,373.1199035644531,4073.457802276657
2026-07-24 10:32:00-04:00,4069.60009765625,373.1199951171875,4073.3583268933003
2026-07-24 10:33:00-04:00,4069.199951171875,373.0400085449219,4072.7212433296077
2026-07-24 10:34:00-04:00,4067.39990234375,372.9599914550781,4071.3840418598465
2026-07-24 10:35:00-04:00,4068.89990234375,373.0199890136719,4072.461841284524
2026-07-24 10:36:00-04:00,4067.10009765625,372.8800048828125,4070.7971291945914
2026-07-24 10:37:00-04:00,4065.39990234375,372.69000244140625,4068.908944448799
2026-07-24 10:38:00-04:00,4064.5,372.6499938964844,4068.2404047490745
2026-07-24 10:39:00-04:00,4063.60009765625,372.5400085449219,4067.1895435433553
2026-07-24 10:40:00-04:00,4064.10009765625,372.55999755859375,4067.5487544401835
2026-07-24 10:41:00-04:00,4064.89990234375,372.6600036621094,4068.49504473646
2026-07-24 10:42:00-04:00,4062.800048828125,372.42999267578125,4066.1884423612555
2026-07-24 10:43:00-04:00,4064.60009765625,372.6200866699219,4068.1270540674413
2026-07-24 10:44:00-04:00,4063.10009765625,372.5093078613281,4066.7718089445634
2026-07-24 10:45:00-04:00,4062.0,372.385009765625,4065.542651745782
2026-07-24 10:46:00-04:00,4064.300048828125,372.57000732421875,4067.703418841632
2026-07-24 10:47:00-04:00,4062.5,372.45001220703125,4066.1477955782148
2026-07-24 10:48:00-04:00,4063.60009765625,372.5398864746094,4067.1888766065813
2026-07-24 10:49:00-04:00,4065.89990234375,372.7538146972656,4069.5075856476797
2026-07-24 10:50:00-04:00,4067.0,372.8500061035156,4070.5831806541273
2026-07-24 10:51:00-04:00,4066.5,372.80499267578125,4070.087247718523
2026-07-24 10:52:00-04:00,4064.199951171875,372.6199951171875,4067.926480622673
2026-07-24 10:53:00-04:00,4064.89990234375,372.70989990234375,4068.767655143046
2026-07-24 10:54:00-04:00,4064.300048828125,372.6099853515625,4067.9218406352875
2026-07-24 10:55:00-04:00,4064.60009765625,372.6205139160156,4068.129388346152
2026-07-24 10:56:00-04:00,4067.10009765625,372.8599853515625,4070.6877515635697
2026-07-24 10:57:00-04:00,4069.0,373.0199890136719,4072.511890112649
2026-07-24 10:58:00-04:00,4068.0,372.9400939941406,4071.5753799937243
2026-07-24 10:59:00-04:00,4066.199951171875,372.7900085449219,4069.855356815388
2026-07-24 11:00:00-04:00,4066.60009765625,372.8699951171875,4070.4924403790806
2026-07-24 11:01:00-04:00,4068.5,373.0199890136719,4072.261890112649
2026-07-24 11:02:00-04:00,4068.5,373.0299987792969,4072.3165789281593
2026-07-24 11:03:00-04:00,4067.60009765625,372.94000244140625,4071.3749286192688
2026-07-24 11:04:00-04:00,4067.89990234375,372.9200134277344,4071.4156200661905
2026-07-24 11:05:00-04:00,4066.89990234375,372.9100036621094,4070.8609312506796
2026-07-24 11:06:00-04:00,4065.60009765625,372.739990234375,4069.282152714215
2026-07-24 11:07:00-04:00,4064.800048828125,372.69000244140625,4068.6090176909865
2026-07-24 11:08:00-04:00,4065.5,372.7250061035156,4069.150237397018
2026-07-24 11:09:00-04:00,4066.5,372.82000732421875,4070.169280941789
2026-07-24 11:10:00-04:00,4073.39990234375,373.45001220703125,4077.0612928069686
2026-07-24 11:11:00-04:00,4072.199951171875,373.3450012207031,4075.8875848607495
2026-07-24 11:12:00-04:00,4069.89990234375,373.1449890136719,4073.6447845416333
2026-07-24 11:13:00-04:00,4072.5,373.3699951171875,4076.174164579395
2026-07-24 11:14:00-04:00,4077.89990234375,373.9100036621094,4081.8244773075585
2026-07-24 11:15:00-04:00,4081.300048828125,374.1700134277344,4084.9451258794766
2026-07-24 11:16:00-04:00,4080.800048828125,374.0700988769531,4084.149238129531
2026-07-24 11:17:00-04:00,4081.60009765625,374.17999267578125,4085.149672374856
2026-07-24 11:18:00-04:00,4082.300048828125,374.20001220703125,4085.609025591815
2026-07-24 11:19:00-04:00,4080.10009765625,374.04998779296875,4083.689384709991
2026-07-24 11:20:00-04:00,4084.699951171875,374.4700012207031,4088.2840741747377
2026-07-24 11:21:00-04:00,4080.300048828125,374.0299987792969,4083.6801493991006
2026-07-24 11:22:00-04:00,4077.60009765625,373.8299865722656,4081.23739790811
2026-07-24 11:23:00-04:00,4077.89990234375,373.8299865722656,4081.38730025186
2026-07-24 11:24:00-04:00,4077.0,373.7699890136719,4080.609549655308
2026-07-24 11:25:00-04:00,4077.199951171875,373.7749938964844,4080.7368696490003
2026-07-24 11:26:00-04:00,4076.199951171875,373.70001220703125,4079.827203735251
2026-07-24 11:27:00-04:00,4077.39990234375,373.739990234375,4080.645601114844
2026-07-24 11:28:00-04:00,4078.60009765625,373.94000244140625,4082.3384746761476
2026-07-24 11:29:00-04:00,4077.89990234375,373.8900146484375,4081.7152664107307
2026-07-24 11:30:00-04:00,4077.199951171875,373.7900085449219,4080.818902872267
2026-07-24 11:31:00-04:00,4079.89990234375,373.989990234375,4083.2614876290636
2026-07-24 11:32:00-04:00,4078.300048828125,373.9200134277344,4082.079239365257
2026-07-24 11:33:00-04:00,4078.199951171875,373.8949890136719,4081.892468498355
2026-07-24 11:34:00-04:00,4077.10009765625,373.7799987792969,4080.7142872989434
2026-07-24 11:35:00-04:00,4076.89990234375,373.80999755859375,4080.778089355032
2026-07-24 11:36:00-04:00,4078.5,373.9200134277344,4082.1792149511944
2026-07-24 11:37:00-04:00,4081.0,374.1134948730469,4084.4863097388106
2026-07-24 11:38:00-04:00,4080.5,374.1199951171875,4084.271824122054
2026-07-24 11:39:00-04:00,4080.89990234375,374.1300048828125,4084.52646410944
2026-07-24 11:40:00-04:00,4082.199951171875,374.25,4085.8320873728567
2026-07-24 11:41:00-04:00,4079.5,374.0199890136719,4083.2254361695277
2026-07-24 11:42:00-04:00,4077.0,373.79998779296875,4080.773449367646
2026-07-24 11:43:00-04:00,4075.39990234375,373.55999755859375,4078.6622028408124
2026-07-24 11:44:00-04:00,4075.10009765625,373.5899963378906,4078.676200209401
2026-07-24 11:45:00-04:00,4075.300048828125,373.6000061035156,4078.830864610849
2026-07-24 11:46:00-04:00,4073.800048828125,373.4800109863281,4077.4252657614948
2026-07-24 11:47:00-04:00,4074.10009765625,373.5199890136719,4077.7937119692133
2026-07-24 11:48:00-04:00,4075.60009765625,373.6199951171875,4079.0900999217397
2026-07-24 11:49:00-04:00,4075.800048828125,373.67999267578125,4079.517874932354
2026-07-24 11:50:00-04:00,4076.800048828125,373.75,4080.4003631725423
2026-07-24 11:51:00-04:00,4077.0,373.7799987792969,4080.6642384708184
2026-07-24 11:52:00-04:00,4077.699951171875,373.80999755859375,4081.1781137690946
2026-07-24 11:53:00-04:00,4078.5,373.9200134277344,4082.1792149511944
2026-07-24 11:54:00-04:00,4078.39990234375,373.8450012207031,4081.7193334751264
2026-07-24 11:55:00-04:00,4079.199951171875,373.9599914550781,4082.747612330788
2026-07-24 11:56:00-04:00,4079.39990234375,374.0,4083.0661764445745
2026-07-24 11:57:00-04:00,4079.10009765625,373.94500732421875,4082.615819083903
2026-07-24 11:58:00-04:00,4079.89990234375,374.0350036621094,4083.507420564669
2026-07-24 11:59:00-04:00,4079.89990234375,374.05999755859375,4083.643975869252
2026-07-24 12:00:00-04:00,4078.300048828125,373.9200134277344,4082.079239365257
2026-07-24 12:01:00-04:00,4079.60009765625,374.0549011230469,4083.4662289151656
2026-07-24 12:02:00-04:00,4078.699951171875,373.95001220703125,4082.4430902494705
2026-07-24 12:03:00-04:00,4079.10009765625,373.9949951171875,4082.8889296930693
2026-07-24 12:04:00-04:00,4079.199951171875,374.0199890136719,4083.075411755465
2026-07-24 12:05:00-04:00,4078.0,373.8699951171875,4081.6559376078344
2026-07-24 12:06:00-04:00,4078.10009765625,373.9200134277344,4081.9792637793194
2026-07-24 12:07:00-04:00,4078.89990234375,374.0199890136719,4082.9253873414027
2026-07-24 12:08:00-04:00,4079.89990234375,374.0462951660156,4083.5691122163116
2026-07-24 12:09:00-04:00,4078.699951171875,373.9700012207031,4082.5523011462983
2026-07-24 12:10:00-04:00,4078.300048828125,373.92999267578125,4082.1337614465738
2026-07-24 12:11:00-04:00,4078.39990234375,373.9100036621094,4082.0744773075585
2026-07-24 12:12:00-04:00,4078.0,373.9049987792969,4081.8471817279283
2026-07-24 12:13:00-04:00,4077.5,373.8299865722656,4081.187349079985
2026-07-24 12:14:00-04:00,4077.5,373.8599853515625,4081.3512487923235
2026-07-24 12:15:00-04:00,4077.89990234375,373.9100036621094,4081.8244773075585
2026-07-24 12:16:00-04:00,4076.5,373.7699890136719,4080.359549655308
2026-07-24 12:17:00-04:00,4077.199951171875,373.82000732421875,4080.9828025846055
2026-07-24 12:18:00-04:00,4077.699951171875,373.8999938964844,4081.6698129061106
2026-07-24 12:19:00-04:00,4077.199951171875,373.8500061035156,4081.1467022969437
2026-07-24 12:20:00-04:00,4077.300048828125,373.8299865722656,4081.0873734940474
2026-07-24 12:21:00-04:00,4077.800048828125,373.8900146484375,4081.665339652918
2026-07-24 12:22:00-04:00,4077.699951171875,373.8999938964844,4081.6698129061106
2026-07-24 12:23:00-04:00,4078.89990234375,373.9849853515625,4082.7341432213084
2026-07-24 12:24:00-04:00,4079.699951171875,374.0199890136719,4083.325411755465
2026-07-24 12:25:00-04:00,4079.89990234375,374.0799865722656,4083.7531867660796
2026-07-24 12:26:00-04:00,4080.10009765625,374.1300048828125,4084.12656176569
2026-07-24 12:27:00-04:00,4079.0,374.0299987792969,4083.030124985038
2026-07-24 12:28:00-04:00,4076.699951171875,373.7699890136719,4080.4595252412455
2026-07-24 12:29:00-04:00,4076.60009765625,373.7593994140625,4080.351741718243
2026-07-24 12:30:00-04:00,4073.89990234375,373.5249938964844,4077.720958720718
2026-07-24 12:31:00-04:00,4075.10009765625,373.6600036621094,4079.0586884495888
2026-07-24 12:32:00-04:00,4075.0,373.639892578125,4078.8987617878615
2026-07-24 12:33:00-04:00,4074.300048828125,373.57159423828125,4078.1756350765795
2026-07-24 12:34:00-04:00,4074.89990234375,373.61029052734375,4078.686980791915
2026-07-24 12:35:00-04:00,4073.800048828125,373.54998779296875,4077.807587267489
2026-07-24 12:36:00-04:00,4073.300048828125,373.4599914550781,4077.0658881304735
2026-07-24 12:37:00-04:00,4072.800048828125,373.3800048828125,4076.3788778089684
2026-07-24 12:38:00-04:00,4070.699951171875,373.2200012207031,4074.454641603639
2026-07-24 12:39:00-04:00,4070.5,373.2300109863281,4074.4093548332125
2026-07-24 12:40:00-04:00,4070.0,373.17999267578125,4073.886077489852
2026-07-24 12:41:00-04:00,4070.0,373.1700134277344,4073.831555408535
2026-07-24 12:42:00-04:00,4070.0,373.1499938964844,4073.722177777514
2026-07-24 12:43:00-04:00,4070.10009765625,373.2099914550781,4074.1000260303163
2026-07-24 12:44:00-04:00,4070.10009765625,373.17999267578125,4073.936126317977
2026-07-24 12:45:00-04:00,4068.699951171875,373.05499267578125,4072.5531098186802
2026-07-24 12:46:00-04:00,4070.0,373.1449890136719,4073.6948333697583
2026-07-24 12:47:00-04:00,4068.800048828125,373.0,4072.302703629883
2026-07-24 12:48:00-04:00,4067.60009765625,372.8999938964844,4071.156340091419
2026-07-24 12:49:00-04:00,4067.699951171875,372.9200134277344,4071.315644480253
2026-07-24 12:50:00-04:00,4067.300048828125,372.9200134277344,4071.115693308378
2026-07-24 12:51:00-04:00,4067.39990234375,372.8599853515625,4070.8376539073197
2026-07-24 12:52:00-04:00,4067.199951171875,372.8999938964844,4070.9562668492317
2026-07-24 12:53:00-04:00,4067.10009765625,372.8900146484375,4070.851818010102
2026-07-24 12:54:00-04:00,4068.10009765625,372.989990234375,4071.8980392284348
2026-07-24 12:55:00-04:00,4068.699951171875,373.05999755859375,4072.5804542264354
2026-07-24 12:56:00-04:00,4068.60009765625,373.0400085449219,4072.421316571795
2026-07-24 12:57:00-04:00,4069.699951171875,373.1300048828125,4073.4629424666236
2026-07-24 12:58:00-04:00,4069.89990234375,373.1300048828125,4073.562918052561
2026-07-24 12:59:00-04:00,4069.5,373.1400146484375,4073.4176556961966
2026-07-24 13:00:00-04:00,4069.5,373.135009765625,4073.3903112884414
2026-07-24 13:01:00-04:00,4070.10009765625,373.17999267578125,4073.936126317977
2026-07-24 13:02:00-04:00,4070.60009765625,373.20001220703125,4074.295503948999
2026-07-24 13:03:00-04:00,4070.5,373.2099914550781,4074.2999772021913
2026-07-24 13:04:00-04:00,4070.199951171875,373.19000244140625,4074.040741891301
2026-07-24 13:05:00-04:00,4068.39990234375,373.010009765625,4072.1573192032065
2026-07-24 13:06:00-04:00,4067.10009765625,372.8900146484375,4070.851818010102
2026-07-24 13:07:00-04:00,4067.5,372.9200134277344,4071.2156688943155
2026-07-24 13:08:00-04:00,4067.89990234375,372.9700012207031,4071.688730675357
2026-07-24 13:09:00-04:00,4068.0,373.0050048828125,4071.930023623576
2026-07-24 13:10:00-04:00,4068.60009765625,373.0104064941406,4072.2595844039733
2026-07-24 13:11:00-04:00,4068.199951171875,372.9800109863281,4071.8934439049303
2026-07-24 13:12:00-04:00,4065.60009765625,372.760009765625,4069.391530345237
2026-07-24 13:13:00-04:00,4066.300048828125,372.82000732421875,4070.0693053558516
2026-07-24 13:14:00-04:00,4066.5,372.8450012207031,4070.305836246372
2026-07-24 13:15:00-04:00,4066.800048828125,372.8699951171875,4070.592415965018
2026-07-24 13:16:00-04:00,4066.60009765625,372.8399963378906,4070.328540666742
2026-07-24 13:17:00-04:00,4067.199951171875,372.8800048828125,4070.847055952404
2026-07-24 13:18:00-04:00,4068.199951171875,372.9949951171875,4071.975310394003
2026-07-24 13:19:00-04:00,4069.300048828125,373.1000061035156,4073.0990915824095
2026-07-24 13:20:00-04:00,4068.800048828125,373.05999755859375,4072.6305030545604
2026-07-24 13:21:00-04:00,4068.699951171875,373.0199890136719,4072.3618656985864
2026-07-24 13:22:00-04:00,4068.89990234375,373.0199890136719,4072.461841284524
2026-07-24 13:23:00-04:00,4068.199951171875,372.94000244140625,4071.6748553770813
2026-07-24 13:24:00-04:00,4071.39990234375,373.2699890136719,4075.0777277987436
2026-07-24 13:25:00-04:00,4070.699951171875,373.1700134277344,4074.1815309944727
2026-07-24 13:26:00-04:00,4071.89990234375,373.2449951171875,4075.19117249416
2026-07-24 13:27:00-04:00,4071.89990234375,373.2799987792969,4075.382416614254
2026-07-24 13:28:00-04:00,4070.800048828125,373.1700134277344,4074.2315798225977
2026-07-24 13:29:00-04:00,4071.300048828125,373.2699890136719,4075.027801040931
2026-07-24 13:30:00-04:00,4072.60009765625,373.3500061035156,4076.1150025106917
2026-07-24 13:31:00-04:00,4072.300048828125,373.3399963378906,4075.910289281119
2026-07-24 13:32:00-04:00,4071.800048828125,373.29998779296875,4075.4417007532693
2026-07-24 13:33:00-04:00,4072.10009765625,373.3299865722656,4075.7556248796704
2026-07-24 13:34:00-04:00,4071.300048828125,373.2699890136719,4075.027801040931
2026-07-24 13:35:00-04:00,4070.699951171875,373.2200012207031,4074.454641603639
2026-07-24 13:36:00-04:00,4071.0,373.239990234375,4074.7138769145295
2026-07-24 13:37:00-04:00,4070.5,373.2200012207031,4074.3546660177017
2026-07-24 13:38:00-04:00,4070.5,373.2099914550781,4074.2999772021913
2026-07-24 13:39:00-04:00,4070.60009765625,373.2099914550781,4074.3500260303163
2026-07-24 13:40:00-04:00,4071.0,373.260009765625,4074.823254545551
2026-07-24 13:41:00-04:00,4070.699951171875,373.19000244140625,4074.290741891301
2026-07-24 13:42:00-04:00,4070.89990234375,373.2200012207031,4074.5546171895767
2026-07-24 13:43:00-04:00,4069.800048828125,373.1300048828125,4073.5129912947486
2026-07-24 13:44:00-04:00,4069.300048828125,373.0799865722656,4072.9897139513882
2026-07-24 13:45:00-04:00,4068.89990234375,373.0201110839844,4072.462508221298
2026-07-24 13:46:00-04:00,4069.300048828125,373.0899963378906,4073.044402766899
2026-07-24 13:47:00-04:00,4068.300048828125,373.0199890136719,4072.1619145267114
2026-07-24 13:48:00-04:00,4068.0,372.9800109863281,4071.793468318993
2026-07-24 13:49:00-04:00,4068.800048828125,373.010009765625,4072.357392445394
2026-07-24 13:50:00-04:00,4068.89990234375,373.1000061035156,4072.899018340222
2026-07-24 13:51:00-04:00,4067.699951171875,373.0299987792969,4071.916554514097
2026-07-24 13:52:00-04:00,4066.5,372.8500061035156,4070.3331806541273
2026-07-24 13:53:00-04:00,4065.800048828125,372.7900085449219,4069.655405643513
2026-07-24 13:54:00-04:00,4066.0,372.7900085449219,4069.7553812294504
2026-07-24 13:55:00-04:00,4067.10009765625,372.9100036621094,4070.9610289069296
2026-07-24 13:56:00-04:00,4067.199951171875,372.9100036621094,4071.010955664742
2026-07-24 13:57:00-04:00,4067.5,372.92999267578125,4071.2701909756324
2026-07-24 13:58:00-04:00,4067.39990234375,372.94000244140625,4071.2748309630188
2026-07-24 13:59:00-04:00,4065.800048828125,372.79998779296875,4069.70992772483
2026-07-24 14:00:00-04:00,4066.39990234375,372.8500061035156,4070.2831318260023
2026-07-24 14:01:00-04:00,4065.800048828125,372.7900085449219,4069.655405643513
2026-07-24 14:02:00-04:00,4065.199951171875,372.75,4069.1367682875384
2026-07-24 14:03:00-04:00,4064.199951171875,372.6449890136719,4068.0630359272564
2026-07-24 14:04:00-04:00,4065.39990234375,372.70001220703125,4068.9636332643095
2026-07-24 14:05:00-04:00,4066.800048828125,372.885009765625,4070.674449188284
2026-07-24 14:06:00-04:00,4065.39990234375,372.7449951171875,4069.2093994657207
2026-07-24 14:07:00-04:00,4065.60009765625,372.7699890136719,4069.446052426554
2026-07-24 14:08:00-04:00,4065.300048828125,372.7699890136719,4069.2960280124917
2026-07-24 14:09:00-04:00,4065.300048828125,372.7699890136719,4069.2960280124917
2026-07-24 14:10:00-04:00,4065.699951171875,372.7799987792969,4069.550667999877
2026-07-24 14:11:00-04:00,4064.89990234375,372.6700134277344,4068.549733551971
2026-07-24 14:12:00-04:00,4065.0,372.7099914550781,4068.818204173752
2026-07-24 14:13:00-04:00,4064.89990234375,372.7099914550781,4068.768155345627
2026-07-24 14:14:00-04:00,4064.0,372.6199951171875,4067.8265050367354
2026-07-24 14:15:00-04:00,4065.300048828125,372.7300109863281,4069.0776062188356
2026-07-24 14:16:00-04:00,4064.89990234375,372.7099914550781,4068.768155345627
2026-07-24 14:17:00-04:00,4064.199951171875,372.6400146484375,4068.0358582536946
2026-07-24 14:18:00-04:00,4063.0,372.54998779296875,4066.9440167965477
2026-07-24 14:19:00-04:00,4062.699951171875,372.510009765625,4066.5755705888296
2026-07-24 14:20:00-04:00,4061.699951171875,372.3599853515625,4065.2559052929428
2026-07-24 14:21:00-04:00,4061.300048828125,372.3900146484375,4065.2200205676
2026-07-24 14:22:00-04:00,4059.60009765625,372.2349853515625,4063.5230352780204
2026-07-24 14:23:00-04:00,4060.5,372.29998779296875,4064.328130282328
2026-07-24 14:24:00-04:00,4059.89990234375,372.2699890136719,4063.8641817418647
2026-07-24 14:25:00-04:00,4058.89990234375,372.1700134277344,4062.8179605235314
2026-07-24 14:26:00-04:00,4058.60009765625,372.1300048828125,4062.4494696519323
2026-07-24 14:27:00-04:00,4058.89990234375,372.1449890136719,4062.6812384847544
2026-07-24 14:28:00-04:00,4058.10009765625,372.05999755859375,4061.816981411744
2026-07-24 14:29:00-04:00,4057.699951171875,372.0400085449219,4061.5076972727284
2026-07-24 14:30:00-04:00,4058.39990234375,372.07000732421875,4062.021572571005
2026-07-24 14:31:00-04:00,4056.5,371.9100036621094,4060.197434021926
2026-07-24 14:32:00-04:00,4056.800048828125,371.9432067871094,4060.528865238658
2026-07-24 14:33:00-04:00,4055.39990234375,371.82000732421875,4059.1556860567853
2026-07-24 14:34:00-04:00,4056.699951171875,371.8865051269531,4060.169024278768
2026-07-24 14:35:00-04:00,4056.699951171875,371.92999267578125,4060.406620504691
2026-07-24 14:36:00-04:00,4057.800048828125,372.0299987792969,4061.503057285343
2026-07-24 14:37:00-04:00,4057.800048828125,372.07000732421875,4061.7216458131925
2026-07-24 14:38:00-04:00,4059.300048828125,372.17999267578125,4063.072555847036
2026-07-24 14:39:00-04:00,4057.89990234375,372.0950012207031,4061.908127875588
2026-07-24 14:40:00-04:00,4057.0,371.9800109863281,4060.829922262114
2026-07-24 14:41:00-04:00,4056.0,371.8900146484375,4059.838223125098
2026-07-24 14:42:00-04:00,4055.39990234375,371.8299865722656,4059.210208138102
2026-07-24 14:43:00-04:00,4053.60009765625,371.7099914550781,4057.654706944998
2026-07-24 14:44:00-04:00,4054.5,371.7699890136719,4058.43245754155
2026-07-24 14:45:00-04:00,4055.800048828125,371.8999938964844,4059.792769620478
2026-07-24 14:46:00-04:00,4056.800048828125,371.989990234375,4060.7844687574934
2026-07-24 14:47:00-04:00,4057.0,372.03228759765625,4061.1155379358024
2026-07-24 14:48:00-04:00,4055.699951171875,371.8999938964844,4059.742720792353
2026-07-24 14:49:00-04:00,4055.800048828125,371.8999938964844,4059.792769620478
2026-07-24 14:50:00-04:00,4056.5,371.9700012207031,4060.525233446603
2026-07-24 14:51:00-04:00,4057.199951171875,372.04998779296875,4061.3122193540457
2026-07-24 14:52:00-04:00,4057.0,372.0,4060.939133158942
2026-07-24 14:53:00-04:00,4057.0,371.989990234375,4060.884444343431
2026-07-24 14:54:00-04:00,4056.60009765625,371.9700012207031,4060.575282274728
2026-07-24 14:55:00-04:00,4057.300048828125,372.0299987792969,4061.253057285343
2026-07-24 14:56:00-04:00,4057.199951171875,372.0209045410156,4061.153321667516
2026-07-24 14:57:00-04:00,4057.300048828125,372.0400085449219,4061.3077461008534
2026-07-24 14:58:00-04:00,4057.199951171875,372.0,4061.0391087448793
2026-07-24 14:59:00-04:00,4056.699951171875,371.99468994140625,4060.7600969951877
2026-07-24 15:00:00-04:00,4054.800048828125,371.80999755859375,4058.801070483462
2026-07-24 15:01:00-04:00,4055.10009765625,371.8299865722656,4059.060305794352
2026-07-24 15:02:00-04:00,4057.60009765625,372.0400085449219,4061.457770514916
2026-07-24 15:03:00-04:00,4058.0,372.05999755859375,4061.766932583619
2026-07-24 15:04:00-04:00,4056.800048828125,371.989990234375,4060.7844687574934
2026-07-24 15:05:00-04:00,4056.89990234375,372.0050048828125,4060.916428738572
2026-07-24 15:06:00-04:00,4055.800048828125,371.8999938964844,4059.792769620478
2026-07-24 15:07:00-04:00,4055.199951171875,371.8699951171875,4059.3288210800138
2026-07-24 15:08:00-04:00,4055.89990234375,371.8999938964844,4059.8426963782904
2026-07-24 15:09:00-04:00,4055.300048828125,371.8399963378906,4059.2149701958006
2026-07-24 15:10:00-04:00,4055.10009765625,371.8349914550781,4059.0876502021074
2026-07-24 15:11:00-04:00,4056.5,371.95001220703125,4060.4160225497753
2026-07-24 15:12:00-04:00,4056.39990234375,371.94000244140625,4060.3112849061395
2026-07-24 15:13:00-04:00,4055.39990234375,371.8699951171875,4059.4287966659513
2026-07-24 15:14:00-04:00,4054.5,371.7900085449219,4058.541835172571
2026-07-24 15:15:00-04:00,4052.60009765625,371.6099853515625,4056.608318992471
2026-07-24 15:16:00-04:00,4053.10009765625,371.6700134277344,4057.186285151342
2026-07-24 15:17:00-04:00,4053.5,371.7099914550781,4057.604658116873
2026-07-24 15:18:00-04:00,4053.5,371.69000244140625,4057.4954472200448
2026-07-24 15:19:00-04:00,4053.199951171875,371.6300048828125,4057.0176233813054
2026-07-24 15:20:00-04:00,4052.39990234375,371.5899963378906,4056.3990104393934
2026-07-24 15:21:00-04:00,4053.10009765625,371.6650085449219,4057.1589407435868
2026-07-24 15:22:00-04:00,4053.0,371.614990234375,4056.835614572102
2026-07-24 15:23:00-04:00,4052.5,371.54998779296875,4056.230470739669
2026-07-24 15:24:00-04:00,4051.800048828125,371.5299987792969,4055.7712842569035
2026-07-24 15:25:00-04:00,4052.60009765625,371.6000061035156,4056.5537969111538
2026-07-24 15:26:00-04:00,4052.60009765625,371.6000061035156,4056.5537969111538
2026-07-24 15:27:00-04:00,4053.0,371.6099853515625,4056.808270164346
2026-07-24 15:28:00-04:00,4053.699951171875,371.67999267578125,4057.5407339904714
2026-07-24 15:29:00-04:00,4053.800048828125,371.69000244140625,4057.6454716341073
2026-07-24 15:30:00-04:00,4054.0,371.7101135253906,4057.855325053647
2026-07-24 15:31:00-04:00,4053.800048828125,371.70989990234375,4057.7541823283545
2026-07-24 15:32:00-04:00,4055.300048828125,371.8299865722656,4059.1602813802897
2026-07-24 15:33:00-04:00,4056.0,371.9200134277344,4060.0021228374367
2026-07-24 15:34:00-04:00,4056.39990234375,371.9200134277344,4060.2020740093117
2026-07-24 15:35:00-04:00,4057.699951171875,372.05999755859375,4061.6169081695566
2026-07-24 15:36:00-04:00,4056.199951171875,371.9299011230469,4060.15612030211
2026-07-24 15:37:00-04:00,4058.0,372.0400085449219,4061.657721686791
2026-07-24 15:38:00-04:00,4058.0,372.0199890136719,4061.5483440557696
2026-07-24 15:39:00-04:00,4057.699951171875,372.0249938964844,4061.4256640494623
2026-07-24 15:40:00-04:00,4060.199951171875,372.260009765625,4063.95968407461
2026-07-24 15:41:00-04:00,4059.10009765625,372.1700134277344,4062.9180581797814
2026-07-24 15:42:00-04:00,4059.800048828125,372.2099914550781,4063.486455559375
2026-07-24 15:43:00-04:00,4059.10009765625,372.19500732421875,4063.0546134843644
2026-07-24 15:44:00-04:00,4059.199951171875,372.1700134277344,4062.967984937594
2026-07-24 15:45:00-04:00,4059.5,372.20001220703125,4063.281909063995
2026-07-24 15:46:00-04:00,4058.10009765625,372.0849914550781,4061.953536716327
2026-07-24 15:47:00-04:00,4058.199951171875,372.0400085449219,4061.7576972727284
2026-07-24 15:48:00-04:00,4057.5,372.0299987792969,4061.3530328712804
2026-07-24 15:49:00-04:00,4057.5,371.9999084472656,4061.188632956361
2026-07-24 15:50:00-04:00,4056.5,371.8900146484375,4060.088223125098
2026-07-24 15:51:00-04:00,4056.89990234375,371.94000244140625,4060.5612849061395
2026-07-24 15:52:00-04:00,4056.5,371.92999267578125,4060.3066449187536
2026-07-24 15:53:00-04:00,4057.5,372.0400085449219,4061.407721686791
2026-07-24 15:54:00-04:00,4058.0,372.0199890136719,4061.5483440557696
2026-07-24 15:55:00-04:00,4056.39990234375,371.8898010253906,4060.0370071576176
2026-07-24 15:56:00-04:00,4055.699951171875,371.7900085449219,4059.1418107585087
2026-07-24 15:57:00-04:00,4055.39990234375,371.80999755859375,4059.1009972412744
2026-07-24 15:58:00-04:00,4056.0,371.8800048828125,4059.7835343095876
2026-07-24 15:59:00-04:00,4056.10009765625,371.8999938964844,4059.9427940345404
2026-07-24 16:00:00-04:00,4056.0,371.8999938964844,4059.8927452064154
2026-07-24 16:01:00-04:00,4057.39990234375,371.8999938964844,4060.5926963782904
2026-07-24 16:02:00-04:00,4057.300048828125,371.8999938964844,4060.542769620478
2026-07-24 16:03:00-04:00,4056.39990234375,371.8999938964844,4060.0926963782904
2026-07-24 16:04:00-04:00,4056.699951171875,371.8999938964844,4060.242720792353
2026-07-24 16:05:00-04:00,4056.60009765625,371.8999938964844,4060.1927940345404
2026-07-24 16:06:00-04:00,4056.199951171875,371.8999938964844,4059.992720792353
2026-07-24 16:07:00-04:00,4055.5,371.8999938964844,4059.6427452064154
2026-07-24 16:08:00-04:00,4055.300048828125,371.8999938964844,4059.542769620478
2026-07-24 16:09:00-04:00,4055.300048828125,371.8999938964844,4059.542769620478
2026-07-24 16:10:00-04:00,4055.5,371.8999938964844,4059.6427452064154
2026-07-24 16:11:00-04:00,4055.699951171875,371.8999938964844,4059.742720792353
2026-07-24 16:12:00-04:00,4055.800048828125,371.8999938964844,4059.792769620478
2026-07-24 16:13:00-04:00,4055.5,371.8999938964844,4059.6427452064154
2026-07-24 16:14:00-04:00,4054.89990234375,371.8999938964844,4059.3426963782904
2026-07-24 16:15:00-04:00,4054.699951171875,371.8999938964844,4059.242720792353
2026-07-24 16:16:00-04:00,4055.300048828125,371.8999938964844,4059.542769620478
2026-07-24 16:17:00-04:00,4055.10009765625,371.8999938964844,4059.4427940345404
2026-07-24 16:18:00-04:00,4055.0,371.8999938964844,4059.3927452064154
2026-07-24 16:19:00-04:00,4054.89990234375,371.8999938964844,4059.3426963782904
2026-07-24 16:20:00-04:00,4054.5,371.8999938964844,4059.1427452064154
2026-07-24 16:21:00-04:00,4054.5,371.8999938964844,4059.1427452064154
2026-07-24 16:22:00-04:00,4054.5,371.8999938964844,4059.1427452064154
2026-07-24 16:23:00-04:00,4055.39990234375,371.8999938964844,4059.5926963782904
2026-07-24 16:24:00-04:00,4055.699951171875,371.8999938964844,4059.742720792353
2026-07-24 16:25:00-04:00,4056.60009765625,371.8999938964844,4060.1927940345404
2026-07-24 16:26:00-04:00,4056.0,371.8999938964844,4059.8927452064154
2026-07-24 16:27:00-04:00,4056.300048828125,371.8999938964844,4060.042769620478
2026-07-24 16:28:00-04:00,4056.300048828125,371.8999938964844,4060.042769620478
2026-07-24 16:29:00-04:00,4055.89990234375,371.8999938964844,4059.8426963782904
2026-07-24 16:30:00-04:00,4056.0,371.8999938964844,4059.8927452064154
2026-07-24 16:31:00-04:00,4055.800048828125,371.8999938964844,4059.792769620478
2026-07-24 16:32:00-04:00,4056.5,371.8999938964844,4060.1427452064154
2026-07-24 16:33:00-04:00,4056.199951171875,371.8999938964844,4059.992720792353
2026-07-24 16:34:00-04:00,4054.800048828125,371.8999938964844,4059.292769620478
2026-07-24 16:35:00-04:00,4056.800048828125,371.8999938964844,4060.292769620478
2026-07-24 16:36:00-04:00,4056.5,371.8999938964844,4060.1427452064154
2026-07-24 16:37:00-04:00,4056.300048828125,371.8999938964844,4060.042769620478
2026-07-24 16:38:00-04:00,4056.5,371.8999938964844,4060.1427452064154
2026-07-24 16:39:00-04:00,4056.699951171875,371.8999938964844,4060.242720792353
2026-07-24 16:40:00-04:00,4056.300048828125,371.8999938964844,4060.042769620478
2026-07-24 16:41:00-04:00,4057.39990234375,371.8999938964844,4060.5926963782904
2026-07-24 16:42:00-04:00,4057.5,371.8999938964844,4060.6427452064154
2026-07-24 16:43:00-04:00,4057.89990234375,371.8999938964844,4060.8426963782904
2026-07-24 16:44:00-04:00,4057.89990234375,371.8999938964844,4060.8426963782904
2026-07-24 16:45:00-04:00,4057.89990234375,371.8999938964844,4060.8426963782904
2026-07-24 16:46:00-04:00,4058.300048828125,371.8999938964844,4061.042769620478
2026-07-24 16:47:00-04:00,4057.5,371.8999938964844,4060.6427452064154
2026-07-24 16:48:00-04:00,4057.10009765625,371.8999938964844,4060.4427940345404
2026-07-24 16:49:00-04:00,4056.89990234375,371.8999938964844,4060.3426963782904
2026-07-24 16:50:00-04:00,4056.800048828125,371.8999938964844,4060.292769620478
2026-07-24 16:51:00-04:00,4056.39990234375,371.8999938964844,4060.0926963782904
2026-07-24 16:52:00-04:00,4056.300048828125,371.8999938964844,4060.042769620478
2026-07-24 16:53:00-04:00,4056.60009765625,371.8999938964844,4060.1927940345404
2026-07-24 16:54:00-04:00,4056.0,371.8999938964844,4059.8927452064154
2026-07-24 16:55:00-04:00,4054.699951171875,371.8999938964844,4059.242720792353
2026-07-24 16:56:00-04:00,4055.5,371.8999938964844,4059.6427452064154
2026-07-24 16:57:00-04:00,4054.89990234375,371.8999938964844,4059.3426963782904
2026-07-24 16:58:00-04:00,4055.199951171875,371.8999938964844,4059.492720792353
2026-07-24 16:59:00-04:00,4070.800048828125,371.8999938964844,4067.292769620478
